solid OpenSCAD_Model
  facet normal -0.980654 -0.195749 0
    outer loop
      vertex 22.7932 10.1044 1
      vertex 22.7727 10.2071 5
      vertex 22.7727 10.2071 1
    endloop
  endfacet
  facet normal -0.980654 -0.195749 0
    outer loop
      vertex 22.7727 10.2071 5
      vertex 22.7932 10.1044 1
      vertex 22.7932 10.1044 5
    endloop
  endfacet
  facet normal 0.195749 -0.980654 0
    outer loop
      vertex 21.7929 10.7727 1
      vertex 21.8956 10.7932 5
      vertex 21.7929 10.7727 5
    endloop
  endfacet
  facet normal 0.195749 -0.980654 0
    outer loop
      vertex 21.8956 10.7932 5
      vertex 21.7929 10.7727 1
      vertex 21.8956 10.7932 1
    endloop
  endfacet
  facet normal -0.896803 0.442429 0
    outer loop
      vertex 22.6928 9.6 1
      vertex 22.7391 9.69385 5
      vertex 22.7391 9.69385 1
    endloop
  endfacet
  facet normal -0.896803 0.442429 0
    outer loop
      vertex 22.7391 9.69385 5
      vertex 22.6928 9.6 1
      vertex 22.6928 9.6 5
    endloop
  endfacet
  facet normal 0.659194 0.751973 -0
    outer loop
      vertex 21.513 9.36532 1
      vertex 21.4343 9.43431 5
      vertex 21.513 9.36532 5
    endloop
  endfacet
  facet normal 0.659194 0.751973 0
    outer loop
      vertex 21.4343 9.43431 5
      vertex 21.513 9.36532 1
      vertex 21.4343 9.43431 1
    endloop
  endfacet
  facet normal -0.831638 0.555318 0
    outer loop
      vertex 22.6347 9.51299 1
      vertex 22.6928 9.6 5
      vertex 22.6928 9.6 1
    endloop
  endfacet
  facet normal -0.831638 0.555318 0
    outer loop
      vertex 22.6928 9.6 5
      vertex 22.6347 9.51299 1
      vertex 22.6347 9.51299 5
    endloop
  endfacet
  facet normal 0.0649964 -0.997886 0
    outer loop
      vertex 21.8956 10.7932 1
      vertex 22 10.8 5
      vertex 21.8956 10.7932 5
    endloop
  endfacet
  facet normal 0.0649964 -0.997886 0
    outer loop
      vertex 22 10.8 5
      vertex 21.8956 10.7932 1
      vertex 22 10.8 1
    endloop
  endfacet
  facet normal 0.751842 0.659343 0
    outer loop
      vertex 21.4343 9.43431 5
      vertex 21.3653 9.51299 1
      vertex 21.3653 9.51299 5
    endloop
  endfacet
  facet normal 0.751842 0.659343 0
    outer loop
      vertex 21.3653 9.51299 1
      vertex 21.4343 9.43431 5
      vertex 21.4343 9.43431 1
    endloop
  endfacet
  facet normal 0.980654 -0.195749 0
    outer loop
      vertex 21.2068 10.1044 5
      vertex 21.2273 10.2071 1
      vertex 21.2273 10.2071 5
    endloop
  endfacet
  facet normal 0.980654 -0.195749 0
    outer loop
      vertex 21.2273 10.2071 1
      vertex 21.2068 10.1044 5
      vertex 21.2068 10.1044 1
    endloop
  endfacet
  facet normal 0.896803 0.442429 0
    outer loop
      vertex 21.3072 9.6 5
      vertex 21.2609 9.69385 1
      vertex 21.2609 9.69385 5
    endloop
  endfacet
  facet normal 0.896803 0.442429 0
    outer loop
      vertex 21.2609 9.69385 1
      vertex 21.3072 9.6 5
      vertex 21.3072 9.6 1
    endloop
  endfacet
  facet normal -0.896897 -0.44224 0
    outer loop
      vertex 22.7391 10.3061 1
      vertex 22.6928 10.4 5
      vertex 22.6928 10.4 1
    endloop
  endfacet
  facet normal -0.896897 -0.44224 0
    outer loop
      vertex 22.6928 10.4 5
      vertex 22.7391 10.3061 1
      vertex 22.7391 10.3061 5
    endloop
  endfacet
  facet normal 0.555362 -0.831609 0
    outer loop
      vertex 21.513 10.6347 1
      vertex 21.6 10.6928 5
      vertex 21.513 10.6347 5
    endloop
  endfacet
  facet normal 0.555362 -0.831609 0
    outer loop
      vertex 21.6 10.6928 5
      vertex 21.513 10.6347 1
      vertex 21.6 10.6928 1
    endloop
  endfacet
  facet normal 0.997886 0.064984 0
    outer loop
      vertex 21.2068 9.89558 5
      vertex 21.2 10 1
      vertex 21.2 10 5
    endloop
  endfacet
  facet normal 0.997886 0.064984 0
    outer loop
      vertex 21.2 10 1
      vertex 21.2068 9.89558 5
      vertex 21.2068 9.89558 1
    endloop
  endfacet
  facet normal 0.980632 0.195859 0
    outer loop
      vertex 21.2273 9.79294 5
      vertex 21.2068 9.89558 1
      vertex 21.2068 9.89558 5
    endloop
  endfacet
  facet normal 0.980632 0.195859 0
    outer loop
      vertex 21.2068 9.89558 1
      vertex 21.2273 9.79294 5
      vertex 21.2273 9.79294 1
    endloop
  endfacet
  facet normal -0.751925 -0.659248 0
    outer loop
      vertex 22.6347 10.487 1
      vertex 22.5657 10.5657 5
      vertex 22.5657 10.5657 1
    endloop
  endfacet
  facet normal -0.751925 -0.659248 0
    outer loop
      vertex 22.5657 10.5657 5
      vertex 22.6347 10.487 1
      vertex 22.6347 10.487 5
    endloop
  endfacet
  facet normal 0.442086 0.896973 -0
    outer loop
      vertex 21.6939 9.2609 1
      vertex 21.6 9.30718 5
      vertex 21.6939 9.2609 5
    endloop
  endfacet
  facet normal 0.442086 0.896973 0
    outer loop
      vertex 21.6 9.30718 5
      vertex 21.6939 9.2609 1
      vertex 21.6 9.30718 1
    endloop
  endfacet
  facet normal -0.947036 0.321126 0
    outer loop
      vertex 22.7391 9.69385 1
      vertex 22.7727 9.79294 5
      vertex 22.7727 9.79294 1
    endloop
  endfacet
  facet normal -0.947036 0.321126 0
    outer loop
      vertex 22.7727 9.79294 5
      vertex 22.7391 9.69385 1
      vertex 22.7391 9.69385 5
    endloop
  endfacet
  facet normal -0.195749 -0.980654 0
    outer loop
      vertex 22.1044 10.7932 1
      vertex 22.2071 10.7727 5
      vertex 22.1044 10.7932 5
    endloop
  endfacet
  facet normal -0.195749 -0.980654 -0
    outer loop
      vertex 22.2071 10.7727 5
      vertex 22.1044 10.7932 1
      vertex 22.2071 10.7727 1
    endloop
  endfacet
  facet normal -0.659248 -0.751925 0
    outer loop
      vertex 22.487 10.6347 1
      vertex 22.5657 10.5657 5
      vertex 22.487 10.6347 5
    endloop
  endfacet
  facet normal -0.659248 -0.751925 -0
    outer loop
      vertex 22.5657 10.5657 5
      vertex 22.487 10.6347 1
      vertex 22.5657 10.5657 1
    endloop
  endfacet
  facet normal -0.997886 -0.0649964 0
    outer loop
      vertex 22.8 10 1
      vertex 22.7932 10.1044 5
      vertex 22.7932 10.1044 1
    endloop
  endfacet
  facet normal -0.997886 -0.0649964 0
    outer loop
      vertex 22.7932 10.1044 5
      vertex 22.8 10 1
      vertex 22.8 10 5
    endloop
  endfacet
  facet normal 0.321731 0.946831 -0
    outer loop
      vertex 21.7929 9.22726 1
      vertex 21.6939 9.2609 5
      vertex 21.7929 9.22726 5
    endloop
  endfacet
  facet normal 0.321731 0.946831 0
    outer loop
      vertex 21.6939 9.2609 5
      vertex 21.7929 9.22726 1
      vertex 21.6939 9.2609 1
    endloop
  endfacet
  facet normal -0.946948 -0.321388 0
    outer loop
      vertex 22.7727 10.2071 1
      vertex 22.7391 10.3061 5
      vertex 22.7391 10.3061 1
    endloop
  endfacet
  facet normal -0.946948 -0.321388 0
    outer loop
      vertex 22.7391 10.3061 5
      vertex 22.7727 10.2071 1
      vertex 22.7727 10.2071 5
    endloop
  endfacet
  facet normal 0.946948 -0.321388 0
    outer loop
      vertex 21.2273 10.2071 5
      vertex 21.2609 10.3061 1
      vertex 21.2609 10.3061 5
    endloop
  endfacet
  facet normal 0.946948 -0.321388 0
    outer loop
      vertex 21.2609 10.3061 1
      vertex 21.2273 10.2071 5
      vertex 21.2273 10.2071 1
    endloop
  endfacet
  facet normal -0.751842 0.659343 0
    outer loop
      vertex 22.5657 9.43431 1
      vertex 22.6347 9.51299 5
      vertex 22.6347 9.51299 1
    endloop
  endfacet
  facet normal -0.751842 0.659343 0
    outer loop
      vertex 22.6347 9.51299 5
      vertex 22.5657 9.43431 1
      vertex 22.5657 9.43431 5
    endloop
  endfacet
  facet normal -0.997886 0.064984 0
    outer loop
      vertex 22.7932 9.89558 1
      vertex 22.8 10 5
      vertex 22.8 10 1
    endloop
  endfacet
  facet normal -0.997886 0.064984 0
    outer loop
      vertex 22.8 10 5
      vertex 22.7932 9.89558 1
      vertex 22.7932 9.89558 5
    endloop
  endfacet
  facet normal 0.195014 0.9808 -0
    outer loop
      vertex 21.8956 9.20684 1
      vertex 21.7929 9.22726 5
      vertex 21.8956 9.20684 5
    endloop
  endfacet
  facet normal 0.195014 0.9808 0
    outer loop
      vertex 21.7929 9.22726 5
      vertex 21.8956 9.20684 1
      vertex 21.7929 9.22726 1
    endloop
  endfacet
  facet normal -0.555626 0.831432 0
    outer loop
      vertex 22.487 9.36532 1
      vertex 22.4 9.30718 5
      vertex 22.487 9.36532 5
    endloop
  endfacet
  facet normal -0.555626 0.831432 0
    outer loop
      vertex 22.4 9.30718 5
      vertex 22.487 9.36532 1
      vertex 22.4 9.30718 1
    endloop
  endfacet
  facet normal -0.831609 -0.555362 0
    outer loop
      vertex 22.6928 10.4 1
      vertex 22.6347 10.487 5
      vertex 22.6347 10.487 1
    endloop
  endfacet
  facet normal -0.831609 -0.555362 0
    outer loop
      vertex 22.6347 10.487 5
      vertex 22.6928 10.4 1
      vertex 22.6928 10.4 5
    endloop
  endfacet
  facet normal 0.321388 -0.946948 0
    outer loop
      vertex 21.6939 10.7391 1
      vertex 21.7929 10.7727 5
      vertex 21.6939 10.7391 5
    endloop
  endfacet
  facet normal 0.321388 -0.946948 0
    outer loop
      vertex 21.7929 10.7727 5
      vertex 21.6939 10.7391 1
      vertex 21.7929 10.7727 1
    endloop
  endfacet
  facet normal -0.442086 0.896973 0
    outer loop
      vertex 22.4 9.30718 1
      vertex 22.3061 9.2609 5
      vertex 22.4 9.30718 5
    endloop
  endfacet
  facet normal -0.442086 0.896973 0
    outer loop
      vertex 22.3061 9.2609 5
      vertex 22.4 9.30718 1
      vertex 22.3061 9.2609 1
    endloop
  endfacet
  facet normal -0.321388 -0.946948 0
    outer loop
      vertex 22.2071 10.7727 1
      vertex 22.3061 10.7391 5
      vertex 22.2071 10.7727 5
    endloop
  endfacet
  facet normal -0.321388 -0.946948 -0
    outer loop
      vertex 22.3061 10.7391 5
      vertex 22.2071 10.7727 1
      vertex 22.3061 10.7391 1
    endloop
  endfacet
  facet normal -0.980632 0.195859 0
    outer loop
      vertex 22.7727 9.79294 1
      vertex 22.7932 9.89558 5
      vertex 22.7932 9.89558 1
    endloop
  endfacet
  facet normal -0.980632 0.195859 0
    outer loop
      vertex 22.7932 9.89558 5
      vertex 22.7727 9.79294 1
      vertex 22.7727 9.79294 5
    endloop
  endfacet
  facet normal -0.195014 0.9808 0
    outer loop
      vertex 22.2071 9.22726 1
      vertex 22.1044 9.20684 5
      vertex 22.2071 9.22726 5
    endloop
  endfacet
  facet normal -0.195014 0.9808 0
    outer loop
      vertex 22.1044 9.20684 5
      vertex 22.2071 9.22726 1
      vertex 22.1044 9.20684 1
    endloop
  endfacet
  facet normal -0.321731 0.946831 0
    outer loop
      vertex 22.3061 9.2609 1
      vertex 22.2071 9.22726 5
      vertex 22.3061 9.2609 5
    endloop
  endfacet
  facet normal -0.321731 0.946831 0
    outer loop
      vertex 22.2071 9.22726 5
      vertex 22.3061 9.2609 1
      vertex 22.2071 9.22726 1
    endloop
  endfacet
  facet normal 0.751925 -0.659248 0
    outer loop
      vertex 21.3653 10.487 5
      vertex 21.4343 10.5657 1
      vertex 21.4343 10.5657 5
    endloop
  endfacet
  facet normal 0.751925 -0.659248 0
    outer loop
      vertex 21.4343 10.5657 1
      vertex 21.3653 10.487 5
      vertex 21.3653 10.487 1
    endloop
  endfacet
  facet normal -0.0649964 -0.997886 0
    outer loop
      vertex 22 10.8 1
      vertex 22.1044 10.7932 5
      vertex 22 10.8 5
    endloop
  endfacet
  facet normal -0.0649964 -0.997886 -0
    outer loop
      vertex 22.1044 10.7932 5
      vertex 22 10.8 1
      vertex 22.1044 10.7932 1
    endloop
  endfacet
  facet normal -0.0653771 0.997861 0
    outer loop
      vertex 22.1044 9.20684 1
      vertex 22 9.2 5
      vertex 22.1044 9.20684 5
    endloop
  endfacet
  facet normal -0.0653771 0.997861 0
    outer loop
      vertex 22 9.2 5
      vertex 22.1044 9.20684 1
      vertex 22 9.2 1
    endloop
  endfacet
  facet normal 0.44224 -0.896897 0
    outer loop
      vertex 21.6 10.6928 1
      vertex 21.6939 10.7391 5
      vertex 21.6 10.6928 5
    endloop
  endfacet
  facet normal 0.44224 -0.896897 0
    outer loop
      vertex 21.6939 10.7391 5
      vertex 21.6 10.6928 1
      vertex 21.6939 10.7391 1
    endloop
  endfacet
  facet normal 0.831638 0.555318 0
    outer loop
      vertex 21.3653 9.51299 5
      vertex 21.3072 9.6 1
      vertex 21.3072 9.6 5
    endloop
  endfacet
  facet normal 0.831638 0.555318 0
    outer loop
      vertex 21.3072 9.6 1
      vertex 21.3653 9.51299 5
      vertex 21.3653 9.51299 1
    endloop
  endfacet
  facet normal 0.997886 -0.0649964 0
    outer loop
      vertex 21.2 10 5
      vertex 21.2068 10.1044 1
      vertex 21.2068 10.1044 5
    endloop
  endfacet
  facet normal 0.997886 -0.0649964 0
    outer loop
      vertex 21.2068 10.1044 1
      vertex 21.2 10 5
      vertex 21.2 10 1
    endloop
  endfacet
  facet normal 0.831609 -0.555362 0
    outer loop
      vertex 21.3072 10.4 5
      vertex 21.3653 10.487 1
      vertex 21.3653 10.487 5
    endloop
  endfacet
  facet normal 0.831609 -0.555362 0
    outer loop
      vertex 21.3653 10.487 1
      vertex 21.3072 10.4 5
      vertex 21.3072 10.4 1
    endloop
  endfacet
  facet normal 0.659248 -0.751925 0
    outer loop
      vertex 21.4343 10.5657 1
      vertex 21.513 10.6347 5
      vertex 21.4343 10.5657 5
    endloop
  endfacet
  facet normal 0.659248 -0.751925 0
    outer loop
      vertex 21.513 10.6347 5
      vertex 21.4343 10.5657 1
      vertex 21.513 10.6347 1
    endloop
  endfacet
  facet normal -0.555362 -0.831609 0
    outer loop
      vertex 22.4 10.6928 1
      vertex 22.487 10.6347 5
      vertex 22.4 10.6928 5
    endloop
  endfacet
  facet normal -0.555362 -0.831609 -0
    outer loop
      vertex 22.487 10.6347 5
      vertex 22.4 10.6928 1
      vertex 22.487 10.6347 1
    endloop
  endfacet
  facet normal -0.44224 -0.896897 0
    outer loop
      vertex 22.3061 10.7391 1
      vertex 22.4 10.6928 5
      vertex 22.3061 10.7391 5
    endloop
  endfacet
  facet normal -0.44224 -0.896897 -0
    outer loop
      vertex 22.4 10.6928 5
      vertex 22.3061 10.7391 1
      vertex 22.4 10.6928 1
    endloop
  endfacet
  facet normal 0.896897 -0.44224 0
    outer loop
      vertex 21.2609 10.3061 5
      vertex 21.3072 10.4 1
      vertex 21.3072 10.4 5
    endloop
  endfacet
  facet normal 0.896897 -0.44224 0
    outer loop
      vertex 21.3072 10.4 1
      vertex 21.2609 10.3061 5
      vertex 21.2609 10.3061 1
    endloop
  endfacet
  facet normal 0.947036 0.321126 0
    outer loop
      vertex 21.2609 9.69385 5
      vertex 21.2273 9.79294 1
      vertex 21.2273 9.79294 5
    endloop
  endfacet
  facet normal 0.947036 0.321126 0
    outer loop
      vertex 21.2273 9.79294 1
      vertex 21.2609 9.69385 5
      vertex 21.2609 9.69385 1
    endloop
  endfacet
  facet normal 0 0 1
    outer loop
      vertex 22.7932 10.1044 1
      vertex 22.7932 9.89558 1
      vertex 22.8 10 1
    endloop
  endfacet
  facet normal 0 0 1
    outer loop
      vertex 22.7727 10.2071 1
      vertex 22.7932 9.89558 1
      vertex 22.7932 10.1044 1
    endloop
  endfacet
  facet normal 0 0 1
    outer loop
      vertex 22.7727 10.2071 1
      vertex 22.7727 9.79294 1
      vertex 22.7932 9.89558 1
    endloop
  endfacet
  facet normal 0 0 1
    outer loop
      vertex 22.7391 10.3061 1
      vertex 22.7727 9.79294 1
      vertex 22.7727 10.2071 1
    endloop
  endfacet
  facet normal 0 0 1
    outer loop
      vertex 22.7391 10.3061 1
      vertex 22.7391 9.69385 1
      vertex 22.7727 9.79294 1
    endloop
  endfacet
  facet normal 0 0 1
    outer loop
      vertex 22.6928 10.4 1
      vertex 22.7391 9.69385 1
      vertex 22.7391 10.3061 1
    endloop
  endfacet
  facet normal 0 0 1
    outer loop
      vertex 22.6928 10.4 1
      vertex 22.6928 9.6 1
      vertex 22.7391 9.69385 1
    endloop
  endfacet
  facet normal 0 0 1
    outer loop
      vertex 22.6347 10.487 1
      vertex 22.6928 9.6 1
      vertex 22.6928 10.4 1
    endloop
  endfacet
  facet normal 0 0 1
    outer loop
      vertex 22.6347 10.487 1
      vertex 22.6347 9.51299 1
      vertex 22.6928 9.6 1
    endloop
  endfacet
  facet normal 0 0 1
    outer loop
      vertex 22.5657 10.5657 1
      vertex 22.6347 9.51299 1
      vertex 22.6347 10.487 1
    endloop
  endfacet
  facet normal 0 0 1
    outer loop
      vertex 22.5657 10.5657 1
      vertex 22.5657 9.43431 1
      vertex 22.6347 9.51299 1
    endloop
  endfacet
  facet normal 0 0 1
    outer loop
      vertex 22.487 10.6347 1
      vertex 22.5657 9.43431 1
      vertex 22.5657 10.5657 1
    endloop
  endfacet
  facet normal 0 0 1
    outer loop
      vertex 22.487 10.6347 1
      vertex 22.487 9.36532 1
      vertex 22.5657 9.43431 1
    endloop
  endfacet
  facet normal 0 0 1
    outer loop
      vertex 22.4 10.6928 1
      vertex 22.487 9.36532 1
      vertex 22.487 10.6347 1
    endloop
  endfacet
  facet normal 0 0 1
    outer loop
      vertex 22.4 10.6928 1
      vertex 22.4 9.30718 1
      vertex 22.487 9.36532 1
    endloop
  endfacet
  facet normal 0 0 1
    outer loop
      vertex 22.3061 10.7391 1
      vertex 22.4 9.30718 1
      vertex 22.4 10.6928 1
    endloop
  endfacet
  facet normal 0 0 1
    outer loop
      vertex 22.3061 10.7391 1
      vertex 22.3061 9.2609 1
      vertex 22.4 9.30718 1
    endloop
  endfacet
  facet normal 0 0 1
    outer loop
      vertex 22.2071 10.7727 1
      vertex 22.3061 9.2609 1
      vertex 22.3061 10.7391 1
    endloop
  endfacet
  facet normal 0 0 1
    outer loop
      vertex 22.2071 10.7727 1
      vertex 22.2071 9.22726 1
      vertex 22.3061 9.2609 1
    endloop
  endfacet
  facet normal 0 0 1
    outer loop
      vertex 22.1044 10.7932 1
      vertex 22.2071 9.22726 1
      vertex 22.2071 10.7727 1
    endloop
  endfacet
  facet normal 0 0 1
    outer loop
      vertex 22.1044 10.7932 1
      vertex 22.1044 9.20684 1
      vertex 22.2071 9.22726 1
    endloop
  endfacet
  facet normal 0 0 1
    outer loop
      vertex 22 10.8 1
      vertex 22.1044 9.20684 1
      vertex 22.1044 10.7932 1
    endloop
  endfacet
  facet normal 0 0 1
    outer loop
      vertex 22 10.8 1
      vertex 22 9.2 1
      vertex 22.1044 9.20684 1
    endloop
  endfacet
  facet normal -0 0 1
    outer loop
      vertex 21.8956 10.7932 1
      vertex 22 9.2 1
      vertex 22 10.8 1
    endloop
  endfacet
  facet normal 0 0 1
    outer loop
      vertex 21.8956 10.7932 1
      vertex 21.8956 9.20684 1
      vertex 22 9.2 1
    endloop
  endfacet
  facet normal -0 0 1
    outer loop
      vertex 21.7929 10.7727 1
      vertex 21.8956 9.20684 1
      vertex 21.8956 10.7932 1
    endloop
  endfacet
  facet normal 0 0 1
    outer loop
      vertex 21.7929 10.7727 1
      vertex 21.7929 9.22726 1
      vertex 21.8956 9.20684 1
    endloop
  endfacet
  facet normal -0 0 1
    outer loop
      vertex 21.6939 10.7391 1
      vertex 21.7929 9.22726 1
      vertex 21.7929 10.7727 1
    endloop
  endfacet
  facet normal 0 0 1
    outer loop
      vertex 21.6939 10.7391 1
      vertex 21.6939 9.2609 1
      vertex 21.7929 9.22726 1
    endloop
  endfacet
  facet normal -0 0 1
    outer loop
      vertex 21.6 10.6928 1
      vertex 21.6939 9.2609 1
      vertex 21.6939 10.7391 1
    endloop
  endfacet
  facet normal 0 0 1
    outer loop
      vertex 21.6 10.6928 1
      vertex 21.6 9.30718 1
      vertex 21.6939 9.2609 1
    endloop
  endfacet
  facet normal -0 0 1
    outer loop
      vertex 21.513 10.6347 1
      vertex 21.6 9.30718 1
      vertex 21.6 10.6928 1
    endloop
  endfacet
  facet normal 0 0 1
    outer loop
      vertex 21.513 10.6347 1
      vertex 21.513 9.36532 1
      vertex 21.6 9.30718 1
    endloop
  endfacet
  facet normal -0 0 1
    outer loop
      vertex 21.4343 10.5657 1
      vertex 21.513 9.36532 1
      vertex 21.513 10.6347 1
    endloop
  endfacet
  facet normal 0 0 1
    outer loop
      vertex 21.4343 10.5657 1
      vertex 21.4343 9.43431 1
      vertex 21.513 9.36532 1
    endloop
  endfacet
  facet normal -0 0 1
    outer loop
      vertex 21.3653 10.487 1
      vertex 21.4343 9.43431 1
      vertex 21.4343 10.5657 1
    endloop
  endfacet
  facet normal 0 0 1
    outer loop
      vertex 21.3653 10.487 1
      vertex 21.3653 9.51299 1
      vertex 21.4343 9.43431 1
    endloop
  endfacet
  facet normal -0 0 1
    outer loop
      vertex 21.3072 10.4 1
      vertex 21.3653 9.51299 1
      vertex 21.3653 10.487 1
    endloop
  endfacet
  facet normal 0 0 1
    outer loop
      vertex 21.3072 10.4 1
      vertex 21.3072 9.6 1
      vertex 21.3653 9.51299 1
    endloop
  endfacet
  facet normal -0 0 1
    outer loop
      vertex 21.2609 10.3061 1
      vertex 21.3072 9.6 1
      vertex 21.3072 10.4 1
    endloop
  endfacet
  facet normal 0 0 1
    outer loop
      vertex 21.2609 10.3061 1
      vertex 21.2609 9.69385 1
      vertex 21.3072 9.6 1
    endloop
  endfacet
  facet normal -0 0 1
    outer loop
      vertex 21.2273 10.2071 1
      vertex 21.2609 9.69385 1
      vertex 21.2609 10.3061 1
    endloop
  endfacet
  facet normal 0 0 1
    outer loop
      vertex 21.2273 10.2071 1
      vertex 21.2273 9.79294 1
      vertex 21.2609 9.69385 1
    endloop
  endfacet
  facet normal -0 0 1
    outer loop
      vertex 21.2068 10.1044 1
      vertex 21.2273 9.79294 1
      vertex 21.2273 10.2071 1
    endloop
  endfacet
  facet normal 0 0 1
    outer loop
      vertex 21.2068 10.1044 1
      vertex 21.2068 9.89558 1
      vertex 21.2273 9.79294 1
    endloop
  endfacet
  facet normal 0 -0 1
    outer loop
      vertex 21.2068 9.89558 1
      vertex 21.2068 10.1044 1
      vertex 21.2 10 1
    endloop
  endfacet
  facet normal 0.555626 0.831432 -0
    outer loop
      vertex 21.6 9.30718 1
      vertex 21.513 9.36532 5
      vertex 21.6 9.30718 5
    endloop
  endfacet
  facet normal 0.555626 0.831432 0
    outer loop
      vertex 21.513 9.36532 5
      vertex 21.6 9.30718 1
      vertex 21.513 9.36532 1
    endloop
  endfacet
  facet normal -0.659194 0.751973 0
    outer loop
      vertex 22.5657 9.43431 1
      vertex 22.487 9.36532 5
      vertex 22.5657 9.43431 5
    endloop
  endfacet
  facet normal -0.659194 0.751973 0
    outer loop
      vertex 22.487 9.36532 5
      vertex 22.5657 9.43431 1
      vertex 22.487 9.36532 1
    endloop
  endfacet
  facet normal 0.0653771 0.997861 -0
    outer loop
      vertex 22 9.2 1
      vertex 21.8956 9.20684 5
      vertex 22 9.2 5
    endloop
  endfacet
  facet normal 0.0653771 0.997861 0
    outer loop
      vertex 21.8956 9.20684 5
      vertex 22 9.2 1
      vertex 21.8956 9.20684 1
    endloop
  endfacet
  facet normal -0.980788 -0.195079 0
    outer loop
      vertex 30.8427 10.1109 1
      vertex 30.821 10.22 5
      vertex 30.821 10.22 1
    endloop
  endfacet
  facet normal -0.980788 -0.195079 0
    outer loop
      vertex 30.821 10.22 5
      vertex 30.8427 10.1109 1
      vertex 30.8427 10.1109 5
    endloop
  endfacet
  facet normal -0.997841 -0.0656829 0
    outer loop
      vertex 30.85 10 1
      vertex 30.8427 10.1109 5
      vertex 30.8427 10.1109 1
    endloop
  endfacet
  facet normal -0.997841 -0.0656829 0
    outer loop
      vertex 30.8427 10.1109 5
      vertex 30.85 10 1
      vertex 30.85 10 5
    endloop
  endfacet
  facet normal -0.947052 -0.32108 0
    outer loop
      vertex 30.821 10.22 1
      vertex 30.7853 10.3253 5
      vertex 30.7853 10.3253 1
    endloop
  endfacet
  facet normal -0.947052 -0.32108 0
    outer loop
      vertex 30.7853 10.3253 5
      vertex 30.821 10.22 1
      vertex 30.821 10.22 5
    endloop
  endfacet
  facet normal -0.831635 -0.555323 0
    outer loop
      vertex 30.7361 10.425 1
      vertex 30.6744 10.5174 5
      vertex 30.6744 10.5174 1
    endloop
  endfacet
  facet normal -0.831635 -0.555323 0
    outer loop
      vertex 30.6744 10.5174 5
      vertex 30.7361 10.425 1
      vertex 30.7361 10.425 5
    endloop
  endfacet
  facet normal 0.947033 0.321135 0
    outer loop
      vertex 29.2147 9.67472 5
      vertex 29.179 9.78 1
      vertex 29.179 9.78 5
    endloop
  endfacet
  facet normal 0.947033 0.321135 0
    outer loop
      vertex 29.179 9.78 1
      vertex 29.2147 9.67472 5
      vertex 29.2147 9.67472 1
    endloop
  endfacet
  facet normal -0.321403 0.946943 0
    outer loop
      vertex 30.3253 9.2147 1
      vertex 30.22 9.17896 5
      vertex 30.3253 9.2147 5
    endloop
  endfacet
  facet normal -0.321403 0.946943 0
    outer loop
      vertex 30.22 9.17896 5
      vertex 30.3253 9.2147 1
      vertex 30.22 9.17896 1
    endloop
  endfacet
  facet normal -0.896754 -0.44253 0
    outer loop
      vertex 30.7853 10.3253 1
      vertex 30.7361 10.425 5
      vertex 30.7361 10.425 1
    endloop
  endfacet
  facet normal -0.896754 -0.44253 0
    outer loop
      vertex 30.7361 10.425 5
      vertex 30.7853 10.3253 1
      vertex 30.7853 10.3253 5
    endloop
  endfacet
  facet normal 0.555945 -0.831219 0
    outer loop
      vertex 29.4826 10.6743 1
      vertex 29.575 10.7361 5
      vertex 29.4826 10.6743 5
    endloop
  endfacet
  facet normal 0.555945 -0.831219 0
    outer loop
      vertex 29.575 10.7361 5
      vertex 29.4826 10.6743 1
      vertex 29.575 10.7361 1
    endloop
  endfacet
  facet normal -0.98077 0.195165 0
    outer loop
      vertex 30.821 9.78 1
      vertex 30.8427 9.88905 5
      vertex 30.8427 9.88905 1
    endloop
  endfacet
  facet normal -0.98077 0.195165 0
    outer loop
      vertex 30.8427 9.88905 5
      vertex 30.821 9.78 1
      vertex 30.821 9.78 5
    endloop
  endfacet
  facet normal 0 0 1
    outer loop
      vertex 30.8427 10.1109 1
      vertex 30.8427 9.88905 1
      vertex 30.85 10 1
    endloop
  endfacet
  facet normal 0 0 1
    outer loop
      vertex 30.821 10.22 1
      vertex 30.8427 9.88905 1
      vertex 30.8427 10.1109 1
    endloop
  endfacet
  facet normal 0 0 1
    outer loop
      vertex 30.821 10.22 1
      vertex 30.821 9.78 1
      vertex 30.8427 9.88905 1
    endloop
  endfacet
  facet normal 0 0 1
    outer loop
      vertex 30.7853 10.3253 1
      vertex 30.821 9.78 1
      vertex 30.821 10.22 1
    endloop
  endfacet
  facet normal 0 0 1
    outer loop
      vertex 30.7853 10.3253 1
      vertex 30.7853 9.67472 1
      vertex 30.821 9.78 1
    endloop
  endfacet
  facet normal 0 0 1
    outer loop
      vertex 30.7361 10.425 1
      vertex 30.7853 9.67472 1
      vertex 30.7853 10.3253 1
    endloop
  endfacet
  facet normal 0 0 1
    outer loop
      vertex 30.7361 10.425 1
      vertex 30.7361 9.575 1
      vertex 30.7853 9.67472 1
    endloop
  endfacet
  facet normal 0 0 1
    outer loop
      vertex 30.6744 10.5174 1
      vertex 30.7361 9.575 1
      vertex 30.7361 10.425 1
    endloop
  endfacet
  facet normal 0 0 1
    outer loop
      vertex 30.6744 10.5174 1
      vertex 30.6744 9.48255 1
      vertex 30.7361 9.575 1
    endloop
  endfacet
  facet normal 0 0 1
    outer loop
      vertex 30.601 10.601 1
      vertex 30.6744 9.48255 1
      vertex 30.6744 10.5174 1
    endloop
  endfacet
  facet normal 0 0 1
    outer loop
      vertex 30.601 10.601 1
      vertex 30.601 9.39896 1
      vertex 30.6744 9.48255 1
    endloop
  endfacet
  facet normal 0 0 1
    outer loop
      vertex 30.5174 10.6743 1
      vertex 30.601 9.39896 1
      vertex 30.601 10.601 1
    endloop
  endfacet
  facet normal 0 0 1
    outer loop
      vertex 30.5174 10.6743 1
      vertex 30.5174 9.32565 1
      vertex 30.601 9.39896 1
    endloop
  endfacet
  facet normal 0 0 1
    outer loop
      vertex 30.425 10.7361 1
      vertex 30.5174 9.32565 1
      vertex 30.5174 10.6743 1
    endloop
  endfacet
  facet normal 0 0 1
    outer loop
      vertex 30.425 10.7361 1
      vertex 30.425 9.26388 1
      vertex 30.5174 9.32565 1
    endloop
  endfacet
  facet normal 0 0 1
    outer loop
      vertex 30.3253 10.7853 1
      vertex 30.425 9.26388 1
      vertex 30.425 10.7361 1
    endloop
  endfacet
  facet normal 0 0 1
    outer loop
      vertex 30.3253 10.7853 1
      vertex 30.3253 9.2147 1
      vertex 30.425 9.26388 1
    endloop
  endfacet
  facet normal 0 0 1
    outer loop
      vertex 30.22 10.821 1
      vertex 30.3253 9.2147 1
      vertex 30.3253 10.7853 1
    endloop
  endfacet
  facet normal 0 0 1
    outer loop
      vertex 30.22 10.821 1
      vertex 30.22 9.17896 1
      vertex 30.3253 9.2147 1
    endloop
  endfacet
  facet normal 0 0 1
    outer loop
      vertex 30.1109 10.8427 1
      vertex 30.22 9.17896 1
      vertex 30.22 10.821 1
    endloop
  endfacet
  facet normal 0 0 1
    outer loop
      vertex 30.1109 10.8427 1
      vertex 30.1109 9.15727 1
      vertex 30.22 9.17896 1
    endloop
  endfacet
  facet normal 0 0 1
    outer loop
      vertex 30 10.85 1
      vertex 30.1109 9.15727 1
      vertex 30.1109 10.8427 1
    endloop
  endfacet
  facet normal 0 0 1
    outer loop
      vertex 30 10.85 1
      vertex 30 9.15 1
      vertex 30.1109 9.15727 1
    endloop
  endfacet
  facet normal -0 0 1
    outer loop
      vertex 29.8891 10.8427 1
      vertex 30 9.15 1
      vertex 30 10.85 1
    endloop
  endfacet
  facet normal 0 0 1
    outer loop
      vertex 29.8891 10.8427 1
      vertex 29.8891 9.15727 1
      vertex 30 9.15 1
    endloop
  endfacet
  facet normal -0 0 1
    outer loop
      vertex 29.78 10.821 1
      vertex 29.8891 9.15727 1
      vertex 29.8891 10.8427 1
    endloop
  endfacet
  facet normal 0 0 1
    outer loop
      vertex 29.78 10.821 1
      vertex 29.78 9.17896 1
      vertex 29.8891 9.15727 1
    endloop
  endfacet
  facet normal -0 0 1
    outer loop
      vertex 29.6747 10.7853 1
      vertex 29.78 9.17896 1
      vertex 29.78 10.821 1
    endloop
  endfacet
  facet normal 0 0 1
    outer loop
      vertex 29.6747 10.7853 1
      vertex 29.6747 9.2147 1
      vertex 29.78 9.17896 1
    endloop
  endfacet
  facet normal -0 0 1
    outer loop
      vertex 29.575 10.7361 1
      vertex 29.6747 9.2147 1
      vertex 29.6747 10.7853 1
    endloop
  endfacet
  facet normal 0 0 1
    outer loop
      vertex 29.575 10.7361 1
      vertex 29.575 9.26388 1
      vertex 29.6747 9.2147 1
    endloop
  endfacet
  facet normal -0 0 1
    outer loop
      vertex 29.4826 10.6743 1
      vertex 29.575 9.26388 1
      vertex 29.575 10.7361 1
    endloop
  endfacet
  facet normal 0 0 1
    outer loop
      vertex 29.4826 10.6743 1
      vertex 29.4826 9.32565 1
      vertex 29.575 9.26388 1
    endloop
  endfacet
  facet normal -0 0 1
    outer loop
      vertex 29.399 10.601 1
      vertex 29.4826 9.32565 1
      vertex 29.4826 10.6743 1
    endloop
  endfacet
  facet normal 0 0 1
    outer loop
      vertex 29.399 10.601 1
      vertex 29.399 9.39896 1
      vertex 29.4826 9.32565 1
    endloop
  endfacet
  facet normal -0 0 1
    outer loop
      vertex 29.3256 10.5174 1
      vertex 29.399 9.39896 1
      vertex 29.399 10.601 1
    endloop
  endfacet
  facet normal 0 0 1
    outer loop
      vertex 29.3256 10.5174 1
      vertex 29.3256 9.48255 1
      vertex 29.399 9.39896 1
    endloop
  endfacet
  facet normal -0 0 1
    outer loop
      vertex 29.2639 10.425 1
      vertex 29.3256 9.48255 1
      vertex 29.3256 10.5174 1
    endloop
  endfacet
  facet normal 0 0 1
    outer loop
      vertex 29.2639 10.425 1
      vertex 29.2639 9.575 1
      vertex 29.3256 9.48255 1
    endloop
  endfacet
  facet normal -0 0 1
    outer loop
      vertex 29.2147 10.3253 1
      vertex 29.2639 9.575 1
      vertex 29.2639 10.425 1
    endloop
  endfacet
  facet normal 0 0 1
    outer loop
      vertex 29.2147 10.3253 1
      vertex 29.2147 9.67472 1
      vertex 29.2639 9.575 1
    endloop
  endfacet
  facet normal -0 0 1
    outer loop
      vertex 29.179 10.22 1
      vertex 29.2147 9.67472 1
      vertex 29.2147 10.3253 1
    endloop
  endfacet
  facet normal 0 0 1
    outer loop
      vertex 29.179 10.22 1
      vertex 29.179 9.78 1
      vertex 29.2147 9.67472 1
    endloop
  endfacet
  facet normal -0 0 1
    outer loop
      vertex 29.1573 10.1109 1
      vertex 29.179 9.78 1
      vertex 29.179 10.22 1
    endloop
  endfacet
  facet normal 0 0 1
    outer loop
      vertex 29.1573 10.1109 1
      vertex 29.1573 9.88905 1
      vertex 29.179 9.78 1
    endloop
  endfacet
  facet normal 0 -0 1
    outer loop
      vertex 29.1573 9.88905 1
      vertex 29.1573 10.1109 1
      vertex 29.15 10 1
    endloop
  endfacet
  facet normal 0.896754 -0.44253 0
    outer loop
      vertex 29.2147 10.3253 5
      vertex 29.2639 10.425 1
      vertex 29.2639 10.425 5
    endloop
  endfacet
  facet normal 0.896754 -0.44253 0
    outer loop
      vertex 29.2639 10.425 1
      vertex 29.2147 10.3253 5
      vertex 29.2147 10.3253 1
    endloop
  endfacet
  facet normal -0.32108 -0.947052 0
    outer loop
      vertex 30.22 10.821 1
      vertex 30.3253 10.7853 5
      vertex 30.22 10.821 5
    endloop
  endfacet
  facet normal -0.32108 -0.947052 -0
    outer loop
      vertex 30.3253 10.7853 5
      vertex 30.22 10.821 1
      vertex 30.3253 10.7853 1
    endloop
  endfacet
  facet normal 0.659268 -0.751908 0
    outer loop
      vertex 29.399 10.601 1
      vertex 29.4826 10.6743 5
      vertex 29.399 10.601 5
    endloop
  endfacet
  facet normal 0.659268 -0.751908 0
    outer loop
      vertex 29.4826 10.6743 5
      vertex 29.399 10.601 1
      vertex 29.4826 10.6743 1
    endloop
  endfacet
  facet normal -0.555759 0.831344 0
    outer loop
      vertex 30.5174 9.32565 1
      vertex 30.425 9.26388 5
      vertex 30.5174 9.32565 5
    endloop
  endfacet
  facet normal -0.555759 0.831344 0
    outer loop
      vertex 30.425 9.26388 5
      vertex 30.5174 9.32565 1
      vertex 30.425 9.26388 1
    endloop
  endfacet
  facet normal 0.195079 -0.980788 0
    outer loop
      vertex 29.78 10.821 1
      vertex 29.8891 10.8427 5
      vertex 29.78 10.821 5
    endloop
  endfacet
  facet normal 0.195079 -0.980788 0
    outer loop
      vertex 29.8891 10.8427 5
      vertex 29.78 10.821 1
      vertex 29.8891 10.8427 1
    endloop
  endfacet
  facet normal 0.997842 0.0656534 0
    outer loop
      vertex 29.1573 9.88905 5
      vertex 29.15 10 1
      vertex 29.15 10 5
    endloop
  endfacet
  facet normal 0.997842 0.0656534 0
    outer loop
      vertex 29.15 10 1
      vertex 29.1573 9.88905 5
      vertex 29.1573 9.88905 1
    endloop
  endfacet
  facet normal 0.896789 0.442459 0
    outer loop
      vertex 29.2639 9.575 5
      vertex 29.2147 9.67472 1
      vertex 29.2147 9.67472 5
    endloop
  endfacet
  facet normal 0.896789 0.442459 0
    outer loop
      vertex 29.2147 9.67472 1
      vertex 29.2639 9.575 5
      vertex 29.2639 9.575 1
    endloop
  endfacet
  facet normal -0.0656829 -0.997841 0
    outer loop
      vertex 30 10.85 1
      vertex 30.1109 10.8427 5
      vertex 30 10.85 5
    endloop
  endfacet
  facet normal -0.0656829 -0.997841 -0
    outer loop
      vertex 30.1109 10.8427 5
      vertex 30 10.85 1
      vertex 30.1109 10.8427 1
    endloop
  endfacet
  facet normal -0.194992 0.980805 0
    outer loop
      vertex 30.22 9.17896 1
      vertex 30.1109 9.15727 5
      vertex 30.22 9.17896 5
    endloop
  endfacet
  facet normal -0.194992 0.980805 0
    outer loop
      vertex 30.1109 9.15727 5
      vertex 30.22 9.17896 1
      vertex 30.1109 9.15727 1
    endloop
  endfacet
  facet normal 0.44253 -0.896754 0
    outer loop
      vertex 29.575 10.7361 1
      vertex 29.6747 10.7853 5
      vertex 29.575 10.7361 5
    endloop
  endfacet
  facet normal 0.44253 -0.896754 0
    outer loop
      vertex 29.6747 10.7853 5
      vertex 29.575 10.7361 1
      vertex 29.6747 10.7853 1
    endloop
  endfacet
  facet normal -0.44253 -0.896754 0
    outer loop
      vertex 30.3253 10.7853 1
      vertex 30.425 10.7361 5
      vertex 30.3253 10.7853 5
    endloop
  endfacet
  facet normal -0.44253 -0.896754 -0
    outer loop
      vertex 30.425 10.7361 5
      vertex 30.3253 10.7853 1
      vertex 30.425 10.7361 1
    endloop
  endfacet
  facet normal -0.442386 0.896825 0
    outer loop
      vertex 30.425 9.26388 1
      vertex 30.3253 9.2147 5
      vertex 30.425 9.26388 5
    endloop
  endfacet
  facet normal -0.442386 0.896825 0
    outer loop
      vertex 30.3253 9.2147 5
      vertex 30.425 9.26388 1
      vertex 30.3253 9.2147 1
    endloop
  endfacet
  facet normal 0.98077 0.195165 0
    outer loop
      vertex 29.179 9.78 5
      vertex 29.1573 9.88905 1
      vertex 29.1573 9.88905 5
    endloop
  endfacet
  facet normal 0.98077 0.195165 0
    outer loop
      vertex 29.1573 9.88905 1
      vertex 29.179 9.78 5
      vertex 29.179 9.78 1
    endloop
  endfacet
  facet normal -0.997842 0.0656534 0
    outer loop
      vertex 30.8427 9.88905 1
      vertex 30.85 10 5
      vertex 30.85 10 1
    endloop
  endfacet
  facet normal -0.997842 0.0656534 0
    outer loop
      vertex 30.85 10 5
      vertex 30.8427 9.88905 1
      vertex 30.8427 9.88905 5
    endloop
  endfacet
  facet normal -0.831773 0.555115 0
    outer loop
      vertex 30.6744 9.48255 1
      vertex 30.7361 9.575 5
      vertex 30.7361 9.575 1
    endloop
  endfacet
  facet normal -0.831773 0.555115 0
    outer loop
      vertex 30.7361 9.575 5
      vertex 30.6744 9.48255 1
      vertex 30.6744 9.48255 5
    endloop
  endfacet
  facet normal 0.831635 -0.555323 0
    outer loop
      vertex 29.2639 10.425 5
      vertex 29.3256 10.5174 1
      vertex 29.3256 10.5174 5
    endloop
  endfacet
  facet normal 0.831635 -0.555323 0
    outer loop
      vertex 29.3256 10.5174 1
      vertex 29.2639 10.425 5
      vertex 29.2639 10.425 1
    endloop
  endfacet
  facet normal 0.751423 0.659821 0
    outer loop
      vertex 29.399 9.39896 5
      vertex 29.3256 9.48255 1
      vertex 29.3256 9.48255 5
    endloop
  endfacet
  facet normal 0.751423 0.659821 0
    outer loop
      vertex 29.3256 9.48255 1
      vertex 29.399 9.39896 5
      vertex 29.399 9.39896 1
    endloop
  endfacet
  facet normal 0.751462 -0.659776 0
    outer loop
      vertex 29.3256 10.5174 5
      vertex 29.399 10.601 1
      vertex 29.399 10.601 5
    endloop
  endfacet
  facet normal 0.751462 -0.659776 0
    outer loop
      vertex 29.399 10.601 1
      vertex 29.3256 10.5174 5
      vertex 29.3256 10.5174 1
    endloop
  endfacet
  facet normal 0.321403 0.946943 -0
    outer loop
      vertex 29.78 9.17896 1
      vertex 29.6747 9.2147 5
      vertex 29.78 9.17896 5
    endloop
  endfacet
  facet normal 0.321403 0.946943 0
    outer loop
      vertex 29.6747 9.2147 5
      vertex 29.78 9.17896 1
      vertex 29.6747 9.2147 1
    endloop
  endfacet
  facet normal 0.659319 0.751863 -0
    outer loop
      vertex 29.4826 9.32565 1
      vertex 29.399 9.39896 5
      vertex 29.4826 9.32565 5
    endloop
  endfacet
  facet normal 0.659319 0.751863 0
    outer loop
      vertex 29.399 9.39896 5
      vertex 29.4826 9.32565 1
      vertex 29.399 9.39896 1
    endloop
  endfacet
  facet normal -0.947033 0.321135 0
    outer loop
      vertex 30.7853 9.67472 1
      vertex 30.821 9.78 5
      vertex 30.821 9.78 1
    endloop
  endfacet
  facet normal -0.947033 0.321135 0
    outer loop
      vertex 30.821 9.78 5
      vertex 30.7853 9.67472 1
      vertex 30.7853 9.67472 5
    endloop
  endfacet
  facet normal -0.751423 0.659821 0
    outer loop
      vertex 30.601 9.39896 1
      vertex 30.6744 9.48255 5
      vertex 30.6744 9.48255 1
    endloop
  endfacet
  facet normal -0.751423 0.659821 0
    outer loop
      vertex 30.6744 9.48255 5
      vertex 30.601 9.39896 1
      vertex 30.601 9.39896 5
    endloop
  endfacet
  facet normal 0.831773 0.555115 0
    outer loop
      vertex 29.3256 9.48255 5
      vertex 29.2639 9.575 1
      vertex 29.2639 9.575 5
    endloop
  endfacet
  facet normal 0.831773 0.555115 0
    outer loop
      vertex 29.2639 9.575 1
      vertex 29.3256 9.48255 5
      vertex 29.3256 9.48255 1
    endloop
  endfacet
  facet normal -0.896789 0.442459 0
    outer loop
      vertex 30.7361 9.575 1
      vertex 30.7853 9.67472 5
      vertex 30.7853 9.67472 1
    endloop
  endfacet
  facet normal -0.896789 0.442459 0
    outer loop
      vertex 30.7853 9.67472 5
      vertex 30.7361 9.575 1
      vertex 30.7361 9.575 5
    endloop
  endfacet
  facet normal -0.0654141 0.997858 0
    outer loop
      vertex 30.1109 9.15727 1
      vertex 30 9.15 5
      vertex 30.1109 9.15727 5
    endloop
  endfacet
  facet normal -0.0654141 0.997858 0
    outer loop
      vertex 30 9.15 5
      vertex 30.1109 9.15727 1
      vertex 30 9.15 1
    endloop
  endfacet
  facet normal 0.194992 0.980805 -0
    outer loop
      vertex 29.8891 9.15727 1
      vertex 29.78 9.17896 5
      vertex 29.8891 9.15727 5
    endloop
  endfacet
  facet normal 0.194992 0.980805 0
    outer loop
      vertex 29.78 9.17896 5
      vertex 29.8891 9.15727 1
      vertex 29.78 9.17896 1
    endloop
  endfacet
  facet normal -0.195079 -0.980788 0
    outer loop
      vertex 30.1109 10.8427 1
      vertex 30.22 10.821 5
      vertex 30.1109 10.8427 5
    endloop
  endfacet
  facet normal -0.195079 -0.980788 -0
    outer loop
      vertex 30.22 10.821 5
      vertex 30.1109 10.8427 1
      vertex 30.22 10.821 1
    endloop
  endfacet
  facet normal 0.0654141 0.997858 -0
    outer loop
      vertex 30 9.15 1
      vertex 29.8891 9.15727 5
      vertex 30 9.15 5
    endloop
  endfacet
  facet normal 0.0654141 0.997858 0
    outer loop
      vertex 29.8891 9.15727 5
      vertex 30 9.15 1
      vertex 29.8891 9.15727 1
    endloop
  endfacet
  facet normal -0.555945 -0.831219 0
    outer loop
      vertex 30.425 10.7361 1
      vertex 30.5174 10.6743 5
      vertex 30.425 10.7361 5
    endloop
  endfacet
  facet normal -0.555945 -0.831219 -0
    outer loop
      vertex 30.5174 10.6743 5
      vertex 30.425 10.7361 1
      vertex 30.5174 10.6743 1
    endloop
  endfacet
  facet normal 0.32108 -0.947052 0
    outer loop
      vertex 29.6747 10.7853 1
      vertex 29.78 10.821 5
      vertex 29.6747 10.7853 5
    endloop
  endfacet
  facet normal 0.32108 -0.947052 0
    outer loop
      vertex 29.78 10.821 5
      vertex 29.6747 10.7853 1
      vertex 29.78 10.821 1
    endloop
  endfacet
  facet normal 0.980788 -0.195079 0
    outer loop
      vertex 29.1573 10.1109 5
      vertex 29.179 10.22 1
      vertex 29.179 10.22 5
    endloop
  endfacet
  facet normal 0.980788 -0.195079 0
    outer loop
      vertex 29.179 10.22 1
      vertex 29.1573 10.1109 5
      vertex 29.1573 10.1109 1
    endloop
  endfacet
  facet normal -0.751462 -0.659776 0
    outer loop
      vertex 30.6744 10.5174 1
      vertex 30.601 10.601 5
      vertex 30.601 10.601 1
    endloop
  endfacet
  facet normal -0.751462 -0.659776 0
    outer loop
      vertex 30.601 10.601 5
      vertex 30.6744 10.5174 1
      vertex 30.6744 10.5174 5
    endloop
  endfacet
  facet normal -0.659268 -0.751908 0
    outer loop
      vertex 30.5174 10.6743 1
      vertex 30.601 10.601 5
      vertex 30.5174 10.6743 5
    endloop
  endfacet
  facet normal -0.659268 -0.751908 -0
    outer loop
      vertex 30.601 10.601 5
      vertex 30.5174 10.6743 1
      vertex 30.601 10.601 1
    endloop
  endfacet
  facet normal 0.0656829 -0.997841 0
    outer loop
      vertex 29.8891 10.8427 1
      vertex 30 10.85 5
      vertex 29.8891 10.8427 5
    endloop
  endfacet
  facet normal 0.0656829 -0.997841 0
    outer loop
      vertex 30 10.85 5
      vertex 29.8891 10.8427 1
      vertex 30 10.85 1
    endloop
  endfacet
  facet normal 0.947052 -0.32108 0
    outer loop
      vertex 29.179 10.22 5
      vertex 29.2147 10.3253 1
      vertex 29.2147 10.3253 5
    endloop
  endfacet
  facet normal 0.947052 -0.32108 0
    outer loop
      vertex 29.2147 10.3253 1
      vertex 29.179 10.22 5
      vertex 29.179 10.22 1
    endloop
  endfacet
  facet normal 0.997841 -0.0656829 0
    outer loop
      vertex 29.15 10 5
      vertex 29.1573 10.1109 1
      vertex 29.1573 10.1109 5
    endloop
  endfacet
  facet normal 0.997841 -0.0656829 0
    outer loop
      vertex 29.1573 10.1109 1
      vertex 29.15 10 5
      vertex 29.15 10 1
    endloop
  endfacet
  facet normal 0.555759 0.831344 -0
    outer loop
      vertex 29.575 9.26388 1
      vertex 29.4826 9.32565 5
      vertex 29.575 9.26388 5
    endloop
  endfacet
  facet normal 0.555759 0.831344 0
    outer loop
      vertex 29.4826 9.32565 5
      vertex 29.575 9.26388 1
      vertex 29.4826 9.32565 1
    endloop
  endfacet
  facet normal -0.659319 0.751863 0
    outer loop
      vertex 30.601 9.39896 1
      vertex 30.5174 9.32565 5
      vertex 30.601 9.39896 5
    endloop
  endfacet
  facet normal -0.659319 0.751863 0
    outer loop
      vertex 30.5174 9.32565 5
      vertex 30.601 9.39896 1
      vertex 30.5174 9.32565 1
    endloop
  endfacet
  facet normal 0.442386 0.896825 -0
    outer loop
      vertex 29.6747 9.2147 1
      vertex 29.575 9.26388 5
      vertex 29.6747 9.2147 5
    endloop
  endfacet
  facet normal 0.442386 0.896825 0
    outer loop
      vertex 29.575 9.26388 5
      vertex 29.6747 9.2147 1
      vertex 29.575 9.26388 1
    endloop
  endfacet
  facet normal -0.555484 -0.831527 0
    outer loop
      vertex 38.45 10.7794 1
      vertex 38.5479 10.714 5
      vertex 38.45 10.7794 5
    endloop
  endfacet
  facet normal -0.555484 -0.831527 -0
    outer loop
      vertex 38.5479 10.714 5
      vertex 38.45 10.7794 1
      vertex 38.5479 10.714 1
    endloop
  endfacet
  facet normal 0.0653917 0.99786 -0
    outer loop
      vertex 38 9.1 1
      vertex 37.8825 9.1077 5
      vertex 38 9.1 5
    endloop
  endfacet
  facet normal 0.0653917 0.99786 0
    outer loop
      vertex 37.8825 9.1077 5
      vertex 38 9.1 1
      vertex 37.8825 9.1077 1
    endloop
  endfacet
  facet normal 0 0 1
    outer loop
      vertex 38.8923 10.1175 1
      vertex 38.8923 9.88253 1
      vertex 38.9 10 1
    endloop
  endfacet
  facet normal 0 0 1
    outer loop
      vertex 38.8693 10.2329 1
      vertex 38.8923 9.88253 1
      vertex 38.8923 10.1175 1
    endloop
  endfacet
  facet normal 0 0 1
    outer loop
      vertex 38.8693 10.2329 1
      vertex 38.8693 9.76706 1
      vertex 38.8923 9.88253 1
    endloop
  endfacet
  facet normal 0 0 1
    outer loop
      vertex 38.8315 10.3444 1
      vertex 38.8693 9.76706 1
      vertex 38.8693 10.2329 1
    endloop
  endfacet
  facet normal 0 0 1
    outer loop
      vertex 38.8315 10.3444 1
      vertex 38.8315 9.65558 1
      vertex 38.8693 9.76706 1
    endloop
  endfacet
  facet normal 0 0 1
    outer loop
      vertex 38.7794 10.45 1
      vertex 38.8315 9.65558 1
      vertex 38.8315 10.3444 1
    endloop
  endfacet
  facet normal 0 0 1
    outer loop
      vertex 38.7794 10.45 1
      vertex 38.7794 9.55 1
      vertex 38.8315 9.65558 1
    endloop
  endfacet
  facet normal 0 0 1
    outer loop
      vertex 38.714 10.5479 1
      vertex 38.7794 9.55 1
      vertex 38.7794 10.45 1
    endloop
  endfacet
  facet normal 0 0 1
    outer loop
      vertex 38.714 10.5479 1
      vertex 38.714 9.45211 1
      vertex 38.7794 9.55 1
    endloop
  endfacet
  facet normal 0 0 1
    outer loop
      vertex 38.6364 10.6364 1
      vertex 38.714 9.45211 1
      vertex 38.714 10.5479 1
    endloop
  endfacet
  facet normal 0 0 1
    outer loop
      vertex 38.6364 10.6364 1
      vertex 38.6364 9.3636 1
      vertex 38.714 9.45211 1
    endloop
  endfacet
  facet normal 0 0 1
    outer loop
      vertex 38.5479 10.714 1
      vertex 38.6364 9.3636 1
      vertex 38.6364 10.6364 1
    endloop
  endfacet
  facet normal 0 0 1
    outer loop
      vertex 38.5479 10.714 1
      vertex 38.5479 9.28598 1
      vertex 38.6364 9.3636 1
    endloop
  endfacet
  facet normal 0 0 1
    outer loop
      vertex 38.45 10.7794 1
      vertex 38.5479 9.28598 1
      vertex 38.5479 10.714 1
    endloop
  endfacet
  facet normal 0 0 1
    outer loop
      vertex 38.45 10.7794 1
      vertex 38.45 9.22058 1
      vertex 38.5479 9.28598 1
    endloop
  endfacet
  facet normal 0 0 1
    outer loop
      vertex 38.3444 10.8315 1
      vertex 38.45 9.22058 1
      vertex 38.45 10.7794 1
    endloop
  endfacet
  facet normal 0 0 1
    outer loop
      vertex 38.3444 10.8315 1
      vertex 38.3444 9.16851 1
      vertex 38.45 9.22058 1
    endloop
  endfacet
  facet normal 0 0 1
    outer loop
      vertex 38.2329 10.8693 1
      vertex 38.3444 9.16851 1
      vertex 38.3444 10.8315 1
    endloop
  endfacet
  facet normal 0 0 1
    outer loop
      vertex 38.2329 10.8693 1
      vertex 38.2329 9.13067 1
      vertex 38.3444 9.16851 1
    endloop
  endfacet
  facet normal 0 0 1
    outer loop
      vertex 38.1175 10.8923 1
      vertex 38.2329 9.13067 1
      vertex 38.2329 10.8693 1
    endloop
  endfacet
  facet normal 0 0 1
    outer loop
      vertex 38.1175 10.8923 1
      vertex 38.1175 9.1077 1
      vertex 38.2329 9.13067 1
    endloop
  endfacet
  facet normal 0 0 1
    outer loop
      vertex 38 10.9 1
      vertex 38.1175 9.1077 1
      vertex 38.1175 10.8923 1
    endloop
  endfacet
  facet normal 0 0 1
    outer loop
      vertex 38 10.9 1
      vertex 38 9.1 1
      vertex 38.1175 9.1077 1
    endloop
  endfacet
  facet normal -0 0 1
    outer loop
      vertex 37.8825 10.8923 1
      vertex 38 9.1 1
      vertex 38 10.9 1
    endloop
  endfacet
  facet normal 0 0 1
    outer loop
      vertex 37.8825 10.8923 1
      vertex 37.8825 9.1077 1
      vertex 38 9.1 1
    endloop
  endfacet
  facet normal -0 0 1
    outer loop
      vertex 37.7671 10.8693 1
      vertex 37.8825 9.1077 1
      vertex 37.8825 10.8923 1
    endloop
  endfacet
  facet normal 0 0 1
    outer loop
      vertex 37.7671 10.8693 1
      vertex 37.7671 9.13067 1
      vertex 37.8825 9.1077 1
    endloop
  endfacet
  facet normal -0 0 1
    outer loop
      vertex 37.6556 10.8315 1
      vertex 37.7671 9.13067 1
      vertex 37.7671 10.8693 1
    endloop
  endfacet
  facet normal 0 0 1
    outer loop
      vertex 37.6556 10.8315 1
      vertex 37.6556 9.16851 1
      vertex 37.7671 9.13067 1
    endloop
  endfacet
  facet normal -0 0 1
    outer loop
      vertex 37.55 10.7794 1
      vertex 37.6556 9.16851 1
      vertex 37.6556 10.8315 1
    endloop
  endfacet
  facet normal 0 0 1
    outer loop
      vertex 37.55 10.7794 1
      vertex 37.55 9.22058 1
      vertex 37.6556 9.16851 1
    endloop
  endfacet
  facet normal -0 0 1
    outer loop
      vertex 37.4521 10.714 1
      vertex 37.55 9.22058 1
      vertex 37.55 10.7794 1
    endloop
  endfacet
  facet normal 0 0 1
    outer loop
      vertex 37.4521 10.714 1
      vertex 37.4521 9.28598 1
      vertex 37.55 9.22058 1
    endloop
  endfacet
  facet normal -0 0 1
    outer loop
      vertex 37.3636 10.6364 1
      vertex 37.4521 9.28598 1
      vertex 37.4521 10.714 1
    endloop
  endfacet
  facet normal 0 0 1
    outer loop
      vertex 37.3636 10.6364 1
      vertex 37.3636 9.3636 1
      vertex 37.4521 9.28598 1
    endloop
  endfacet
  facet normal -0 0 1
    outer loop
      vertex 37.286 10.5479 1
      vertex 37.3636 9.3636 1
      vertex 37.3636 10.6364 1
    endloop
  endfacet
  facet normal 0 0 1
    outer loop
      vertex 37.286 10.5479 1
      vertex 37.286 9.45211 1
      vertex 37.3636 9.3636 1
    endloop
  endfacet
  facet normal -0 0 1
    outer loop
      vertex 37.2206 10.45 1
      vertex 37.286 9.45211 1
      vertex 37.286 10.5479 1
    endloop
  endfacet
  facet normal 0 0 1
    outer loop
      vertex 37.2206 10.45 1
      vertex 37.2206 9.55 1
      vertex 37.286 9.45211 1
    endloop
  endfacet
  facet normal -0 0 1
    outer loop
      vertex 37.1685 10.3444 1
      vertex 37.2206 9.55 1
      vertex 37.2206 10.45 1
    endloop
  endfacet
  facet normal 0 0 1
    outer loop
      vertex 37.1685 10.3444 1
      vertex 37.1685 9.65558 1
      vertex 37.2206 9.55 1
    endloop
  endfacet
  facet normal -0 0 1
    outer loop
      vertex 37.1307 10.2329 1
      vertex 37.1685 9.65558 1
      vertex 37.1685 10.3444 1
    endloop
  endfacet
  facet normal 0 0 1
    outer loop
      vertex 37.1307 10.2329 1
      vertex 37.1307 9.76706 1
      vertex 37.1685 9.65558 1
    endloop
  endfacet
  facet normal -0 0 1
    outer loop
      vertex 37.1077 10.1175 1
      vertex 37.1307 9.76706 1
      vertex 37.1307 10.2329 1
    endloop
  endfacet
  facet normal 0 0 1
    outer loop
      vertex 37.1077 10.1175 1
      vertex 37.1077 9.88253 1
      vertex 37.1307 9.76706 1
    endloop
  endfacet
  facet normal 0 -0 1
    outer loop
      vertex 37.1077 9.88253 1
      vertex 37.1077 10.1175 1
      vertex 37.1 10 1
    endloop
  endfacet
  facet normal -0.94704 0.321117 0
    outer loop
      vertex 38.8315 9.65558 1
      vertex 38.8693 9.76706 5
      vertex 38.8693 9.76706 1
    endloop
  endfacet
  facet normal -0.94704 0.321117 0
    outer loop
      vertex 38.8693 9.76706 5
      vertex 38.8315 9.65558 1
      vertex 38.8315 9.65558 5
    endloop
  endfacet
  facet normal -0.0653917 0.99786 0
    outer loop
      vertex 38.1175 9.1077 1
      vertex 38 9.1 5
      vertex 38.1175 9.1077 5
    endloop
  endfacet
  facet normal -0.0653917 0.99786 0
    outer loop
      vertex 38 9.1 5
      vertex 38.1175 9.1077 1
      vertex 38 9.1 1
    endloop
  endfacet
  facet normal -0.896792 -0.442452 0
    outer loop
      vertex 38.8315 10.3444 1
      vertex 38.7794 10.45 5
      vertex 38.7794 10.45 1
    endloop
  endfacet
  facet normal -0.896792 -0.442452 0
    outer loop
      vertex 38.7794 10.45 5
      vertex 38.8315 10.3444 1
      vertex 38.8315 10.3444 5
    endloop
  endfacet
  facet normal -0.980711 -0.195462 0
    outer loop
      vertex 38.8923 10.1175 1
      vertex 38.8693 10.2329 5
      vertex 38.8693 10.2329 1
    endloop
  endfacet
  facet normal -0.980711 -0.195462 0
    outer loop
      vertex 38.8693 10.2329 5
      vertex 38.8923 10.1175 1
      vertex 38.8923 10.1175 5
    endloop
  endfacet
  facet normal -0.195217 0.98076 0
    outer loop
      vertex 38.2329 9.13067 1
      vertex 38.1175 9.1077 5
      vertex 38.2329 9.13067 5
    endloop
  endfacet
  facet normal -0.195217 0.98076 0
    outer loop
      vertex 38.1175 9.1077 5
      vertex 38.2329 9.13067 1
      vertex 38.1175 9.1077 1
    endloop
  endfacet
  facet normal -0.751892 -0.659286 0
    outer loop
      vertex 38.714 10.5479 1
      vertex 38.6364 10.6364 5
      vertex 38.6364 10.6364 1
    endloop
  endfacet
  facet normal -0.751892 -0.659286 0
    outer loop
      vertex 38.6364 10.6364 5
      vertex 38.714 10.5479 1
      vertex 38.714 10.5479 5
    endloop
  endfacet
  facet normal -0.99786 -0.0653917 0
    outer loop
      vertex 38.9 10 1
      vertex 38.8923 10.1175 5
      vertex 38.8923 10.1175 1
    endloop
  endfacet
  facet normal -0.99786 -0.0653917 0
    outer loop
      vertex 38.8923 10.1175 5
      vertex 38.9 10 1
      vertex 38.9 10 5
    endloop
  endfacet
  facet normal -0.997859 0.0654083 0
    outer loop
      vertex 38.8923 9.88253 1
      vertex 38.9 10 5
      vertex 38.9 10 1
    endloop
  endfacet
  facet normal -0.997859 0.0654083 0
    outer loop
      vertex 38.9 10 5
      vertex 38.8923 9.88253 1
      vertex 38.8923 9.88253 5
    endloop
  endfacet
  facet normal 0.442247 0.896893 -0
    outer loop
      vertex 37.6556 9.16851 1
      vertex 37.55 9.22058 5
      vertex 37.6556 9.16851 5
    endloop
  endfacet
  facet normal 0.442247 0.896893 0
    outer loop
      vertex 37.55 9.22058 5
      vertex 37.6556 9.16851 1
      vertex 37.55 9.22058 1
    endloop
  endfacet
  facet normal -0.659382 0.751808 0
    outer loop
      vertex 38.6364 9.3636 1
      vertex 38.5479 9.28598 5
      vertex 38.6364 9.3636 5
    endloop
  endfacet
  facet normal -0.659382 0.751808 0
    outer loop
      vertex 38.5479 9.28598 5
      vertex 38.6364 9.3636 1
      vertex 38.5479 9.28598 1
    endloop
  endfacet
  facet normal -0.947057 -0.321065 0
    outer loop
      vertex 38.8693 10.2329 1
      vertex 38.8315 10.3444 5
      vertex 38.8315 10.3444 1
    endloop
  endfacet
  facet normal -0.947057 -0.321065 0
    outer loop
      vertex 38.8315 10.3444 5
      vertex 38.8693 10.2329 1
      vertex 38.8693 10.2329 5
    endloop
  endfacet
  facet normal -0.442452 -0.896792 0
    outer loop
      vertex 38.3444 10.8315 1
      vertex 38.45 10.7794 5
      vertex 38.3444 10.8315 5
    endloop
  endfacet
  facet normal -0.442452 -0.896792 -0
    outer loop
      vertex 38.45 10.7794 5
      vertex 38.3444 10.8315 1
      vertex 38.45 10.7794 1
    endloop
  endfacet
  facet normal -0.831501 0.555523 0
    outer loop
      vertex 38.714 9.45211 1
      vertex 38.7794 9.55 5
      vertex 38.7794 9.55 1
    endloop
  endfacet
  facet normal -0.831501 0.555523 0
    outer loop
      vertex 38.7794 9.55 5
      vertex 38.714 9.45211 1
      vertex 38.714 9.45211 5
    endloop
  endfacet
  facet normal 0.659382 0.751808 -0
    outer loop
      vertex 37.4521 9.28598 1
      vertex 37.3636 9.3636 5
      vertex 37.4521 9.28598 5
    endloop
  endfacet
  facet normal 0.659382 0.751808 0
    outer loop
      vertex 37.3636 9.3636 5
      vertex 37.4521 9.28598 1
      vertex 37.3636 9.3636 1
    endloop
  endfacet
  facet normal 0.195462 -0.980711 0
    outer loop
      vertex 37.7671 10.8693 1
      vertex 37.8825 10.8923 5
      vertex 37.7671 10.8693 5
    endloop
  endfacet
  facet normal 0.195462 -0.980711 0
    outer loop
      vertex 37.8825 10.8923 5
      vertex 37.7671 10.8693 1
      vertex 37.8825 10.8923 1
    endloop
  endfacet
  facet normal 0.896759 0.442519 0
    outer loop
      vertex 37.2206 9.55 5
      vertex 37.1685 9.65558 1
      vertex 37.1685 9.65558 5
    endloop
  endfacet
  facet normal 0.896759 0.442519 0
    outer loop
      vertex 37.1685 9.65558 1
      vertex 37.2206 9.55 5
      vertex 37.2206 9.55 1
    endloop
  endfacet
  facet normal 0.32137 0.946954 -0
    outer loop
      vertex 37.7671 9.13067 1
      vertex 37.6556 9.16851 5
      vertex 37.7671 9.13067 5
    endloop
  endfacet
  facet normal 0.32137 0.946954 0
    outer loop
      vertex 37.6556 9.16851 5
      vertex 37.7671 9.13067 1
      vertex 37.6556 9.16851 1
    endloop
  endfacet
  facet normal 0.980711 -0.195462 0
    outer loop
      vertex 37.1077 10.1175 5
      vertex 37.1307 10.2329 1
      vertex 37.1307 10.2329 5
    endloop
  endfacet
  facet normal 0.980711 -0.195462 0
    outer loop
      vertex 37.1307 10.2329 1
      vertex 37.1077 10.1175 5
      vertex 37.1077 10.1175 1
    endloop
  endfacet
  facet normal 0.555484 -0.831527 0
    outer loop
      vertex 37.4521 10.714 1
      vertex 37.55 10.7794 5
      vertex 37.4521 10.714 5
    endloop
  endfacet
  facet normal 0.555484 -0.831527 0
    outer loop
      vertex 37.55 10.7794 5
      vertex 37.4521 10.714 1
      vertex 37.55 10.7794 1
    endloop
  endfacet
  facet normal 0.997859 0.0654083 0
    outer loop
      vertex 37.1077 9.88253 5
      vertex 37.1 10 1
      vertex 37.1 10 5
    endloop
  endfacet
  facet normal 0.997859 0.0654083 0
    outer loop
      vertex 37.1 10 1
      vertex 37.1077 9.88253 5
      vertex 37.1077 9.88253 1
    endloop
  endfacet
  facet normal -0.321065 -0.947057 0
    outer loop
      vertex 38.2329 10.8693 1
      vertex 38.3444 10.8315 5
      vertex 38.2329 10.8693 5
    endloop
  endfacet
  facet normal -0.321065 -0.947057 -0
    outer loop
      vertex 38.3444 10.8315 5
      vertex 38.2329 10.8693 1
      vertex 38.3444 10.8315 1
    endloop
  endfacet
  facet normal 0.751892 -0.659286 0
    outer loop
      vertex 37.286 10.5479 5
      vertex 37.3636 10.6364 1
      vertex 37.3636 10.6364 5
    endloop
  endfacet
  facet normal 0.751892 -0.659286 0
    outer loop
      vertex 37.3636 10.6364 1
      vertex 37.286 10.5479 5
      vertex 37.286 10.5479 1
    endloop
  endfacet
  facet normal -0.831527 -0.555484 0
    outer loop
      vertex 38.7794 10.45 1
      vertex 38.714 10.5479 5
      vertex 38.714 10.5479 1
    endloop
  endfacet
  facet normal -0.831527 -0.555484 0
    outer loop
      vertex 38.714 10.5479 5
      vertex 38.7794 10.45 1
      vertex 38.7794 10.45 5
    endloop
  endfacet
  facet normal -0.896759 0.442519 0
    outer loop
      vertex 38.7794 9.55 1
      vertex 38.8315 9.65558 5
      vertex 38.8315 9.65558 1
    endloop
  endfacet
  facet normal -0.896759 0.442519 0
    outer loop
      vertex 38.8315 9.65558 5
      vertex 38.7794 9.55 1
      vertex 38.7794 9.55 5
    endloop
  endfacet
  facet normal -0.659286 -0.751892 0
    outer loop
      vertex 38.5479 10.714 1
      vertex 38.6364 10.6364 5
      vertex 38.5479 10.714 5
    endloop
  endfacet
  facet normal -0.659286 -0.751892 -0
    outer loop
      vertex 38.6364 10.6364 5
      vertex 38.5479 10.714 1
      vertex 38.6364 10.6364 1
    endloop
  endfacet
  facet normal -0.980734 0.195348 0
    outer loop
      vertex 38.8693 9.76706 1
      vertex 38.8923 9.88253 5
      vertex 38.8923 9.88253 1
    endloop
  endfacet
  facet normal -0.980734 0.195348 0
    outer loop
      vertex 38.8923 9.88253 5
      vertex 38.8693 9.76706 1
      vertex 38.8693 9.76706 5
    endloop
  endfacet
  facet normal -0.751929 0.659244 0
    outer loop
      vertex 38.6364 9.3636 1
      vertex 38.714 9.45211 5
      vertex 38.714 9.45211 1
    endloop
  endfacet
  facet normal -0.751929 0.659244 0
    outer loop
      vertex 38.714 9.45211 5
      vertex 38.6364 9.3636 1
      vertex 38.6364 9.3636 5
    endloop
  endfacet
  facet normal 0.442452 -0.896792 0
    outer loop
      vertex 37.55 10.7794 1
      vertex 37.6556 10.8315 5
      vertex 37.55 10.7794 5
    endloop
  endfacet
  facet normal 0.442452 -0.896792 0
    outer loop
      vertex 37.6556 10.8315 5
      vertex 37.55 10.7794 1
      vertex 37.6556 10.8315 1
    endloop
  endfacet
  facet normal -0.442247 0.896893 0
    outer loop
      vertex 38.45 9.22058 1
      vertex 38.3444 9.16851 5
      vertex 38.45 9.22058 5
    endloop
  endfacet
  facet normal -0.442247 0.896893 0
    outer loop
      vertex 38.3444 9.16851 5
      vertex 38.45 9.22058 1
      vertex 38.3444 9.16851 1
    endloop
  endfacet
  facet normal 0.99786 -0.0653917 0
    outer loop
      vertex 37.1 10 5
      vertex 37.1077 10.1175 1
      vertex 37.1077 10.1175 5
    endloop
  endfacet
  facet normal 0.99786 -0.0653917 0
    outer loop
      vertex 37.1077 10.1175 1
      vertex 37.1 10 5
      vertex 37.1 10 1
    endloop
  endfacet
  facet normal -0.195462 -0.980711 0
    outer loop
      vertex 38.1175 10.8923 1
      vertex 38.2329 10.8693 5
      vertex 38.1175 10.8923 5
    endloop
  endfacet
  facet normal -0.195462 -0.980711 -0
    outer loop
      vertex 38.2329 10.8693 5
      vertex 38.1175 10.8923 1
      vertex 38.2329 10.8693 1
    endloop
  endfacet
  facet normal 0.831501 0.555523 0
    outer loop
      vertex 37.286 9.45211 5
      vertex 37.2206 9.55 1
      vertex 37.2206 9.55 5
    endloop
  endfacet
  facet normal 0.831501 0.555523 0
    outer loop
      vertex 37.2206 9.55 1
      vertex 37.286 9.45211 5
      vertex 37.286 9.45211 1
    endloop
  endfacet
  facet normal -0.0653917 -0.99786 0
    outer loop
      vertex 38 10.9 1
      vertex 38.1175 10.8923 5
      vertex 38 10.9 5
    endloop
  endfacet
  facet normal -0.0653917 -0.99786 -0
    outer loop
      vertex 38.1175 10.8923 5
      vertex 38 10.9 1
      vertex 38.1175 10.8923 1
    endloop
  endfacet
  facet normal 0.0653917 -0.99786 0
    outer loop
      vertex 37.8825 10.8923 1
      vertex 38 10.9 5
      vertex 37.8825 10.8923 5
    endloop
  endfacet
  facet normal 0.0653917 -0.99786 0
    outer loop
      vertex 38 10.9 5
      vertex 37.8825 10.8923 1
      vertex 38 10.9 1
    endloop
  endfacet
  facet normal 0.321065 -0.947057 0
    outer loop
      vertex 37.6556 10.8315 1
      vertex 37.7671 10.8693 5
      vertex 37.6556 10.8315 5
    endloop
  endfacet
  facet normal 0.321065 -0.947057 0
    outer loop
      vertex 37.7671 10.8693 5
      vertex 37.6556 10.8315 1
      vertex 37.7671 10.8693 1
    endloop
  endfacet
  facet normal 0.659286 -0.751892 0
    outer loop
      vertex 37.3636 10.6364 1
      vertex 37.4521 10.714 5
      vertex 37.3636 10.6364 5
    endloop
  endfacet
  facet normal 0.659286 -0.751892 0
    outer loop
      vertex 37.4521 10.714 5
      vertex 37.3636 10.6364 1
      vertex 37.4521 10.714 1
    endloop
  endfacet
  facet normal 0.751929 0.659244 0
    outer loop
      vertex 37.3636 9.3636 5
      vertex 37.286 9.45211 1
      vertex 37.286 9.45211 5
    endloop
  endfacet
  facet normal 0.751929 0.659244 0
    outer loop
      vertex 37.286 9.45211 1
      vertex 37.3636 9.3636 5
      vertex 37.3636 9.3636 1
    endloop
  endfacet
  facet normal -0.32137 0.946954 0
    outer loop
      vertex 38.3444 9.16851 1
      vertex 38.2329 9.13067 5
      vertex 38.3444 9.16851 5
    endloop
  endfacet
  facet normal -0.32137 0.946954 0
    outer loop
      vertex 38.2329 9.13067 5
      vertex 38.3444 9.16851 1
      vertex 38.2329 9.13067 1
    endloop
  endfacet
  facet normal 0.94704 0.321117 0
    outer loop
      vertex 37.1685 9.65558 5
      vertex 37.1307 9.76706 1
      vertex 37.1307 9.76706 5
    endloop
  endfacet
  facet normal 0.94704 0.321117 0
    outer loop
      vertex 37.1307 9.76706 1
      vertex 37.1685 9.65558 5
      vertex 37.1685 9.65558 1
    endloop
  endfacet
  facet normal 0.195217 0.98076 -0
    outer loop
      vertex 37.8825 9.1077 1
      vertex 37.7671 9.13067 5
      vertex 37.8825 9.1077 5
    endloop
  endfacet
  facet normal 0.195217 0.98076 0
    outer loop
      vertex 37.7671 9.13067 5
      vertex 37.8825 9.1077 1
      vertex 37.7671 9.13067 1
    endloop
  endfacet
  facet normal 0.980734 0.195348 0
    outer loop
      vertex 37.1307 9.76706 5
      vertex 37.1077 9.88253 1
      vertex 37.1077 9.88253 5
    endloop
  endfacet
  facet normal 0.980734 0.195348 0
    outer loop
      vertex 37.1077 9.88253 1
      vertex 37.1307 9.76706 5
      vertex 37.1307 9.76706 1
    endloop
  endfacet
  facet normal 0.831527 -0.555484 0
    outer loop
      vertex 37.2206 10.45 5
      vertex 37.286 10.5479 1
      vertex 37.286 10.5479 5
    endloop
  endfacet
  facet normal 0.831527 -0.555484 0
    outer loop
      vertex 37.286 10.5479 1
      vertex 37.2206 10.45 5
      vertex 37.2206 10.45 1
    endloop
  endfacet
  facet normal -0.555484 0.831527 0
    outer loop
      vertex 38.5479 9.28598 1
      vertex 38.45 9.22058 5
      vertex 38.5479 9.28598 5
    endloop
  endfacet
  facet normal -0.555484 0.831527 0
    outer loop
      vertex 38.45 9.22058 5
      vertex 38.5479 9.28598 1
      vertex 38.45 9.22058 1
    endloop
  endfacet
  facet normal 0.896792 -0.442452 0
    outer loop
      vertex 37.1685 10.3444 5
      vertex 37.2206 10.45 1
      vertex 37.2206 10.45 5
    endloop
  endfacet
  facet normal 0.896792 -0.442452 0
    outer loop
      vertex 37.2206 10.45 1
      vertex 37.1685 10.3444 5
      vertex 37.1685 10.3444 1
    endloop
  endfacet
  facet normal 0.947057 -0.321065 0
    outer loop
      vertex 37.1307 10.2329 5
      vertex 37.1685 10.3444 1
      vertex 37.1685 10.3444 5
    endloop
  endfacet
  facet normal 0.947057 -0.321065 0
    outer loop
      vertex 37.1685 10.3444 1
      vertex 37.1307 10.2329 5
      vertex 37.1307 10.2329 1
    endloop
  endfacet
  facet normal 0.555484 0.831527 -0
    outer loop
      vertex 37.55 9.22058 1
      vertex 37.4521 9.28598 5
      vertex 37.55 9.22058 5
    endloop
  endfacet
  facet normal 0.555484 0.831527 0
    outer loop
      vertex 37.4521 9.28598 5
      vertex 37.55 9.22058 1
      vertex 37.4521 9.28598 1
    endloop
  endfacet
  facet normal 0 0 1
    outer loop
      vertex 23.8617 5.96255 4.6
      vertex 24.1349 6.06683 4.6
      vertex 24.0702 6.17606 4.6
    endloop
  endfacet
  facet normal 0 0 1
    outer loop
      vertex 23.8229 6.028 4.6
      vertex 24.0702 6.17606 4.6
      vertex 23.9892 6.26541 4.6
    endloop
  endfacet
  facet normal 0 0 1
    outer loop
      vertex 23.7755 6.08156 4.6
      vertex 23.9892 6.26541 4.6
      vertex 23.8918 6.33493 4.6
    endloop
  endfacet
  facet normal 0 0 1
    outer loop
      vertex 24.0702 6.17606 4.6
      vertex 23.8229 6.028 4.6
      vertex 23.8617 5.96255 4.6
    endloop
  endfacet
  facet normal 0 0 1
    outer loop
      vertex 24.1349 6.06683 4.6
      vertex 23.8917 5.88519 4.6
      vertex 24.1833 5.93774 4.6
    endloop
  endfacet
  facet normal 0 -0 1
    outer loop
      vertex 23.8917 5.88519 4.6
      vertex 24.1349 6.06683 4.6
      vertex 23.8617 5.96255 4.6
    endloop
  endfacet
  facet normal 0 0 1
    outer loop
      vertex 23.7193 6.12321 4.6
      vertex 23.8918 6.33493 4.6
      vertex 23.7782 6.38457 4.6
    endloop
  endfacet
  facet normal 0 0 1
    outer loop
      vertex 23.9892 6.26541 4.6
      vertex 23.7755 6.08156 4.6
      vertex 23.8229 6.028 4.6
    endloop
  endfacet
  facet normal 0 0 1
    outer loop
      vertex 23.8918 6.33493 4.6
      vertex 23.7193 6.12321 4.6
      vertex 23.7755 6.08156 4.6
    endloop
  endfacet
  facet normal 0 0 1
    outer loop
      vertex 23.7782 6.38457 4.6
      vertex 23.6544 6.15297 4.6
      vertex 23.7193 6.12321 4.6
    endloop
  endfacet
  facet normal 0 0 1
    outer loop
      vertex 23.6481 6.41437 4.6
      vertex 23.6544 6.15297 4.6
      vertex 23.7782 6.38457 4.6
    endloop
  endfacet
  facet normal 0 0 1
    outer loop
      vertex 23.6481 6.41437 4.6
      vertex 23.5807 6.17082 4.6
      vertex 23.6544 6.15297 4.6
    endloop
  endfacet
  facet normal 0 0 1
    outer loop
      vertex 23.5018 6.42429 4.6
      vertex 23.5807 6.17082 4.6
      vertex 23.6481 6.41437 4.6
    endloop
  endfacet
  facet normal 0 0 1
    outer loop
      vertex 23.5018 6.42429 4.6
      vertex 23.4984 6.17677 4.6
      vertex 23.5807 6.17082 4.6
    endloop
  endfacet
  facet normal 0 0 1
    outer loop
      vertex 23.5018 6.42429 4.6
      vertex 23.4262 6.1718 4.6
      vertex 23.4984 6.17677 4.6
    endloop
  endfacet
  facet normal -0 0 1
    outer loop
      vertex 23.3884 6.41751 4.6
      vertex 23.4262 6.1718 4.6
      vertex 23.5018 6.42429 4.6
    endloop
  endfacet
  facet normal 0 0 1
    outer loop
      vertex 23.3884 6.41751 4.6
      vertex 23.3588 6.15691 4.6
      vertex 23.4262 6.1718 4.6
    endloop
  endfacet
  facet normal -0 0 1
    outer loop
      vertex 23.2827 6.39717 4.6
      vertex 23.3588 6.15691 4.6
      vertex 23.3884 6.41751 4.6
    endloop
  endfacet
  facet normal 0 0 1
    outer loop
      vertex 23.3588 6.15691 4.6
      vertex 23.2827 6.39717 4.6
      vertex 23.2962 6.13208 4.6
    endloop
  endfacet
  facet normal -0 0 1
    outer loop
      vertex 23.1847 6.36325 4.6
      vertex 23.2962 6.13208 4.6
      vertex 23.2827 6.39717 4.6
    endloop
  endfacet
  facet normal 0 0 1
    outer loop
      vertex 23.2962 6.13208 4.6
      vertex 23.1847 6.36325 4.6
      vertex 23.2385 6.09734 4.6
    endloop
  endfacet
  facet normal -0 0 1
    outer loop
      vertex 23.0944 6.31578 4.6
      vertex 23.2385 6.09734 4.6
      vertex 23.1847 6.36325 4.6
    endloop
  endfacet
  facet normal -0 0 1
    outer loop
      vertex 23.0117 6.25475 4.6
      vertex 23.2385 6.09734 4.6
      vertex 23.0944 6.31578 4.6
    endloop
  endfacet
  facet normal 0 0 1
    outer loop
      vertex 23.2385 6.09734 4.6
      vertex 23.0117 6.25475 4.6
      vertex 23.1855 6.05264 4.6
    endloop
  endfacet
  facet normal -0 0 1
    outer loop
      vertex 22.9367 6.18016 4.6
      vertex 23.1855 6.05264 4.6
      vertex 23.0117 6.25475 4.6
    endloop
  endfacet
  facet normal 0 0 1
    outer loop
      vertex 23.1855 6.05264 4.6
      vertex 22.9367 6.18016 4.6
      vertex 23.1374 5.99803 4.6
    endloop
  endfacet
  facet normal -0 0 1
    outer loop
      vertex 22.8694 6.092 4.6
      vertex 23.1374 5.99803 4.6
      vertex 22.9367 6.18016 4.6
    endloop
  endfacet
  facet normal 0 0 1
    outer loop
      vertex 23.1374 5.99803 4.6
      vertex 22.8694 6.092 4.6
      vertex 23.0941 5.93349 4.6
    endloop
  endfacet
  facet normal -0 0 1
    outer loop
      vertex 22.8105 5.99118 4.6
      vertex 23.0941 5.93349 4.6
      vertex 22.8694 6.092 4.6
    endloop
  endfacet
  facet normal 0 0 1
    outer loop
      vertex 23.0941 5.93349 4.6
      vertex 22.8105 5.99118 4.6
      vertex 23.0561 5.85954 4.6
    endloop
  endfacet
  facet normal -0 0 1
    outer loop
      vertex 22.7607 5.8786 4.6
      vertex 23.0561 5.85954 4.6
      vertex 22.8105 5.99118 4.6
    endloop
  endfacet
  facet normal 0 0 1
    outer loop
      vertex 23.0561 5.85954 4.6
      vertex 22.7607 5.8786 4.6
      vertex 23.0239 5.77669 4.6
    endloop
  endfacet
  facet normal 0 0 1
    outer loop
      vertex 23.0239 5.77669 4.6
      vertex 22.7199 5.75426 4.6
      vertex 22.9976 5.68495 4.6
    endloop
  endfacet
  facet normal 0 0 1
    outer loop
      vertex 22.7199 5.75426 4.6
      vertex 23.0239 5.77669 4.6
      vertex 22.7607 5.8786 4.6
    endloop
  endfacet
  facet normal -0 0 1
    outer loop
      vertex 23.9366 4.83965 4.6
      vertex 24.2494 4.78154 4.6
      vertex 24.2455 4.87842 4.6
    endloop
  endfacet
  facet normal -0 0 1
    outer loop
      vertex 23.9288 4.90649 4.6
      vertex 24.2455 4.87842 4.6
      vertex 24.2336 4.96948 4.6
    endloop
  endfacet
  facet normal 0 0 1
    outer loop
      vertex 24.2494 4.78154 4.6
      vertex 23.9366 4.83965 4.6
      vertex 23.9392 4.76797 4.6
    endloop
  endfacet
  facet normal 0 0 1
    outer loop
      vertex 23.9158 4.96849 4.6
      vertex 24.2336 4.96948 4.6
      vertex 24.2138 5.05472 4.6
    endloop
  endfacet
  facet normal 0 0 1
    outer loop
      vertex 24.2494 4.78154 4.6
      vertex 23.9392 4.76797 4.6
      vertex 24.2452 4.67677 4.6
    endloop
  endfacet
  facet normal 0 0 1
    outer loop
      vertex 23.9158 4.96849 4.6
      vertex 24.2138 5.05472 4.6
      vertex 24.186 5.13416 4.6
    endloop
  endfacet
  facet normal 0 0 1
    outer loop
      vertex 24.2452 4.67677 4.6
      vertex 23.9366 4.69612 4.6
      vertex 24.2327 4.57851 4.6
    endloop
  endfacet
  facet normal 0 0 1
    outer loop
      vertex 23.8977 5.02565 4.6
      vertex 24.186 5.13416 4.6
      vertex 24.1504 5.20778 4.6
    endloop
  endfacet
  facet normal -0 0 1
    outer loop
      vertex 23.9289 4.62881 4.6
      vertex 24.2327 4.57851 4.6
      vertex 23.9366 4.69612 4.6
    endloop
  endfacet
  facet normal 0 0 1
    outer loop
      vertex 23.8743 5.07796 4.6
      vertex 24.1504 5.20778 4.6
      vertex 24.1068 5.27559 4.6
    endloop
  endfacet
  facet normal 0 0 1
    outer loop
      vertex 24.2327 4.57851 4.6
      vertex 23.9289 4.62881 4.6
      vertex 24.2117 4.48676 4.6
    endloop
  endfacet
  facet normal 0 0 1
    outer loop
      vertex 23.8458 5.12543 4.6
      vertex 24.1068 5.27559 4.6
      vertex 24.0553 5.33759 4.6
    endloop
  endfacet
  facet normal -0 0 1
    outer loop
      vertex 23.9161 4.56604 4.6
      vertex 24.2117 4.48676 4.6
      vertex 23.9289 4.62881 4.6
    endloop
  endfacet
  facet normal 0 0 1
    outer loop
      vertex 23.812 5.16805 4.6
      vertex 24.0553 5.33759 4.6
      vertex 23.997 5.39247 4.6
    endloop
  endfacet
  facet normal 0 0 1
    outer loop
      vertex 24.2117 4.48676 4.6
      vertex 23.9161 4.56604 4.6
      vertex 24.1824 4.4015 4.6
    endloop
  endfacet
  facet normal -0 0 1
    outer loop
      vertex 23.8982 4.5078 4.6
      vertex 24.1824 4.4015 4.6
      vertex 23.9161 4.56604 4.6
    endloop
  endfacet
  facet normal -0 0 1
    outer loop
      vertex 23.9366 4.69612 4.6
      vertex 24.2452 4.67677 4.6
      vertex 23.9392 4.76797 4.6
    endloop
  endfacet
  facet normal 0 0 1
    outer loop
      vertex 23.7737 5.20538 4.6
      vertex 23.997 5.39247 4.6
      vertex 23.9332 5.43889 4.6
    endloop
  endfacet
  facet normal 0 0 1
    outer loop
      vertex 24.2455 4.87842 4.6
      vertex 23.9288 4.90649 4.6
      vertex 23.9366 4.83965 4.6
    endloop
  endfacet
  facet normal 0 0 1
    outer loop
      vertex 24.2336 4.96948 4.6
      vertex 23.9158 4.96849 4.6
      vertex 23.9288 4.90649 4.6
    endloop
  endfacet
  facet normal 0 0 1
    outer loop
      vertex 24.186 5.13416 4.6
      vertex 23.8977 5.02565 4.6
      vertex 23.9158 4.96849 4.6
    endloop
  endfacet
  facet normal 0 0 1
    outer loop
      vertex 24.1504 5.20778 4.6
      vertex 23.8743 5.07796 4.6
      vertex 23.8977 5.02565 4.6
    endloop
  endfacet
  facet normal 0 0 1
    outer loop
      vertex 23.7312 5.23697 4.6
      vertex 23.9332 5.43889 4.6
      vertex 23.8638 5.47688 4.6
    endloop
  endfacet
  facet normal 0 0 1
    outer loop
      vertex 24.1068 5.27559 4.6
      vertex 23.8458 5.12543 4.6
      vertex 23.8743 5.07796 4.6
    endloop
  endfacet
  facet normal 0 0 1
    outer loop
      vertex 24.0553 5.33759 4.6
      vertex 23.812 5.16805 4.6
      vertex 23.8458 5.12543 4.6
    endloop
  endfacet
  facet normal 0 0 1
    outer loop
      vertex 23.7312 5.23697 4.6
      vertex 23.8638 5.47688 4.6
      vertex 23.7889 5.50642 4.6
    endloop
  endfacet
  facet normal 0 0 1
    outer loop
      vertex 23.997 5.39247 4.6
      vertex 23.7737 5.20538 4.6
      vertex 23.812 5.16805 4.6
    endloop
  endfacet
  facet normal 0 0 1
    outer loop
      vertex 23.9332 5.43889 4.6
      vertex 23.7312 5.23697 4.6
      vertex 23.7737 5.20538 4.6
    endloop
  endfacet
  facet normal 0 0 1
    outer loop
      vertex 23.6847 5.26282 4.6
      vertex 23.7889 5.50642 4.6
      vertex 23.7084 5.52753 4.6
    endloop
  endfacet
  facet normal 0 0 1
    outer loop
      vertex 23.7889 5.50642 4.6
      vertex 23.6847 5.26282 4.6
      vertex 23.7312 5.23697 4.6
    endloop
  endfacet
  facet normal 0 0 1
    outer loop
      vertex 23.7084 5.52753 4.6
      vertex 23.6341 5.28291 4.6
      vertex 23.6847 5.26282 4.6
    endloop
  endfacet
  facet normal 0 0 1
    outer loop
      vertex 23.6223 5.54019 4.6
      vertex 23.6341 5.28291 4.6
      vertex 23.7084 5.52753 4.6
    endloop
  endfacet
  facet normal 0 0 1
    outer loop
      vertex 23.6223 5.54019 4.6
      vertex 23.5794 5.29729 4.6
      vertex 23.6341 5.28291 4.6
    endloop
  endfacet
  facet normal 0 0 1
    outer loop
      vertex 23.5306 5.54442 4.6
      vertex 23.5794 5.29729 4.6
      vertex 23.6223 5.54019 4.6
    endloop
  endfacet
  facet normal 0 0 1
    outer loop
      vertex 23.5306 5.54442 4.6
      vertex 23.5206 5.30589 4.6
      vertex 23.5794 5.29729 4.6
    endloop
  endfacet
  facet normal -0 0 1
    outer loop
      vertex 23.4758 5.54277 4.6
      vertex 23.5206 5.30589 4.6
      vertex 23.5306 5.54442 4.6
    endloop
  endfacet
  facet normal 0 0 1
    outer loop
      vertex 23.4758 5.54277 4.6
      vertex 23.4577 5.30876 4.6
      vertex 23.5206 5.30589 4.6
    endloop
  endfacet
  facet normal -0 0 1
    outer loop
      vertex 23.4228 5.53784 4.6
      vertex 23.4577 5.30876 4.6
      vertex 23.4758 5.54277 4.6
    endloop
  endfacet
  facet normal 0 0 1
    outer loop
      vertex 23.4228 5.53784 4.6
      vertex 23.3984 5.30623 4.6
      vertex 23.4577 5.30876 4.6
    endloop
  endfacet
  facet normal -0 0 1
    outer loop
      vertex 23.3716 5.52963 4.6
      vertex 23.3984 5.30623 4.6
      vertex 23.4228 5.53784 4.6
    endloop
  endfacet
  facet normal -0 0 1
    outer loop
      vertex 23.3222 5.51813 4.6
      vertex 23.3984 5.30623 4.6
      vertex 23.3716 5.52963 4.6
    endloop
  endfacet
  facet normal 0 0 1
    outer loop
      vertex 23.3984 5.30623 4.6
      vertex 23.3222 5.51813 4.6
      vertex 23.3424 5.2986 4.6
    endloop
  endfacet
  facet normal -0 0 1
    outer loop
      vertex 23.2746 5.50333 4.6
      vertex 23.3424 5.2986 4.6
      vertex 23.3222 5.51813 4.6
    endloop
  endfacet
  facet normal 0 0 1
    outer loop
      vertex 23.3424 5.2986 4.6
      vertex 23.2746 5.50333 4.6
      vertex 23.2897 5.28589 4.6
    endloop
  endfacet
  facet normal -0 0 1
    outer loop
      vertex 23.2288 5.48526 4.6
      vertex 23.2897 5.28589 4.6
      vertex 23.2746 5.50333 4.6
    endloop
  endfacet
  facet normal -0 0 1
    outer loop
      vertex 23.1848 5.4639 4.6
      vertex 23.2897 5.28589 4.6
      vertex 23.2288 5.48526 4.6
    endloop
  endfacet
  facet normal 0 0 1
    outer loop
      vertex 23.2897 5.28589 4.6
      vertex 23.1848 5.4639 4.6
      vertex 23.2404 5.26808 4.6
    endloop
  endfacet
  facet normal -0 0 1
    outer loop
      vertex 23.143 5.43938 4.6
      vertex 23.2404 5.26808 4.6
      vertex 23.1848 5.4639 4.6
    endloop
  endfacet
  facet normal -0 0 1
    outer loop
      vertex 23.1041 5.41187 4.6
      vertex 23.2404 5.26808 4.6
      vertex 23.143 5.43938 4.6
    endloop
  endfacet
  facet normal 0 0 1
    outer loop
      vertex 23.2404 5.26808 4.6
      vertex 23.1041 5.41187 4.6
      vertex 23.1945 5.24519 4.6
    endloop
  endfacet
  facet normal -0 0 1
    outer loop
      vertex 23.0679 5.38133 4.6
      vertex 23.1945 5.24519 4.6
      vertex 23.1041 5.41187 4.6
    endloop
  endfacet
  facet normal 0 0 1
    outer loop
      vertex 23.1945 5.24519 4.6
      vertex 23.0679 5.38133 4.6
      vertex 23.1519 5.21722 4.6
    endloop
  endfacet
  facet normal -0 0 1
    outer loop
      vertex 23.0345 5.34778 4.6
      vertex 23.1519 5.21722 4.6
      vertex 23.0679 5.38133 4.6
    endloop
  endfacet
  facet normal -0 0 1
    outer loop
      vertex 23.0038 5.31123 4.6
      vertex 23.1519 5.21722 4.6
      vertex 23.0345 5.34778 4.6
    endloop
  endfacet
  facet normal 0 0 1
    outer loop
      vertex 23.1519 5.21722 4.6
      vertex 23.0038 5.31123 4.6
      vertex 23.1127 5.18417 4.6
    endloop
  endfacet
  facet normal -0 0 1
    outer loop
      vertex 22.9759 5.27167 4.6
      vertex 23.1127 5.18417 4.6
      vertex 23.0038 5.31123 4.6
    endloop
  endfacet
  facet normal 0 0 1
    outer loop
      vertex 23.1127 5.18417 4.6
      vertex 22.9759 5.27167 4.6
      vertex 23.0779 5.14665 4.6
    endloop
  endfacet
  facet normal -0 0 1
    outer loop
      vertex 22.9508 5.2291 4.6
      vertex 23.0779 5.14665 4.6
      vertex 22.9759 5.27167 4.6
    endloop
  endfacet
  facet normal 0 0 1
    outer loop
      vertex 23.0779 5.14665 4.6
      vertex 22.9508 5.2291 4.6
      vertex 23.0484 5.10529 4.6
    endloop
  endfacet
  facet normal 0 0 1
    outer loop
      vertex 23.0484 5.10529 4.6
      vertex 22.9508 5.2291 4.6
      vertex 23.0242 5.06009 4.6
    endloop
  endfacet
  facet normal 0 0 1
    outer loop
      vertex 23.0242 5.06009 4.6
      vertex 22.9508 5.2291 4.6
      vertex 23.0055 5.01105 4.6
    endloop
  endfacet
  facet normal 0 -0 1
    outer loop
      vertex 22.6517 4.98109 4.6
      vertex 23.0055 5.01105 4.6
      vertex 22.6474 5.13924 4.6
    endloop
  endfacet
  facet normal -0 0 1
    outer loop
      vertex 22.6474 5.13924 4.6
      vertex 23.0055 5.01105 4.6
      vertex 22.9508 5.2291 4.6
    endloop
  endfacet
  facet normal 0 0 1
    outer loop
      vertex 24.1824 4.4015 4.6
      vertex 23.8982 4.5078 4.6
      vertex 24.1448 4.32275 4.6
    endloop
  endfacet
  facet normal -0 0 1
    outer loop
      vertex 23.8752 4.45407 4.6
      vertex 24.1448 4.32275 4.6
      vertex 23.8982 4.5078 4.6
    endloop
  endfacet
  facet normal 0 0 1
    outer loop
      vertex 24.1448 4.32275 4.6
      vertex 23.8752 4.45407 4.6
      vertex 24.0987 4.2505 4.6
    endloop
  endfacet
  facet normal -0 0 1
    outer loop
      vertex 23.847 4.40489 4.6
      vertex 24.0987 4.2505 4.6
      vertex 23.8752 4.45407 4.6
    endloop
  endfacet
  facet normal 0 0 1
    outer loop
      vertex 24.0987 4.2505 4.6
      vertex 23.847 4.40489 4.6
      vertex 24.0443 4.18477 4.6
    endloop
  endfacet
  facet normal -0 0 1
    outer loop
      vertex 23.8137 4.36024 4.6
      vertex 24.0443 4.18477 4.6
      vertex 23.847 4.40489 4.6
    endloop
  endfacet
  facet normal 0 0 1
    outer loop
      vertex 24.0443 4.18477 4.6
      vertex 23.8137 4.36024 4.6
      vertex 23.9825 4.12675 4.6
    endloop
  endfacet
  facet normal -0 0 1
    outer loop
      vertex 23.7759 4.32089 4.6
      vertex 23.9825 4.12675 4.6
      vertex 23.8137 4.36024 4.6
    endloop
  endfacet
  facet normal 0 0 1
    outer loop
      vertex 23.9825 4.12675 4.6
      vertex 23.7759 4.32089 4.6
      vertex 23.9143 4.07767 4.6
    endloop
  endfacet
  facet normal -0 0 1
    outer loop
      vertex 23.7343 4.2876 4.6
      vertex 23.9143 4.07767 4.6
      vertex 23.7759 4.32089 4.6
    endloop
  endfacet
  facet normal 0 0 1
    outer loop
      vertex 23.9143 4.07767 4.6
      vertex 23.7343 4.2876 4.6
      vertex 23.8398 4.03749 4.6
    endloop
  endfacet
  facet normal -0 0 1
    outer loop
      vertex 23.6888 4.26035 4.6
      vertex 23.8398 4.03749 4.6
      vertex 23.7343 4.2876 4.6
    endloop
  endfacet
  facet normal 0 0 1
    outer loop
      vertex 23.8398 4.03749 4.6
      vertex 23.6888 4.26035 4.6
      vertex 23.7589 4.00626 4.6
    endloop
  endfacet
  facet normal -0 0 1
    outer loop
      vertex 23.6393 4.23917 4.6
      vertex 23.7589 4.00626 4.6
      vertex 23.6888 4.26035 4.6
    endloop
  endfacet
  facet normal 0 0 1
    outer loop
      vertex 23.7589 4.00626 4.6
      vertex 23.6393 4.23917 4.6
      vertex 23.6717 3.98396 4.6
    endloop
  endfacet
  facet normal -0 0 1
    outer loop
      vertex 23.5861 4.22403 4.6
      vertex 23.6717 3.98396 4.6
      vertex 23.6393 4.23917 4.6
    endloop
  endfacet
  facet normal 0 0 1
    outer loop
      vertex 23.5861 4.22403 4.6
      vertex 23.578 3.97057 4.6
      vertex 23.6717 3.98396 4.6
    endloop
  endfacet
  facet normal -0 0 1
    outer loop
      vertex 23.5289 4.21495 4.6
      vertex 23.578 3.97057 4.6
      vertex 23.5861 4.22403 4.6
    endloop
  endfacet
  facet normal 0 0 1
    outer loop
      vertex 23.5289 4.21495 4.6
      vertex 23.4781 3.96611 4.6
      vertex 23.578 3.97057 4.6
    endloop
  endfacet
  facet normal -0 0 1
    outer loop
      vertex 23.4679 4.21191 4.6
      vertex 23.4781 3.96611 4.6
      vertex 23.5289 4.21495 4.6
    endloop
  endfacet
  facet normal 0 0 1
    outer loop
      vertex 23.4084 4.21552 4.6
      vertex 23.4781 3.96611 4.6
      vertex 23.4679 4.21191 4.6
    endloop
  endfacet
  facet normal 0 0 1
    outer loop
      vertex 23.4084 4.21552 4.6
      vertex 23.3667 3.97223 4.6
      vertex 23.4781 3.96611 4.6
    endloop
  endfacet
  facet normal 0 0 1
    outer loop
      vertex 23.3521 4.2263 4.6
      vertex 23.3667 3.97223 4.6
      vertex 23.4084 4.21552 4.6
    endloop
  endfacet
  facet normal 0 0 1
    outer loop
      vertex 23.263 3.9906 4.6
      vertex 23.3521 4.2263 4.6
      vertex 23.299 4.24429 4.6
    endloop
  endfacet
  facet normal 0 0 1
    outer loop
      vertex 23.3521 4.2263 4.6
      vertex 23.263 3.9906 4.6
      vertex 23.3667 3.97223 4.6
    endloop
  endfacet
  facet normal 0 0 1
    outer loop
      vertex 23.1671 4.02121 4.6
      vertex 23.299 4.24429 4.6
      vertex 23.2489 4.26949 4.6
    endloop
  endfacet
  facet normal 0 0 1
    outer loop
      vertex 23.0789 4.06407 4.6
      vertex 23.2489 4.26949 4.6
      vertex 23.2021 4.30186 4.6
    endloop
  endfacet
  facet normal 0 0 1
    outer loop
      vertex 23.299 4.24429 4.6
      vertex 23.1671 4.02121 4.6
      vertex 23.263 3.9906 4.6
    endloop
  endfacet
  facet normal 0 0 1
    outer loop
      vertex 22.9985 4.11919 4.6
      vertex 23.2021 4.30186 4.6
      vertex 23.1584 4.34145 4.6
    endloop
  endfacet
  facet normal 0 0 1
    outer loop
      vertex 22.9259 4.18654 4.6
      vertex 23.1584 4.34145 4.6
      vertex 23.1178 4.38821 4.6
    endloop
  endfacet
  facet normal 0 0 1
    outer loop
      vertex 22.861 4.26614 4.6
      vertex 23.1178 4.38821 4.6
      vertex 23.0816 4.44064 4.6
    endloop
  endfacet
  facet normal 0 0 1
    outer loop
      vertex 23.2489 4.26949 4.6
      vertex 23.0789 4.06407 4.6
      vertex 23.1671 4.02121 4.6
    endloop
  endfacet
  facet normal 0 0 1
    outer loop
      vertex 22.8043 4.35745 4.6
      vertex 23.0816 4.44064 4.6
      vertex 23.0509 4.49713 4.6
    endloop
  endfacet
  facet normal 0 0 1
    outer loop
      vertex 22.7563 4.4599 4.6
      vertex 23.0509 4.49713 4.6
      vertex 23.0259 4.55772 4.6
    endloop
  endfacet
  facet normal 0 0 1
    outer loop
      vertex 22.7563 4.4599 4.6
      vertex 23.0259 4.55772 4.6
      vertex 23.0064 4.62239 4.6
    endloop
  endfacet
  facet normal 0 0 1
    outer loop
      vertex 23.2021 4.30186 4.6
      vertex 22.9985 4.11919 4.6
      vertex 23.0789 4.06407 4.6
    endloop
  endfacet
  facet normal 0 0 1
    outer loop
      vertex 22.7171 4.57349 4.6
      vertex 23.0064 4.62239 4.6
      vertex 22.9925 4.69113 4.6
    endloop
  endfacet
  facet normal -0 0 1
    outer loop
      vertex 22.6866 4.69821 4.6
      vertex 22.9925 4.69113 4.6
      vertex 22.9841 4.76396 4.6
    endloop
  endfacet
  facet normal -0 0 1
    outer loop
      vertex 22.6648 4.83408 4.6
      vertex 22.9841 4.76396 4.6
      vertex 22.9813 4.84087 4.6
    endloop
  endfacet
  facet normal 0 0 1
    outer loop
      vertex 22.9921 4.95816 4.6
      vertex 22.6517 4.98109 4.6
      vertex 22.984 4.90143 4.6
    endloop
  endfacet
  facet normal 0 -0 1
    outer loop
      vertex 22.6648 4.83408 4.6
      vertex 22.984 4.90143 4.6
      vertex 22.6517 4.98109 4.6
    endloop
  endfacet
  facet normal 0 0 1
    outer loop
      vertex 23.1584 4.34145 4.6
      vertex 22.9259 4.18654 4.6
      vertex 22.9985 4.11919 4.6
    endloop
  endfacet
  facet normal 0 0 1
    outer loop
      vertex 22.9976 5.68495 4.6
      vertex 22.7199 5.75426 4.6
      vertex 22.9771 5.58434 4.6
    endloop
  endfacet
  facet normal -0 0 1
    outer loop
      vertex 22.6882 5.61815 4.6
      vertex 22.9771 5.58434 4.6
      vertex 22.7199 5.75426 4.6
    endloop
  endfacet
  facet normal 0 0 1
    outer loop
      vertex 22.6474 5.13924 4.6
      vertex 22.9508 5.2291 4.6
      vertex 22.6519 5.31064 4.6
    endloop
  endfacet
  facet normal 0 0 1
    outer loop
      vertex 22.9771 5.58434 4.6
      vertex 22.6882 5.61815 4.6
      vertex 22.9625 5.47481 4.6
    endloop
  endfacet
  facet normal 0 0 1
    outer loop
      vertex 23.0055 5.01105 4.6
      vertex 22.6517 4.98109 4.6
      vertex 22.9921 4.95816 4.6
    endloop
  endfacet
  facet normal 0 0 1
    outer loop
      vertex 22.6655 5.47028 4.6
      vertex 22.9625 5.47481 4.6
      vertex 22.6882 5.61815 4.6
    endloop
  endfacet
  facet normal 0 0 1
    outer loop
      vertex 22.984 4.90143 4.6
      vertex 22.6648 4.83408 4.6
      vertex 22.9813 4.84087 4.6
    endloop
  endfacet
  facet normal 0 0 1
    outer loop
      vertex 22.9625 5.47481 4.6
      vertex 22.6655 5.47028 4.6
      vertex 22.9537 5.3564 4.6
    endloop
  endfacet
  facet normal 0 0 1
    outer loop
      vertex 22.9841 4.76396 4.6
      vertex 22.6648 4.83408 4.6
      vertex 22.6866 4.69821 4.6
    endloop
  endfacet
  facet normal 0 0 1
    outer loop
      vertex 22.6519 5.31064 4.6
      vertex 22.9537 5.3564 4.6
      vertex 22.6655 5.47028 4.6
    endloop
  endfacet
  facet normal 0 0 1
    outer loop
      vertex 22.9537 5.3564 4.6
      vertex 22.6519 5.31064 4.6
      vertex 22.9508 5.2291 4.6
    endloop
  endfacet
  facet normal 0 0 1
    outer loop
      vertex 22.9925 4.69113 4.6
      vertex 22.6866 4.69821 4.6
      vertex 22.7171 4.57349 4.6
    endloop
  endfacet
  facet normal 0 0 1
    outer loop
      vertex 23.0064 4.62239 4.6
      vertex 22.7171 4.57349 4.6
      vertex 22.7563 4.4599 4.6
    endloop
  endfacet
  facet normal 0 0 1
    outer loop
      vertex 23.0509 4.49713 4.6
      vertex 22.7563 4.4599 4.6
      vertex 22.8043 4.35745 4.6
    endloop
  endfacet
  facet normal 0 0 1
    outer loop
      vertex 23.1178 4.38821 4.6
      vertex 22.861 4.26614 4.6
      vertex 22.9259 4.18654 4.6
    endloop
  endfacet
  facet normal 0 0 1
    outer loop
      vertex 23.0816 4.44064 4.6
      vertex 22.8043 4.35745 4.6
      vertex 22.861 4.26614 4.6
    endloop
  endfacet
  facet normal 0 0 1
    outer loop
      vertex 20.5162 6.09709 4.6
      vertex 20.8231 6.38869 4.6
      vertex 20.5417 6.38869 4.6
    endloop
  endfacet
  facet normal -0 0 1
    outer loop
      vertex 20.8231 4.25937 4.6
      vertex 21.4046 4 4.6
      vertex 21.4046 4.25937 4.6
    endloop
  endfacet
  facet normal 0 0 1
    outer loop
      vertex 20.8231 6.38869 4.6
      vertex 20.5162 6.09709 4.6
      vertex 20.8231 4.25937 4.6
    endloop
  endfacet
  facet normal 0 0 1
    outer loop
      vertex 20.5162 4.25937 4.6
      vertex 20.8231 4.25937 4.6
      vertex 20.5162 6.09709 4.6
    endloop
  endfacet
  facet normal -0 0 1
    outer loop
      vertex 20.5162 4.25937 4.6
      vertex 21.4046 4 4.6
      vertex 20.8231 4.25937 4.6
    endloop
  endfacet
  facet normal 0 0 1
    outer loop
      vertex 19.9076 4 4.6
      vertex 20.5162 4.25937 4.6
      vertex 19.9076 4.25937 4.6
    endloop
  endfacet
  facet normal 0 0 1
    outer loop
      vertex 20.5162 4.25937 4.6
      vertex 19.9076 4 4.6
      vertex 21.4046 4 4.6
    endloop
  endfacet
  facet normal 0 0 1
    outer loop
      vertex 19.9771 6.00047 4.6
      vertex 20.5162 6.09709 4.6
      vertex 20.5417 6.38869 4.6
    endloop
  endfacet
  facet normal 0 0 1
    outer loop
      vertex 20.5162 6.09709 4.6
      vertex 19.9771 6.00047 4.6
      vertex 19.9771 5.71227 4.6
    endloop
  endfacet
  facet normal -0 0 1
    outer loop
      vertex 21.846 4.37126 4.6
      vertex 22.1765 4 4.6
      vertex 22.1765 4.37126 4.6
    endloop
  endfacet
  facet normal 0 0 1
    outer loop
      vertex 22.1765 4 4.6
      vertex 21.846 4.37126 4.6
      vertex 21.846 4 4.6
    endloop
  endfacet
  facet normal -0.141466 0.989943 0
    outer loop
      vertex 23.6717 3.98396 4.6
      vertex 23.578 3.97057 5
      vertex 23.6717 3.98396 5
    endloop
  endfacet
  facet normal -0.141466 0.989943 0
    outer loop
      vertex 23.578 3.97057 5
      vertex 23.6717 3.98396 4.6
      vertex 23.578 3.97057 4.6
    endloop
  endfacet
  facet normal -0.24776 0.968821 0
    outer loop
      vertex 23.7589 4.00626 4.6
      vertex 23.6717 3.98396 5
      vertex 23.7589 4.00626 5
    endloop
  endfacet
  facet normal -0.24776 0.968821 0
    outer loop
      vertex 23.6717 3.98396 5
      vertex 23.7589 4.00626 4.6
      vertex 23.6717 3.98396 4.6
    endloop
  endfacet
  facet normal -0.36013 0.932902 0
    outer loop
      vertex 23.8398 4.03749 4.6
      vertex 23.7589 4.00626 5
      vertex 23.8398 4.03749 5
    endloop
  endfacet
  facet normal -0.36013 0.932902 0
    outer loop
      vertex 23.7589 4.00626 5
      vertex 23.8398 4.03749 4.6
      vertex 23.7589 4.00626 4.6
    endloop
  endfacet
  facet normal -0.474692 0.880152 0
    outer loop
      vertex 23.9143 4.07767 4.6
      vertex 23.8398 4.03749 5
      vertex 23.9143 4.07767 5
    endloop
  endfacet
  facet normal -0.474692 0.880152 0
    outer loop
      vertex 23.8398 4.03749 5
      vertex 23.9143 4.07767 4.6
      vertex 23.8398 4.03749 4.6
    endloop
  endfacet
  facet normal -0.584117 0.81167 0
    outer loop
      vertex 23.9825 4.12675 4.6
      vertex 23.9143 4.07767 5
      vertex 23.9825 4.12675 5
    endloop
  endfacet
  facet normal -0.584117 0.81167 0
    outer loop
      vertex 23.9143 4.07767 5
      vertex 23.9825 4.12675 4.6
      vertex 23.9143 4.07767 4.6
    endloop
  endfacet
  facet normal -0.684459 0.729051 0
    outer loop
      vertex 24.0443 4.18477 4.6
      vertex 23.9825 4.12675 5
      vertex 24.0443 4.18477 5
    endloop
  endfacet
  facet normal -0.684459 0.729051 0
    outer loop
      vertex 23.9825 4.12675 5
      vertex 24.0443 4.18477 4.6
      vertex 23.9825 4.12675 4.6
    endloop
  endfacet
  facet normal -0.770378 0.637587 0
    outer loop
      vertex 24.0443 4.18477 4.6
      vertex 24.0987 4.2505 5
      vertex 24.0987 4.2505 4.6
    endloop
  endfacet
  facet normal -0.770378 0.637587 0
    outer loop
      vertex 24.0987 4.2505 5
      vertex 24.0443 4.18477 4.6
      vertex 24.0443 4.18477 5
    endloop
  endfacet
  facet normal -0.843012 0.537894 0
    outer loop
      vertex 24.0987 4.2505 4.6
      vertex 24.1448 4.32275 5
      vertex 24.1448 4.32275 4.6
    endloop
  endfacet
  facet normal -0.843012 0.537894 0
    outer loop
      vertex 24.1448 4.32275 5
      vertex 24.0987 4.2505 4.6
      vertex 24.0987 4.2505 5
    endloop
  endfacet
  facet normal -0.902415 0.430867 0
    outer loop
      vertex 24.1448 4.32275 4.6
      vertex 24.1824 4.4015 5
      vertex 24.1824 4.4015 4.6
    endloop
  endfacet
  facet normal -0.902415 0.430867 0
    outer loop
      vertex 24.1824 4.4015 5
      vertex 24.1448 4.32275 4.6
      vertex 24.1448 4.32275 5
    endloop
  endfacet
  facet normal -0.945714 0.324999 0
    outer loop
      vertex 24.1824 4.4015 4.6
      vertex 24.2117 4.48676 5
      vertex 24.2117 4.48676 4.6
    endloop
  endfacet
  facet normal -0.945714 0.324999 0
    outer loop
      vertex 24.2117 4.48676 5
      vertex 24.1824 4.4015 4.6
      vertex 24.1824 4.4015 5
    endloop
  endfacet
  facet normal -0.974793 0.223113 0
    outer loop
      vertex 24.2117 4.48676 4.6
      vertex 24.2327 4.57851 5
      vertex 24.2327 4.57851 4.6
    endloop
  endfacet
  facet normal -0.974793 0.223113 0
    outer loop
      vertex 24.2327 4.57851 5
      vertex 24.2117 4.48676 4.6
      vertex 24.2117 4.48676 5
    endloop
  endfacet
  facet normal -0.992005 0.126196 0
    outer loop
      vertex 24.2327 4.57851 4.6
      vertex 24.2452 4.67677 5
      vertex 24.2452 4.67677 4.6
    endloop
  endfacet
  facet normal -0.992005 0.126196 0
    outer loop
      vertex 24.2452 4.67677 5
      vertex 24.2327 4.57851 4.6
      vertex 24.2327 4.57851 5
    endloop
  endfacet
  facet normal -0.999197 0.0400556 0
    outer loop
      vertex 24.2452 4.67677 4.6
      vertex 24.2494 4.78154 5
      vertex 24.2494 4.78154 4.6
    endloop
  endfacet
  facet normal -0.999197 0.0400556 0
    outer loop
      vertex 24.2494 4.78154 5
      vertex 24.2452 4.67677 4.6
      vertex 24.2452 4.67677 5
    endloop
  endfacet
  facet normal -0.999191 -0.0402234 0
    outer loop
      vertex 24.2494 4.78154 4.6
      vertex 24.2455 4.87842 5
      vertex 24.2455 4.87842 4.6
    endloop
  endfacet
  facet normal -0.999191 -0.0402234 0
    outer loop
      vertex 24.2455 4.87842 5
      vertex 24.2494 4.78154 4.6
      vertex 24.2494 4.78154 5
    endloop
  endfacet
  facet normal -0.991569 -0.129581 0
    outer loop
      vertex 24.2455 4.87842 4.6
      vertex 24.2336 4.96948 5
      vertex 24.2336 4.96948 4.6
    endloop
  endfacet
  facet normal -0.991569 -0.129581 0
    outer loop
      vertex 24.2336 4.96948 5
      vertex 24.2455 4.87842 4.6
      vertex 24.2455 4.87842 5
    endloop
  endfacet
  facet normal -0.974067 -0.226261 0
    outer loop
      vertex 24.2336 4.96948 4.6
      vertex 24.2138 5.05472 5
      vertex 24.2138 5.05472 4.6
    endloop
  endfacet
  facet normal -0.974067 -0.226261 0
    outer loop
      vertex 24.2138 5.05472 5
      vertex 24.2336 4.96948 4.6
      vertex 24.2336 4.96948 5
    endloop
  endfacet
  facet normal -0.943873 -0.330308 0
    outer loop
      vertex 24.2138 5.05472 4.6
      vertex 24.186 5.13416 5
      vertex 24.186 5.13416 4.6
    endloop
  endfacet
  facet normal -0.943873 -0.330308 0
    outer loop
      vertex 24.186 5.13416 5
      vertex 24.2138 5.05472 4.6
      vertex 24.2138 5.05472 5
    endloop
  endfacet
  facet normal -0.900267 -0.435337 0
    outer loop
      vertex 24.186 5.13416 4.6
      vertex 24.1504 5.20778 5
      vertex 24.1504 5.20778 4.6
    endloop
  endfacet
  facet normal -0.900267 -0.435337 0
    outer loop
      vertex 24.1504 5.20778 5
      vertex 24.186 5.13416 4.6
      vertex 24.186 5.13416 5
    endloop
  endfacet
  facet normal -0.841134 -0.540827 0
    outer loop
      vertex 24.1504 5.20778 4.6
      vertex 24.1068 5.27559 5
      vertex 24.1068 5.27559 4.6
    endloop
  endfacet
  facet normal -0.841134 -0.540827 0
    outer loop
      vertex 24.1068 5.27559 5
      vertex 24.1504 5.20778 4.6
      vertex 24.1504 5.20778 5
    endloop
  endfacet
  facet normal -0.769237 -0.638963 0
    outer loop
      vertex 24.1068 5.27559 4.6
      vertex 24.0553 5.33759 5
      vertex 24.0553 5.33759 4.6
    endloop
  endfacet
  facet normal -0.769237 -0.638963 0
    outer loop
      vertex 24.0553 5.33759 5
      vertex 24.1068 5.27559 4.6
      vertex 24.1068 5.27559 5
    endloop
  endfacet
  facet normal -0.685427 -0.728141 0
    outer loop
      vertex 23.997 5.39247 4.6
      vertex 24.0553 5.33759 5
      vertex 23.997 5.39247 5
    endloop
  endfacet
  facet normal -0.685427 -0.728141 -0
    outer loop
      vertex 24.0553 5.33759 5
      vertex 23.997 5.39247 4.6
      vertex 24.0553 5.33759 4.6
    endloop
  endfacet
  facet normal -0.588337 -0.808615 0
    outer loop
      vertex 23.9332 5.43889 4.6
      vertex 23.997 5.39247 5
      vertex 23.9332 5.43889 5
    endloop
  endfacet
  facet normal -0.588337 -0.808615 -0
    outer loop
      vertex 23.997 5.39247 5
      vertex 23.9332 5.43889 4.6
      vertex 23.997 5.39247 4.6
    endloop
  endfacet
  facet normal -0.480171 -0.877175 0
    outer loop
      vertex 23.8638 5.47688 4.6
      vertex 23.9332 5.43889 5
      vertex 23.8638 5.47688 5
    endloop
  endfacet
  facet normal -0.480171 -0.877175 -0
    outer loop
      vertex 23.9332 5.43889 5
      vertex 23.8638 5.47688 4.6
      vertex 23.9332 5.43889 4.6
    endloop
  endfacet
  facet normal -0.366889 -0.930265 0
    outer loop
      vertex 23.7889 5.50642 4.6
      vertex 23.8638 5.47688 5
      vertex 23.7889 5.50642 5
    endloop
  endfacet
  facet normal -0.366889 -0.930265 -0
    outer loop
      vertex 23.8638 5.47688 5
      vertex 23.7889 5.50642 4.6
      vertex 23.8638 5.47688 4.6
    endloop
  endfacet
  facet normal -0.253659 -0.967294 0
    outer loop
      vertex 23.7084 5.52753 4.6
      vertex 23.7889 5.50642 5
      vertex 23.7084 5.52753 5
    endloop
  endfacet
  facet normal -0.253659 -0.967294 -0
    outer loop
      vertex 23.7889 5.50642 5
      vertex 23.7084 5.52753 4.6
      vertex 23.7889 5.50642 4.6
    endloop
  endfacet
  facet normal -0.145474 -0.989362 0
    outer loop
      vertex 23.6223 5.54019 4.6
      vertex 23.7084 5.52753 5
      vertex 23.6223 5.54019 5
    endloop
  endfacet
  facet normal -0.145474 -0.989362 -0
    outer loop
      vertex 23.7084 5.52753 5
      vertex 23.6223 5.54019 4.6
      vertex 23.7084 5.52753 4.6
    endloop
  endfacet
  facet normal -0.0460797 -0.998938 0
    outer loop
      vertex 23.5306 5.54442 4.6
      vertex 23.6223 5.54019 5
      vertex 23.5306 5.54442 5
    endloop
  endfacet
  facet normal -0.0460797 -0.998938 -0
    outer loop
      vertex 23.6223 5.54019 5
      vertex 23.5306 5.54442 4.6
      vertex 23.6223 5.54019 4.6
    endloop
  endfacet
  facet normal 0.0300958 -0.999547 0
    outer loop
      vertex 23.4758 5.54277 4.6
      vertex 23.5306 5.54442 5
      vertex 23.4758 5.54277 5
    endloop
  endfacet
  facet normal 0.0300958 -0.999547 0
    outer loop
      vertex 23.5306 5.54442 5
      vertex 23.4758 5.54277 4.6
      vertex 23.5306 5.54442 4.6
    endloop
  endfacet
  facet normal 0.092619 -0.995702 0
    outer loop
      vertex 23.4228 5.53784 4.6
      vertex 23.4758 5.54277 5
      vertex 23.4228 5.53784 5
    endloop
  endfacet
  facet normal 0.092619 -0.995702 0
    outer loop
      vertex 23.4758 5.54277 5
      vertex 23.4228 5.53784 4.6
      vertex 23.4758 5.54277 4.6
    endloop
  endfacet
  facet normal 0.158329 -0.987386 0
    outer loop
      vertex 23.3716 5.52963 4.6
      vertex 23.4228 5.53784 5
      vertex 23.3716 5.52963 5
    endloop
  endfacet
  facet normal 0.158329 -0.987386 0
    outer loop
      vertex 23.4228 5.53784 5
      vertex 23.3716 5.52963 4.6
      vertex 23.4228 5.53784 4.6
    endloop
  endfacet
  facet normal 0.226731 -0.973957 0
    outer loop
      vertex 23.3222 5.51813 4.6
      vertex 23.3716 5.52963 5
      vertex 23.3222 5.51813 5
    endloop
  endfacet
  facet normal 0.226731 -0.973957 0
    outer loop
      vertex 23.3716 5.52963 5
      vertex 23.3222 5.51813 4.6
      vertex 23.3716 5.52963 4.6
    endloop
  endfacet
  facet normal 0.296904 -0.954907 0
    outer loop
      vertex 23.2746 5.50333 4.6
      vertex 23.3222 5.51813 5
      vertex 23.2746 5.50333 5
    endloop
  endfacet
  facet normal 0.296904 -0.954907 0
    outer loop
      vertex 23.3222 5.51813 5
      vertex 23.2746 5.50333 4.6
      vertex 23.3222 5.51813 4.6
    endloop
  endfacet
  facet normal 0.367009 -0.930217 0
    outer loop
      vertex 23.2288 5.48526 4.6
      vertex 23.2746 5.50333 5
      vertex 23.2288 5.48526 5
    endloop
  endfacet
  facet normal 0.367009 -0.930217 0
    outer loop
      vertex 23.2746 5.50333 5
      vertex 23.2288 5.48526 4.6
      vertex 23.2746 5.50333 4.6
    endloop
  endfacet
  facet normal 0.436715 -0.8996 0
    outer loop
      vertex 23.1848 5.4639 4.6
      vertex 23.2288 5.48526 5
      vertex 23.1848 5.4639 5
    endloop
  endfacet
  facet normal 0.436715 -0.8996 0
    outer loop
      vertex 23.2288 5.48526 5
      vertex 23.1848 5.4639 4.6
      vertex 23.2288 5.48526 4.6
    endloop
  endfacet
  facet normal 0.505974 -0.862549 0
    outer loop
      vertex 23.143 5.43938 4.6
      vertex 23.1848 5.4639 5
      vertex 23.143 5.43938 5
    endloop
  endfacet
  facet normal 0.505974 -0.862549 0
    outer loop
      vertex 23.1848 5.4639 5
      vertex 23.143 5.43938 4.6
      vertex 23.1848 5.4639 4.6
    endloop
  endfacet
  facet normal 0.5774 -0.816461 0
    outer loop
      vertex 23.1041 5.41187 4.6
      vertex 23.143 5.43938 5
      vertex 23.1041 5.41187 5
    endloop
  endfacet
  facet normal 0.5774 -0.816461 0
    outer loop
      vertex 23.143 5.43938 5
      vertex 23.1041 5.41187 4.6
      vertex 23.143 5.43938 4.6
    endloop
  endfacet
  facet normal 0.644825 -0.764331 0
    outer loop
      vertex 23.0679 5.38133 4.6
      vertex 23.1041 5.41187 5
      vertex 23.0679 5.38133 5
    endloop
  endfacet
  facet normal 0.644825 -0.764331 0
    outer loop
      vertex 23.1041 5.41187 5
      vertex 23.0679 5.38133 4.6
      vertex 23.1041 5.41187 4.6
    endloop
  endfacet
  facet normal 0.708689 -0.705521 0
    outer loop
      vertex 23.0345 5.34778 5
      vertex 23.0679 5.38133 4.6
      vertex 23.0679 5.38133 5
    endloop
  endfacet
  facet normal 0.708689 -0.705521 0
    outer loop
      vertex 23.0679 5.38133 4.6
      vertex 23.0345 5.34778 5
      vertex 23.0345 5.34778 4.6
    endloop
  endfacet
  facet normal 0.765726 -0.643168 0
    outer loop
      vertex 23.0038 5.31123 5
      vertex 23.0345 5.34778 4.6
      vertex 23.0345 5.34778 5
    endloop
  endfacet
  facet normal 0.765726 -0.643168 0
    outer loop
      vertex 23.0345 5.34778 4.6
      vertex 23.0038 5.31123 5
      vertex 23.0038 5.31123 4.6
    endloop
  endfacet
  facet normal 0.817208 -0.576343 0
    outer loop
      vertex 22.9759 5.27167 5
      vertex 23.0038 5.31123 4.6
      vertex 23.0038 5.31123 5
    endloop
  endfacet
  facet normal 0.817208 -0.576343 0
    outer loop
      vertex 23.0038 5.31123 4.6
      vertex 22.9759 5.27167 5
      vertex 22.9759 5.27167 4.6
    endloop
  endfacet
  facet normal 0.861414 -0.507904 0
    outer loop
      vertex 22.9508 5.2291 5
      vertex 22.9759 5.27167 4.6
      vertex 22.9759 5.27167 5
    endloop
  endfacet
  facet normal 0.861414 -0.507904 0
    outer loop
      vertex 22.9759 5.27167 4.6
      vertex 22.9508 5.2291 5
      vertex 22.9508 5.2291 4.6
    endloop
  endfacet
  facet normal -0.999741 0.0227749 0
    outer loop
      vertex 22.9508 5.2291 4.6
      vertex 22.9537 5.3564 5
      vertex 22.9537 5.3564 4.6
    endloop
  endfacet
  facet normal -0.999741 0.0227749 0
    outer loop
      vertex 22.9537 5.3564 5
      vertex 22.9508 5.2291 4.6
      vertex 22.9508 5.2291 5
    endloop
  endfacet
  facet normal -0.99725 0.0741137 0
    outer loop
      vertex 22.9537 5.3564 4.6
      vertex 22.9625 5.47481 5
      vertex 22.9625 5.47481 4.6
    endloop
  endfacet
  facet normal -0.99725 0.0741137 0
    outer loop
      vertex 22.9625 5.47481 5
      vertex 22.9537 5.3564 4.6
      vertex 22.9537 5.3564 5
    endloop
  endfacet
  facet normal -0.991233 0.132128 0
    outer loop
      vertex 22.9625 5.47481 4.6
      vertex 22.9771 5.58434 5
      vertex 22.9771 5.58434 4.6
    endloop
  endfacet
  facet normal -0.991233 0.132128 0
    outer loop
      vertex 22.9771 5.58434 5
      vertex 22.9625 5.47481 4.6
      vertex 22.9625 5.47481 5
    endloop
  endfacet
  facet normal -0.979866 0.199655 0
    outer loop
      vertex 22.9771 5.58434 4.6
      vertex 22.9976 5.68495 5
      vertex 22.9976 5.68495 4.6
    endloop
  endfacet
  facet normal -0.979866 0.199655 0
    outer loop
      vertex 22.9976 5.68495 5
      vertex 22.9771 5.58434 4.6
      vertex 22.9771 5.58434 5
    endloop
  endfacet
  facet normal -0.961278 0.275579 0
    outer loop
      vertex 22.9976 5.68495 4.6
      vertex 23.0239 5.77669 5
      vertex 23.0239 5.77669 4.6
    endloop
  endfacet
  facet normal -0.961278 0.275579 0
    outer loop
      vertex 23.0239 5.77669 5
      vertex 22.9976 5.68495 4.6
      vertex 22.9976 5.68495 5
    endloop
  endfacet
  facet normal -0.932079 0.362256 0
    outer loop
      vertex 23.0239 5.77669 4.6
      vertex 23.0561 5.85954 5
      vertex 23.0561 5.85954 4.6
    endloop
  endfacet
  facet normal -0.932079 0.362256 0
    outer loop
      vertex 23.0561 5.85954 5
      vertex 23.0239 5.77669 4.6
      vertex 23.0239 5.77669 5
    endloop
  endfacet
  facet normal -0.889441 0.457049 0
    outer loop
      vertex 23.0561 5.85954 4.6
      vertex 23.0941 5.93349 5
      vertex 23.0941 5.93349 4.6
    endloop
  endfacet
  facet normal -0.889441 0.457049 0
    outer loop
      vertex 23.0941 5.93349 5
      vertex 23.0561 5.85954 4.6
      vertex 23.0561 5.85954 5
    endloop
  endfacet
  facet normal -0.830424 0.557133 0
    outer loop
      vertex 23.0941 5.93349 4.6
      vertex 23.1374 5.99803 5
      vertex 23.1374 5.99803 4.6
    endloop
  endfacet
  facet normal -0.830424 0.557133 0
    outer loop
      vertex 23.1374 5.99803 5
      vertex 23.0941 5.93349 4.6
      vertex 23.0941 5.93349 5
    endloop
  endfacet
  facet normal -0.750419 0.660962 0
    outer loop
      vertex 23.1374 5.99803 4.6
      vertex 23.1855 6.05264 5
      vertex 23.1855 6.05264 4.6
    endloop
  endfacet
  facet normal -0.750419 0.660962 0
    outer loop
      vertex 23.1855 6.05264 5
      vertex 23.1374 5.99803 4.6
      vertex 23.1374 5.99803 5
    endloop
  endfacet
  facet normal -0.644713 0.764425 0
    outer loop
      vertex 23.2385 6.09734 4.6
      vertex 23.1855 6.05264 5
      vertex 23.2385 6.09734 5
    endloop
  endfacet
  facet normal -0.644713 0.764425 0
    outer loop
      vertex 23.1855 6.05264 5
      vertex 23.2385 6.09734 4.6
      vertex 23.1855 6.05264 4.6
    endloop
  endfacet
  facet normal -0.515805 0.856706 0
    outer loop
      vertex 23.2962 6.13208 4.6
      vertex 23.2385 6.09734 5
      vertex 23.2962 6.13208 5
    endloop
  endfacet
  facet normal -0.515805 0.856706 0
    outer loop
      vertex 23.2385 6.09734 5
      vertex 23.2962 6.13208 4.6
      vertex 23.2385 6.09734 4.6
    endloop
  endfacet
  facet normal -0.368701 0.929548 0
    outer loop
      vertex 23.3588 6.15691 4.6
      vertex 23.2962 6.13208 5
      vertex 23.3588 6.15691 5
    endloop
  endfacet
  facet normal -0.368701 0.929548 0
    outer loop
      vertex 23.2962 6.13208 5
      vertex 23.3588 6.15691 4.6
      vertex 23.2962 6.13208 4.6
    endloop
  endfacet
  facet normal -0.215718 0.976456 0
    outer loop
      vertex 23.4262 6.1718 4.6
      vertex 23.3588 6.15691 5
      vertex 23.4262 6.1718 5
    endloop
  endfacet
  facet normal -0.215718 0.976456 0
    outer loop
      vertex 23.3588 6.15691 5
      vertex 23.4262 6.1718 4.6
      vertex 23.3588 6.15691 4.6
    endloop
  endfacet
  facet normal -0.0686741 0.997639 0
    outer loop
      vertex 23.4984 6.17677 4.6
      vertex 23.4262 6.1718 5
      vertex 23.4984 6.17677 5
    endloop
  endfacet
  facet normal -0.0686741 0.997639 0
    outer loop
      vertex 23.4262 6.1718 5
      vertex 23.4984 6.17677 4.6
      vertex 23.4262 6.1718 4.6
    endloop
  endfacet
  facet normal 0.0721083 0.997397 -0
    outer loop
      vertex 23.5807 6.17082 4.6
      vertex 23.4984 6.17677 5
      vertex 23.5807 6.17082 5
    endloop
  endfacet
  facet normal 0.0721083 0.997397 0
    outer loop
      vertex 23.4984 6.17677 5
      vertex 23.5807 6.17082 4.6
      vertex 23.4984 6.17677 4.6
    endloop
  endfacet
  facet normal 0.235392 0.9719 -0
    outer loop
      vertex 23.6544 6.15297 4.6
      vertex 23.5807 6.17082 5
      vertex 23.6544 6.15297 5
    endloop
  endfacet
  facet normal 0.235392 0.9719 0
    outer loop
      vertex 23.5807 6.17082 5
      vertex 23.6544 6.15297 4.6
      vertex 23.5807 6.17082 4.6
    endloop
  endfacet
  facet normal 0.416819 0.90899 -0
    outer loop
      vertex 23.7193 6.12321 4.6
      vertex 23.6544 6.15297 5
      vertex 23.7193 6.12321 5
    endloop
  endfacet
  facet normal 0.416819 0.90899 0
    outer loop
      vertex 23.6544 6.15297 5
      vertex 23.7193 6.12321 4.6
      vertex 23.6544 6.15297 4.6
    endloop
  endfacet
  facet normal 0.595416 0.803418 -0
    outer loop
      vertex 23.7755 6.08156 4.6
      vertex 23.7193 6.12321 5
      vertex 23.7755 6.08156 5
    endloop
  endfacet
  facet normal 0.595416 0.803418 0
    outer loop
      vertex 23.7193 6.12321 5
      vertex 23.7755 6.08156 4.6
      vertex 23.7193 6.12321 4.6
    endloop
  endfacet
  facet normal 0.748858 0.662731 0
    outer loop
      vertex 23.8229 6.028 5
      vertex 23.7755 6.08156 4.6
      vertex 23.7755 6.08156 5
    endloop
  endfacet
  facet normal 0.748858 0.662731 0
    outer loop
      vertex 23.7755 6.08156 4.6
      vertex 23.8229 6.028 5
      vertex 23.8229 6.028 4.6
    endloop
  endfacet
  facet normal 0.860206 0.509946 0
    outer loop
      vertex 23.8617 5.96255 5
      vertex 23.8229 6.028 4.6
      vertex 23.8229 6.028 5
    endloop
  endfacet
  facet normal 0.860206 0.509946 0
    outer loop
      vertex 23.8229 6.028 4.6
      vertex 23.8617 5.96255 5
      vertex 23.8617 5.96255 4.6
    endloop
  endfacet
  facet normal 0.932348 0.361562 0
    outer loop
      vertex 23.8917 5.88519 5
      vertex 23.8617 5.96255 4.6
      vertex 23.8617 5.96255 5
    endloop
  endfacet
  facet normal 0.932348 0.361562 0
    outer loop
      vertex 23.8617 5.96255 4.6
      vertex 23.8917 5.88519 5
      vertex 23.8917 5.88519 4.6
    endloop
  endfacet
  facet normal -0.177356 0.984147 0
    outer loop
      vertex 24.1833 5.93774 4.6
      vertex 23.8917 5.88519 5
      vertex 24.1833 5.93774 5
    endloop
  endfacet
  facet normal -0.177356 0.984147 0
    outer loop
      vertex 23.8917 5.88519 5
      vertex 24.1833 5.93774 4.6
      vertex 23.8917 5.88519 4.6
    endloop
  endfacet
  facet normal -0.93635 -0.351068 0
    outer loop
      vertex 24.1833 5.93774 4.6
      vertex 24.1349 6.06683 5
      vertex 24.1349 6.06683 4.6
    endloop
  endfacet
  facet normal -0.93635 -0.351068 0
    outer loop
      vertex 24.1349 6.06683 5
      vertex 24.1833 5.93774 4.6
      vertex 24.1833 5.93774 5
    endloop
  endfacet
  facet normal -0.860391 -0.509634 0
    outer loop
      vertex 24.1349 6.06683 4.6
      vertex 24.0702 6.17606 5
      vertex 24.0702 6.17606 4.6
    endloop
  endfacet
  facet normal -0.860391 -0.509634 0
    outer loop
      vertex 24.0702 6.17606 5
      vertex 24.1349 6.06683 4.6
      vertex 24.1349 6.06683 5
    endloop
  endfacet
  facet normal -0.740877 -0.67164 0
    outer loop
      vertex 24.0702 6.17606 4.6
      vertex 23.9892 6.26541 5
      vertex 23.9892 6.26541 4.6
    endloop
  endfacet
  facet normal -0.740877 -0.67164 0
    outer loop
      vertex 23.9892 6.26541 5
      vertex 24.0702 6.17606 4.6
      vertex 24.0702 6.17606 5
    endloop
  endfacet
  facet normal -0.580954 -0.813937 0
    outer loop
      vertex 23.8918 6.33493 4.6
      vertex 23.9892 6.26541 5
      vertex 23.8918 6.33493 5
    endloop
  endfacet
  facet normal -0.580954 -0.813937 -0
    outer loop
      vertex 23.9892 6.26541 5
      vertex 23.8918 6.33493 4.6
      vertex 23.9892 6.26541 4.6
    endloop
  endfacet
  facet normal -0.400413 -0.916335 0
    outer loop
      vertex 23.7782 6.38457 4.6
      vertex 23.8918 6.33493 5
      vertex 23.7782 6.38457 5
    endloop
  endfacet
  facet normal -0.400413 -0.916335 -0
    outer loop
      vertex 23.8918 6.33493 5
      vertex 23.7782 6.38457 4.6
      vertex 23.8918 6.33493 4.6
    endloop
  endfacet
  facet normal -0.223272 -0.974756 0
    outer loop
      vertex 23.6481 6.41437 4.6
      vertex 23.7782 6.38457 5
      vertex 23.6481 6.41437 5
    endloop
  endfacet
  facet normal -0.223272 -0.974756 -0
    outer loop
      vertex 23.7782 6.38457 5
      vertex 23.6481 6.41437 4.6
      vertex 23.7782 6.38457 4.6
    endloop
  endfacet
  facet normal -0.0676505 -0.997709 0
    outer loop
      vertex 23.5018 6.42429 4.6
      vertex 23.6481 6.41437 5
      vertex 23.5018 6.42429 5
    endloop
  endfacet
  facet normal -0.0676505 -0.997709 -0
    outer loop
      vertex 23.6481 6.41437 5
      vertex 23.5018 6.42429 4.6
      vertex 23.6481 6.41437 4.6
    endloop
  endfacet
  facet normal 0.0596818 -0.998217 0
    outer loop
      vertex 23.3884 6.41751 4.6
      vertex 23.5018 6.42429 5
      vertex 23.3884 6.41751 5
    endloop
  endfacet
  facet normal 0.0596818 -0.998217 0
    outer loop
      vertex 23.5018 6.42429 5
      vertex 23.3884 6.41751 4.6
      vertex 23.5018 6.42429 4.6
    endloop
  endfacet
  facet normal 0.188965 -0.981984 0
    outer loop
      vertex 23.2827 6.39717 4.6
      vertex 23.3884 6.41751 5
      vertex 23.2827 6.39717 5
    endloop
  endfacet
  facet normal 0.188965 -0.981984 0
    outer loop
      vertex 23.3884 6.41751 5
      vertex 23.2827 6.39717 4.6
      vertex 23.3884 6.41751 4.6
    endloop
  endfacet
  facet normal 0.327084 -0.944995 0
    outer loop
      vertex 23.1847 6.36325 4.6
      vertex 23.2827 6.39717 5
      vertex 23.1847 6.36325 5
    endloop
  endfacet
  facet normal 0.327084 -0.944995 0
    outer loop
      vertex 23.2827 6.39717 5
      vertex 23.1847 6.36325 4.6
      vertex 23.2827 6.39717 4.6
    endloop
  endfacet
  facet normal 0.465314 -0.885146 0
    outer loop
      vertex 23.0944 6.31578 4.6
      vertex 23.1847 6.36325 5
      vertex 23.0944 6.31578 5
    endloop
  endfacet
  facet normal 0.465314 -0.885146 0
    outer loop
      vertex 23.1847 6.36325 5
      vertex 23.0944 6.31578 4.6
      vertex 23.1847 6.36325 4.6
    endloop
  endfacet
  facet normal 0.593786 -0.804623 0
    outer loop
      vertex 23.0117 6.25475 4.6
      vertex 23.0944 6.31578 5
      vertex 23.0117 6.25475 5
    endloop
  endfacet
  facet normal 0.593786 -0.804623 0
    outer loop
      vertex 23.0944 6.31578 5
      vertex 23.0117 6.25475 4.6
      vertex 23.0944 6.31578 4.6
    endloop
  endfacet
  facet normal 0.705166 -0.709042 0
    outer loop
      vertex 22.9367 6.18016 4.6
      vertex 23.0117 6.25475 5
      vertex 22.9367 6.18016 5
    endloop
  endfacet
  facet normal 0.705166 -0.709042 0
    outer loop
      vertex 23.0117 6.25475 5
      vertex 22.9367 6.18016 4.6
      vertex 23.0117 6.25475 4.6
    endloop
  endfacet
  facet normal 0.794864 -0.606787 0
    outer loop
      vertex 22.8694 6.092 5
      vertex 22.9367 6.18016 4.6
      vertex 22.9367 6.18016 5
    endloop
  endfacet
  facet normal 0.794864 -0.606787 0
    outer loop
      vertex 22.9367 6.18016 4.6
      vertex 22.8694 6.092 5
      vertex 22.8694 6.092 4.6
    endloop
  endfacet
  facet normal 0.863449 -0.504435 0
    outer loop
      vertex 22.8105 5.99118 5
      vertex 22.8694 6.092 4.6
      vertex 22.8694 6.092 5
    endloop
  endfacet
  facet normal 0.863449 -0.504435 0
    outer loop
      vertex 22.8694 6.092 4.6
      vertex 22.8105 5.99118 5
      vertex 22.8105 5.99118 4.6
    endloop
  endfacet
  facet normal 0.91452 -0.40454 0
    outer loop
      vertex 22.7607 5.8786 5
      vertex 22.8105 5.99118 4.6
      vertex 22.8105 5.99118 5
    endloop
  endfacet
  facet normal 0.91452 -0.40454 0
    outer loop
      vertex 22.8105 5.99118 4.6
      vertex 22.7607 5.8786 5
      vertex 22.7607 5.8786 4.6
    endloop
  endfacet
  facet normal 0.950155 -0.311777 0
    outer loop
      vertex 22.7199 5.75426 5
      vertex 22.7607 5.8786 4.6
      vertex 22.7607 5.8786 5
    endloop
  endfacet
  facet normal 0.950155 -0.311777 0
    outer loop
      vertex 22.7607 5.8786 4.6
      vertex 22.7199 5.75426 5
      vertex 22.7199 5.75426 4.6
    endloop
  endfacet
  facet normal 0.973935 -0.226829 0
    outer loop
      vertex 22.6882 5.61815 5
      vertex 22.7199 5.75426 4.6
      vertex 22.7199 5.75426 5
    endloop
  endfacet
  facet normal 0.973935 -0.226829 0
    outer loop
      vertex 22.7199 5.75426 4.6
      vertex 22.6882 5.61815 5
      vertex 22.6882 5.61815 4.6
    endloop
  endfacet
  facet normal 0.988421 -0.151736 0
    outer loop
      vertex 22.6655 5.47028 5
      vertex 22.6882 5.61815 4.6
      vertex 22.6882 5.61815 5
    endloop
  endfacet
  facet normal 0.988421 -0.151736 0
    outer loop
      vertex 22.6882 5.61815 4.6
      vertex 22.6655 5.47028 5
      vertex 22.6655 5.47028 4.6
    endloop
  endfacet
  facet normal 0.996391 -0.0848842 0
    outer loop
      vertex 22.6519 5.31064 5
      vertex 22.6655 5.47028 4.6
      vertex 22.6655 5.47028 5
    endloop
  endfacet
  facet normal 0.996391 -0.0848842 0
    outer loop
      vertex 22.6655 5.47028 4.6
      vertex 22.6519 5.31064 5
      vertex 22.6519 5.31064 4.6
    endloop
  endfacet
  facet normal 0.999656 -0.0262453 0
    outer loop
      vertex 22.6474 5.13924 5
      vertex 22.6519 5.31064 4.6
      vertex 22.6519 5.31064 5
    endloop
  endfacet
  facet normal 0.999656 -0.0262453 0
    outer loop
      vertex 22.6519 5.31064 4.6
      vertex 22.6474 5.13924 5
      vertex 22.6474 5.13924 4.6
    endloop
  endfacet
  facet normal 0.999631 0.0271793 0
    outer loop
      vertex 22.6517 4.98109 5
      vertex 22.6474 5.13924 4.6
      vertex 22.6474 5.13924 5
    endloop
  endfacet
  facet normal 0.999631 0.0271793 0
    outer loop
      vertex 22.6474 5.13924 4.6
      vertex 22.6517 4.98109 5
      vertex 22.6517 4.98109 4.6
    endloop
  endfacet
  facet normal 0.996053 0.0887579 0
    outer loop
      vertex 22.6648 4.83408 5
      vertex 22.6517 4.98109 4.6
      vertex 22.6517 4.98109 5
    endloop
  endfacet
  facet normal 0.996053 0.0887579 0
    outer loop
      vertex 22.6517 4.98109 4.6
      vertex 22.6648 4.83408 5
      vertex 22.6648 4.83408 4.6
    endloop
  endfacet
  facet normal 0.987372 0.158421 0
    outer loop
      vertex 22.6866 4.69821 5
      vertex 22.6648 4.83408 4.6
      vertex 22.6648 4.83408 5
    endloop
  endfacet
  facet normal 0.987372 0.158421 0
    outer loop
      vertex 22.6648 4.83408 4.6
      vertex 22.6866 4.69821 5
      vertex 22.6866 4.69821 4.6
    endloop
  endfacet
  facet normal 0.971376 0.237548 0
    outer loop
      vertex 22.7171 4.57349 5
      vertex 22.6866 4.69821 4.6
      vertex 22.6866 4.69821 5
    endloop
  endfacet
  facet normal 0.971376 0.237548 0
    outer loop
      vertex 22.6866 4.69821 4.6
      vertex 22.7171 4.57349 5
      vertex 22.7171 4.57349 4.6
    endloop
  endfacet
  facet normal 0.945293 0.326221 0
    outer loop
      vertex 22.7563 4.4599 5
      vertex 22.7171 4.57349 4.6
      vertex 22.7171 4.57349 5
    endloop
  endfacet
  facet normal 0.945293 0.326221 0
    outer loop
      vertex 22.7171 4.57349 4.6
      vertex 22.7563 4.4599 5
      vertex 22.7563 4.4599 4.6
    endloop
  endfacet
  facet normal 0.905539 0.424264 0
    outer loop
      vertex 22.8043 4.35745 5
      vertex 22.7563 4.4599 4.6
      vertex 22.7563 4.4599 5
    endloop
  endfacet
  facet normal 0.905539 0.424264 0
    outer loop
      vertex 22.7563 4.4599 4.6
      vertex 22.8043 4.35745 5
      vertex 22.8043 4.35745 4.6
    endloop
  endfacet
  facet normal 0.849537 0.52753 0
    outer loop
      vertex 22.861 4.26614 5
      vertex 22.8043 4.35745 4.6
      vertex 22.8043 4.35745 5
    endloop
  endfacet
  facet normal 0.849537 0.52753 0
    outer loop
      vertex 22.8043 4.35745 4.6
      vertex 22.861 4.26614 5
      vertex 22.861 4.26614 4.6
    endloop
  endfacet
  facet normal 0.775041 0.631911 0
    outer loop
      vertex 22.9259 4.18654 5
      vertex 22.861 4.26614 4.6
      vertex 22.861 4.26614 5
    endloop
  endfacet
  facet normal 0.775041 0.631911 0
    outer loop
      vertex 22.861 4.26614 4.6
      vertex 22.9259 4.18654 5
      vertex 22.9259 4.18654 4.6
    endloop
  endfacet
  facet normal 0.680102 0.733117 -0
    outer loop
      vertex 22.9985 4.11919 4.6
      vertex 22.9259 4.18654 5
      vertex 22.9985 4.11919 5
    endloop
  endfacet
  facet normal 0.680102 0.733117 0
    outer loop
      vertex 22.9259 4.18654 5
      vertex 22.9985 4.11919 4.6
      vertex 22.9259 4.18654 4.6
    endloop
  endfacet
  facet normal 0.565449 0.824784 -0
    outer loop
      vertex 23.0789 4.06407 4.6
      vertex 22.9985 4.11919 5
      vertex 23.0789 4.06407 5
    endloop
  endfacet
  facet normal 0.565449 0.824784 0
    outer loop
      vertex 22.9985 4.11919 5
      vertex 23.0789 4.06407 4.6
      vertex 22.9985 4.11919 4.6
    endloop
  endfacet
  facet normal 0.437069 0.899428 -0
    outer loop
      vertex 23.1671 4.02121 4.6
      vertex 23.0789 4.06407 5
      vertex 23.1671 4.02121 5
    endloop
  endfacet
  facet normal 0.437069 0.899428 0
    outer loop
      vertex 23.0789 4.06407 5
      vertex 23.1671 4.02121 4.6
      vertex 23.0789 4.06407 4.6
    endloop
  endfacet
  facet normal 0.304073 0.952649 -0
    outer loop
      vertex 23.263 3.9906 4.6
      vertex 23.1671 4.02121 5
      vertex 23.263 3.9906 5
    endloop
  endfacet
  facet normal 0.304073 0.952649 0
    outer loop
      vertex 23.1671 4.02121 5
      vertex 23.263 3.9906 4.6
      vertex 23.1671 4.02121 4.6
    endloop
  endfacet
  facet normal 0.17443 0.98467 -0
    outer loop
      vertex 23.3667 3.97223 4.6
      vertex 23.263 3.9906 5
      vertex 23.3667 3.97223 5
    endloop
  endfacet
  facet normal 0.17443 0.98467 0
    outer loop
      vertex 23.263 3.9906 5
      vertex 23.3667 3.97223 4.6
      vertex 23.263 3.9906 4.6
    endloop
  endfacet
  facet normal 0.0548544 0.998494 -0
    outer loop
      vertex 23.4781 3.96611 4.6
      vertex 23.3667 3.97223 5
      vertex 23.4781 3.96611 5
    endloop
  endfacet
  facet normal 0.0548544 0.998494 0
    outer loop
      vertex 23.3667 3.97223 5
      vertex 23.4781 3.96611 4.6
      vertex 23.3667 3.97223 4.6
    endloop
  endfacet
  facet normal -0.0446002 0.999005 0
    outer loop
      vertex 23.578 3.97057 4.6
      vertex 23.4781 3.96611 5
      vertex 23.578 3.97057 5
    endloop
  endfacet
  facet normal -0.0446002 0.999005 0
    outer loop
      vertex 23.4781 3.96611 5
      vertex 23.578 3.97057 4.6
      vertex 23.4781 3.96611 4.6
    endloop
  endfacet
  facet normal -0.188058 -0.982158 0
    outer loop
      vertex 23.3521 4.2263 4.6
      vertex 23.4084 4.21552 5
      vertex 23.3521 4.2263 5
    endloop
  endfacet
  facet normal -0.188058 -0.982158 -0
    outer loop
      vertex 23.4084 4.21552 5
      vertex 23.3521 4.2263 4.6
      vertex 23.4084 4.21552 4.6
    endloop
  endfacet
  facet normal -0.320879 -0.94712 0
    outer loop
      vertex 23.299 4.24429 4.6
      vertex 23.3521 4.2263 5
      vertex 23.299 4.24429 5
    endloop
  endfacet
  facet normal -0.320879 -0.94712 -0
    outer loop
      vertex 23.3521 4.2263 5
      vertex 23.299 4.24429 4.6
      vertex 23.3521 4.2263 4.6
    endloop
  endfacet
  facet normal -0.449352 -0.893355 0
    outer loop
      vertex 23.2489 4.26949 4.6
      vertex 23.299 4.24429 5
      vertex 23.2489 4.26949 5
    endloop
  endfacet
  facet normal -0.449352 -0.893355 -0
    outer loop
      vertex 23.299 4.24429 5
      vertex 23.2489 4.26949 4.6
      vertex 23.299 4.24429 4.6
    endloop
  endfacet
  facet normal -0.568854 -0.822439 0
    outer loop
      vertex 23.2021 4.30186 4.6
      vertex 23.2489 4.26949 5
      vertex 23.2021 4.30186 5
    endloop
  endfacet
  facet normal -0.568854 -0.822439 -0
    outer loop
      vertex 23.2489 4.26949 5
      vertex 23.2021 4.30186 4.6
      vertex 23.2489 4.26949 4.6
    endloop
  endfacet
  facet normal -0.671397 -0.741098 0
    outer loop
      vertex 23.1584 4.34145 4.6
      vertex 23.2021 4.30186 5
      vertex 23.1584 4.34145 5
    endloop
  endfacet
  facet normal -0.671397 -0.741098 -0
    outer loop
      vertex 23.2021 4.30186 5
      vertex 23.1584 4.34145 4.6
      vertex 23.2021 4.30186 4.6
    endloop
  endfacet
  facet normal -0.755092 -0.655619 0
    outer loop
      vertex 23.1584 4.34145 4.6
      vertex 23.1178 4.38821 5
      vertex 23.1178 4.38821 4.6
    endloop
  endfacet
  facet normal -0.755092 -0.655619 0
    outer loop
      vertex 23.1178 4.38821 5
      vertex 23.1584 4.34145 4.6
      vertex 23.1584 4.34145 5
    endloop
  endfacet
  facet normal -0.822909 -0.568173 0
    outer loop
      vertex 23.1178 4.38821 4.6
      vertex 23.0816 4.44064 5
      vertex 23.0816 4.44064 4.6
    endloop
  endfacet
  facet normal -0.822909 -0.568173 0
    outer loop
      vertex 23.0816 4.44064 5
      vertex 23.1178 4.38821 4.6
      vertex 23.1178 4.38821 5
    endloop
  endfacet
  facet normal -0.878632 -0.4775 0
    outer loop
      vertex 23.0816 4.44064 4.6
      vertex 23.0509 4.49713 5
      vertex 23.0509 4.49713 4.6
    endloop
  endfacet
  facet normal -0.878632 -0.4775 0
    outer loop
      vertex 23.0509 4.49713 5
      vertex 23.0816 4.44064 4.6
      vertex 23.0816 4.44064 5
    endloop
  endfacet
  facet normal -0.924403 -0.381417 0
    outer loop
      vertex 23.0509 4.49713 4.6
      vertex 23.0259 4.55772 5
      vertex 23.0259 4.55772 4.6
    endloop
  endfacet
  facet normal -0.924403 -0.381417 0
    outer loop
      vertex 23.0259 4.55772 5
      vertex 23.0509 4.49713 4.6
      vertex 23.0509 4.49713 5
    endloop
  endfacet
  facet normal -0.957422 -0.288692 0
    outer loop
      vertex 23.0259 4.55772 4.6
      vertex 23.0064 4.62239 5
      vertex 23.0064 4.62239 4.6
    endloop
  endfacet
  facet normal -0.957422 -0.288692 0
    outer loop
      vertex 23.0064 4.62239 5
      vertex 23.0259 4.55772 4.6
      vertex 23.0259 4.55772 5
    endloop
  endfacet
  facet normal -0.980162 -0.1982 0
    outer loop
      vertex 23.0064 4.62239 4.6
      vertex 22.9925 4.69113 5
      vertex 22.9925 4.69113 4.6
    endloop
  endfacet
  facet normal -0.980162 -0.1982 0
    outer loop
      vertex 22.9925 4.69113 5
      vertex 23.0064 4.62239 4.6
      vertex 23.0064 4.62239 5
    endloop
  endfacet
  facet normal -0.993414 -0.114578 0
    outer loop
      vertex 22.9925 4.69113 4.6
      vertex 22.9841 4.76396 5
      vertex 22.9841 4.76396 4.6
    endloop
  endfacet
  facet normal -0.993414 -0.114578 0
    outer loop
      vertex 22.9841 4.76396 5
      vertex 22.9925 4.69113 4.6
      vertex 22.9925 4.69113 5
    endloop
  endfacet
  facet normal -0.999338 -0.0363821 0
    outer loop
      vertex 22.9841 4.76396 4.6
      vertex 22.9813 4.84087 5
      vertex 22.9813 4.84087 4.6
    endloop
  endfacet
  facet normal -0.999338 -0.0363821 0
    outer loop
      vertex 22.9813 4.84087 5
      vertex 22.9841 4.76396 4.6
      vertex 22.9841 4.76396 5
    endloop
  endfacet
  facet normal -0.999008 0.0445396 0
    outer loop
      vertex 22.9813 4.84087 4.6
      vertex 22.984 4.90143 5
      vertex 22.984 4.90143 4.6
    endloop
  endfacet
  facet normal -0.999008 0.0445396 0
    outer loop
      vertex 22.984 4.90143 5
      vertex 22.9813 4.84087 4.6
      vertex 22.9813 4.84087 5
    endloop
  endfacet
  facet normal -0.98996 0.141348 0
    outer loop
      vertex 22.984 4.90143 4.6
      vertex 22.9921 4.95816 5
      vertex 22.9921 4.95816 4.6
    endloop
  endfacet
  facet normal -0.98996 0.141348 0
    outer loop
      vertex 22.9921 4.95816 5
      vertex 22.984 4.90143 4.6
      vertex 22.984 4.90143 5
    endloop
  endfacet
  facet normal -0.969372 0.245596 0
    outer loop
      vertex 22.9921 4.95816 4.6
      vertex 23.0055 5.01105 5
      vertex 23.0055 5.01105 4.6
    endloop
  endfacet
  facet normal -0.969372 0.245596 0
    outer loop
      vertex 23.0055 5.01105 5
      vertex 22.9921 4.95816 4.6
      vertex 22.9921 4.95816 5
    endloop
  endfacet
  facet normal -0.934373 0.356296 0
    outer loop
      vertex 23.0055 5.01105 4.6
      vertex 23.0242 5.06009 5
      vertex 23.0242 5.06009 4.6
    endloop
  endfacet
  facet normal -0.934373 0.356296 0
    outer loop
      vertex 23.0242 5.06009 5
      vertex 23.0055 5.01105 4.6
      vertex 23.0055 5.01105 5
    endloop
  endfacet
  facet normal -0.881596 0.472005 0
    outer loop
      vertex 23.0242 5.06009 4.6
      vertex 23.0484 5.10529 5
      vertex 23.0484 5.10529 4.6
    endloop
  endfacet
  facet normal -0.881596 0.472005 0
    outer loop
      vertex 23.0484 5.10529 5
      vertex 23.0242 5.06009 4.6
      vertex 23.0242 5.06009 5
    endloop
  endfacet
  facet normal -0.814132 0.580679 0
    outer loop
      vertex 23.0484 5.10529 4.6
      vertex 23.0779 5.14665 5
      vertex 23.0779 5.14665 4.6
    endloop
  endfacet
  facet normal -0.814132 0.580679 0
    outer loop
      vertex 23.0779 5.14665 5
      vertex 23.0484 5.10529 4.6
      vertex 23.0484 5.10529 5
    endloop
  endfacet
  facet normal -0.733183 0.680031 0
    outer loop
      vertex 23.0779 5.14665 4.6
      vertex 23.1127 5.18417 5
      vertex 23.1127 5.18417 4.6
    endloop
  endfacet
  facet normal -0.733183 0.680031 0
    outer loop
      vertex 23.1127 5.18417 5
      vertex 23.0779 5.14665 4.6
      vertex 23.0779 5.14665 5
    endloop
  endfacet
  facet normal -0.644586 0.764532 0
    outer loop
      vertex 23.1519 5.21722 4.6
      vertex 23.1127 5.18417 5
      vertex 23.1519 5.21722 5
    endloop
  endfacet
  facet normal -0.644586 0.764532 0
    outer loop
      vertex 23.1127 5.18417 5
      vertex 23.1519 5.21722 4.6
      vertex 23.1127 5.18417 4.6
    endloop
  endfacet
  facet normal -0.548845 0.835924 0
    outer loop
      vertex 23.1945 5.24519 4.6
      vertex 23.1519 5.21722 5
      vertex 23.1945 5.24519 5
    endloop
  endfacet
  facet normal -0.548845 0.835924 0
    outer loop
      vertex 23.1519 5.21722 5
      vertex 23.1945 5.24519 4.6
      vertex 23.1519 5.21722 4.6
    endloop
  endfacet
  facet normal -0.446278 0.894895 0
    outer loop
      vertex 23.2404 5.26808 4.6
      vertex 23.1945 5.24519 5
      vertex 23.2404 5.26808 5
    endloop
  endfacet
  facet normal -0.446278 0.894895 0
    outer loop
      vertex 23.1945 5.24519 5
      vertex 23.2404 5.26808 4.6
      vertex 23.1945 5.24519 4.6
    endloop
  endfacet
  facet normal -0.339766 0.94051 0
    outer loop
      vertex 23.2897 5.28589 4.6
      vertex 23.2404 5.26808 5
      vertex 23.2897 5.28589 5
    endloop
  endfacet
  facet normal -0.339766 0.94051 0
    outer loop
      vertex 23.2404 5.26808 5
      vertex 23.2897 5.28589 4.6
      vertex 23.2404 5.26808 4.6
    endloop
  endfacet
  facet normal -0.234454 0.972127 0
    outer loop
      vertex 23.3424 5.2986 4.6
      vertex 23.2897 5.28589 5
      vertex 23.3424 5.2986 5
    endloop
  endfacet
  facet normal -0.234454 0.972127 0
    outer loop
      vertex 23.2897 5.28589 5
      vertex 23.3424 5.2986 4.6
      vertex 23.2897 5.28589 4.6
    endloop
  endfacet
  facet normal -0.135003 0.990845 0
    outer loop
      vertex 23.3984 5.30623 4.6
      vertex 23.3424 5.2986 5
      vertex 23.3984 5.30623 5
    endloop
  endfacet
  facet normal -0.135003 0.990845 0
    outer loop
      vertex 23.3424 5.2986 5
      vertex 23.3984 5.30623 4.6
      vertex 23.3424 5.2986 4.6
    endloop
  endfacet
  facet normal -0.0426256 0.999091 0
    outer loop
      vertex 23.4577 5.30876 4.6
      vertex 23.3984 5.30623 5
      vertex 23.4577 5.30876 5
    endloop
  endfacet
  facet normal -0.0426256 0.999091 0
    outer loop
      vertex 23.3984 5.30623 5
      vertex 23.4577 5.30876 4.6
      vertex 23.3984 5.30623 4.6
    endloop
  endfacet
  facet normal 0.0455806 0.998961 -0
    outer loop
      vertex 23.5206 5.30589 4.6
      vertex 23.4577 5.30876 5
      vertex 23.5206 5.30589 5
    endloop
  endfacet
  facet normal 0.0455806 0.998961 0
    outer loop
      vertex 23.4577 5.30876 5
      vertex 23.5206 5.30589 4.6
      vertex 23.4577 5.30876 4.6
    endloop
  endfacet
  facet normal 0.144719 0.989473 -0
    outer loop
      vertex 23.5794 5.29729 4.6
      vertex 23.5206 5.30589 5
      vertex 23.5794 5.29729 5
    endloop
  endfacet
  facet normal 0.144719 0.989473 0
    outer loop
      vertex 23.5206 5.30589 5
      vertex 23.5794 5.29729 4.6
      vertex 23.5206 5.30589 4.6
    endloop
  endfacet
  facet normal 0.25425 0.967139 -0
    outer loop
      vertex 23.6341 5.28291 4.6
      vertex 23.5794 5.29729 5
      vertex 23.6341 5.28291 5
    endloop
  endfacet
  facet normal 0.25425 0.967139 0
    outer loop
      vertex 23.5794 5.29729 5
      vertex 23.6341 5.28291 4.6
      vertex 23.5794 5.29729 4.6
    endloop
  endfacet
  facet normal 0.369014 0.929424 -0
    outer loop
      vertex 23.6847 5.26282 4.6
      vertex 23.6341 5.28291 5
      vertex 23.6847 5.26282 5
    endloop
  endfacet
  facet normal 0.369014 0.929424 0
    outer loop
      vertex 23.6341 5.28291 5
      vertex 23.6847 5.26282 4.6
      vertex 23.6341 5.28291 4.6
    endloop
  endfacet
  facet normal 0.485882 0.874024 -0
    outer loop
      vertex 23.7312 5.23697 4.6
      vertex 23.6847 5.26282 5
      vertex 23.7312 5.23697 5
    endloop
  endfacet
  facet normal 0.485882 0.874024 0
    outer loop
      vertex 23.6847 5.26282 5
      vertex 23.7312 5.23697 4.6
      vertex 23.6847 5.26282 4.6
    endloop
  endfacet
  facet normal 0.59655 0.802576 -0
    outer loop
      vertex 23.7737 5.20538 4.6
      vertex 23.7312 5.23697 5
      vertex 23.7737 5.20538 5
    endloop
  endfacet
  facet normal 0.59655 0.802576 0
    outer loop
      vertex 23.7312 5.23697 5
      vertex 23.7737 5.20538 4.6
      vertex 23.7312 5.23697 4.6
    endloop
  endfacet
  facet normal 0.69798 0.716117 -0
    outer loop
      vertex 23.812 5.16805 4.6
      vertex 23.7737 5.20538 5
      vertex 23.812 5.16805 5
    endloop
  endfacet
  facet normal 0.69798 0.716117 0
    outer loop
      vertex 23.7737 5.20538 5
      vertex 23.812 5.16805 4.6
      vertex 23.7737 5.20538 4.6
    endloop
  endfacet
  facet normal 0.783516 0.621371 0
    outer loop
      vertex 23.8458 5.12543 5
      vertex 23.812 5.16805 4.6
      vertex 23.812 5.16805 5
    endloop
  endfacet
  facet normal 0.783516 0.621371 0
    outer loop
      vertex 23.812 5.16805 4.6
      vertex 23.8458 5.12543 5
      vertex 23.8458 5.12543 4.6
    endloop
  endfacet
  facet normal 0.857349 0.514735 0
    outer loop
      vertex 23.8743 5.07796 5
      vertex 23.8458 5.12543 4.6
      vertex 23.8458 5.12543 5
    endloop
  endfacet
  facet normal 0.857349 0.514735 0
    outer loop
      vertex 23.8458 5.12543 4.6
      vertex 23.8743 5.07796 5
      vertex 23.8743 5.07796 4.6
    endloop
  endfacet
  facet normal 0.91283 0.408339 0
    outer loop
      vertex 23.8977 5.02565 5
      vertex 23.8743 5.07796 4.6
      vertex 23.8743 5.07796 5
    endloop
  endfacet
  facet normal 0.91283 0.408339 0
    outer loop
      vertex 23.8743 5.07796 4.6
      vertex 23.8977 5.02565 5
      vertex 23.8977 5.02565 4.6
    endloop
  endfacet
  facet normal 0.953345 0.301882 0
    outer loop
      vertex 23.9158 4.96849 5
      vertex 23.8977 5.02565 4.6
      vertex 23.8977 5.02565 5
    endloop
  endfacet
  facet normal 0.953345 0.301882 0
    outer loop
      vertex 23.8977 5.02565 4.6
      vertex 23.9158 4.96849 5
      vertex 23.9158 4.96849 4.6
    endloop
  endfacet
  facet normal 0.978717 0.205215 0
    outer loop
      vertex 23.9288 4.90649 5
      vertex 23.9158 4.96849 4.6
      vertex 23.9158 4.96849 5
    endloop
  endfacet
  facet normal 0.978717 0.205215 0
    outer loop
      vertex 23.9158 4.96849 4.6
      vertex 23.9288 4.90649 5
      vertex 23.9288 4.90649 4.6
    endloop
  endfacet
  facet normal 0.99326 0.11591 0
    outer loop
      vertex 23.9366 4.83965 5
      vertex 23.9288 4.90649 4.6
      vertex 23.9288 4.90649 5
    endloop
  endfacet
  facet normal 0.99326 0.11591 0
    outer loop
      vertex 23.9288 4.90649 4.6
      vertex 23.9366 4.83965 5
      vertex 23.9366 4.83965 4.6
    endloop
  endfacet
  facet normal 0.999343 0.0362485 0
    outer loop
      vertex 23.9392 4.76797 5
      vertex 23.9366 4.83965 4.6
      vertex 23.9366 4.83965 5
    endloop
  endfacet
  facet normal 0.999343 0.0362485 0
    outer loop
      vertex 23.9366 4.83965 4.6
      vertex 23.9392 4.76797 5
      vertex 23.9392 4.76797 4.6
    endloop
  endfacet
  facet normal 0.999346 -0.0361628 0
    outer loop
      vertex 23.9366 4.69612 5
      vertex 23.9392 4.76797 4.6
      vertex 23.9392 4.76797 5
    endloop
  endfacet
  facet normal 0.999346 -0.0361628 0
    outer loop
      vertex 23.9392 4.76797 4.6
      vertex 23.9366 4.69612 5
      vertex 23.9366 4.69612 4.6
    endloop
  endfacet
  facet normal 0.99352 -0.113655 0
    outer loop
      vertex 23.9289 4.62881 5
      vertex 23.9366 4.69612 4.6
      vertex 23.9366 4.69612 5
    endloop
  endfacet
  facet normal 0.99352 -0.113655 0
    outer loop
      vertex 23.9366 4.69612 4.6
      vertex 23.9289 4.62881 5
      vertex 23.9289 4.62881 4.6
    endloop
  endfacet
  facet normal 0.979835 -0.199807 0
    outer loop
      vertex 23.9161 4.56604 5
      vertex 23.9289 4.62881 4.6
      vertex 23.9289 4.62881 5
    endloop
  endfacet
  facet normal 0.979835 -0.199807 0
    outer loop
      vertex 23.9289 4.62881 4.6
      vertex 23.9161 4.56604 5
      vertex 23.9161 4.56604 4.6
    endloop
  endfacet
  facet normal 0.955871 -0.293786 0
    outer loop
      vertex 23.8982 4.5078 5
      vertex 23.9161 4.56604 4.6
      vertex 23.9161 4.56604 5
    endloop
  endfacet
  facet normal 0.955871 -0.293786 0
    outer loop
      vertex 23.9161 4.56604 4.6
      vertex 23.8982 4.5078 5
      vertex 23.8982 4.5078 4.6
    endloop
  endfacet
  facet normal 0.919313 -0.393527 0
    outer loop
      vertex 23.8752 4.45407 5
      vertex 23.8982 4.5078 4.6
      vertex 23.8982 4.5078 5
    endloop
  endfacet
  facet normal 0.919313 -0.393527 0
    outer loop
      vertex 23.8982 4.5078 4.6
      vertex 23.8752 4.45407 5
      vertex 23.8752 4.45407 4.6
    endloop
  endfacet
  facet normal 0.867504 -0.49743 0
    outer loop
      vertex 23.847 4.40489 5
      vertex 23.8752 4.45407 4.6
      vertex 23.8752 4.45407 5
    endloop
  endfacet
  facet normal 0.867504 -0.49743 0
    outer loop
      vertex 23.8752 4.45407 4.6
      vertex 23.847 4.40489 5
      vertex 23.847 4.40489 4.6
    endloop
  endfacet
  facet normal 0.801613 -0.597843 0
    outer loop
      vertex 23.8137 4.36024 5
      vertex 23.847 4.40489 4.6
      vertex 23.847 4.40489 5
    endloop
  endfacet
  facet normal 0.801613 -0.597843 0
    outer loop
      vertex 23.847 4.40489 4.6
      vertex 23.8137 4.36024 5
      vertex 23.8137 4.36024 4.6
    endloop
  endfacet
  facet normal 0.721168 -0.692761 0
    outer loop
      vertex 23.7759 4.32089 5
      vertex 23.8137 4.36024 4.6
      vertex 23.8137 4.36024 5
    endloop
  endfacet
  facet normal 0.721168 -0.692761 0
    outer loop
      vertex 23.8137 4.36024 4.6
      vertex 23.7759 4.32089 5
      vertex 23.7759 4.32089 4.6
    endloop
  endfacet
  facet normal 0.624809 -0.780777 0
    outer loop
      vertex 23.7343 4.2876 4.6
      vertex 23.7759 4.32089 5
      vertex 23.7343 4.2876 5
    endloop
  endfacet
  facet normal 0.624809 -0.780777 0
    outer loop
      vertex 23.7759 4.32089 5
      vertex 23.7343 4.2876 4.6
      vertex 23.7759 4.32089 4.6
    endloop
  endfacet
  facet normal 0.513802 -0.857909 0
    outer loop
      vertex 23.6888 4.26035 4.6
      vertex 23.7343 4.2876 5
      vertex 23.6888 4.26035 5
    endloop
  endfacet
  facet normal 0.513802 -0.857909 0
    outer loop
      vertex 23.7343 4.2876 5
      vertex 23.6888 4.26035 4.6
      vertex 23.7343 4.2876 4.6
    endloop
  endfacet
  facet normal 0.393381 -0.919375 0
    outer loop
      vertex 23.6393 4.23917 4.6
      vertex 23.6888 4.26035 5
      vertex 23.6393 4.23917 5
    endloop
  endfacet
  facet normal 0.393381 -0.919375 0
    outer loop
      vertex 23.6888 4.26035 5
      vertex 23.6393 4.23917 4.6
      vertex 23.6888 4.26035 4.6
    endloop
  endfacet
  facet normal 0.273718 -0.96181 0
    outer loop
      vertex 23.5861 4.22403 4.6
      vertex 23.6393 4.23917 5
      vertex 23.5861 4.22403 5
    endloop
  endfacet
  facet normal 0.273718 -0.96181 0
    outer loop
      vertex 23.6393 4.23917 5
      vertex 23.5861 4.22403 4.6
      vertex 23.6393 4.23917 4.6
    endloop
  endfacet
  facet normal 0.156778 -0.987634 0
    outer loop
      vertex 23.5289 4.21495 4.6
      vertex 23.5861 4.22403 5
      vertex 23.5289 4.21495 5
    endloop
  endfacet
  facet normal 0.156778 -0.987634 0
    outer loop
      vertex 23.5861 4.22403 5
      vertex 23.5289 4.21495 4.6
      vertex 23.5861 4.22403 4.6
    endloop
  endfacet
  facet normal 0.0497743 -0.99876 0
    outer loop
      vertex 23.4679 4.21191 4.6
      vertex 23.5289 4.21495 5
      vertex 23.4679 4.21191 5
    endloop
  endfacet
  facet normal 0.0497743 -0.99876 0
    outer loop
      vertex 23.5289 4.21495 5
      vertex 23.4679 4.21191 4.6
      vertex 23.5289 4.21495 4.6
    endloop
  endfacet
  facet normal -0.0605609 -0.998165 0
    outer loop
      vertex 23.4084 4.21552 4.6
      vertex 23.4679 4.21191 5
      vertex 23.4084 4.21552 5
    endloop
  endfacet
  facet normal -0.0605609 -0.998165 -0
    outer loop
      vertex 23.4679 4.21191 5
      vertex 23.4084 4.21552 4.6
      vertex 23.4679 4.21191 4.6
    endloop
  endfacet
  facet normal 0 -1 0
    outer loop
      vertex 20.8231 4.25937 4.6
      vertex 21.4046 4.25937 5
      vertex 20.8231 4.25937 5
    endloop
  endfacet
  facet normal 0 -1 -0
    outer loop
      vertex 21.4046 4.25937 5
      vertex 20.8231 4.25937 4.6
      vertex 21.4046 4.25937 4.6
    endloop
  endfacet
  facet normal -1 0 0
    outer loop
      vertex 20.8231 4.25937 4.6
      vertex 20.8231 6.38869 5
      vertex 20.8231 6.38869 4.6
    endloop
  endfacet
  facet normal -1 -0 0
    outer loop
      vertex 20.8231 6.38869 5
      vertex 20.8231 4.25937 4.6
      vertex 20.8231 4.25937 5
    endloop
  endfacet
  facet normal 0 -1 0
    outer loop
      vertex 20.5417 6.38869 4.6
      vertex 20.8231 6.38869 5
      vertex 20.5417 6.38869 5
    endloop
  endfacet
  facet normal 0 -1 -0
    outer loop
      vertex 20.8231 6.38869 5
      vertex 20.5417 6.38869 4.6
      vertex 20.8231 6.38869 4.6
    endloop
  endfacet
  facet normal 0.566586 -0.824003 0
    outer loop
      vertex 19.9771 6.00047 4.6
      vertex 20.5417 6.38869 5
      vertex 19.9771 6.00047 5
    endloop
  endfacet
  facet normal 0.566586 -0.824003 0
    outer loop
      vertex 20.5417 6.38869 5
      vertex 19.9771 6.00047 4.6
      vertex 20.5417 6.38869 4.6
    endloop
  endfacet
  facet normal 1 -0 0
    outer loop
      vertex 19.9771 5.71227 5
      vertex 19.9771 6.00047 4.6
      vertex 19.9771 6.00047 5
    endloop
  endfacet
  facet normal 1 0 0
    outer loop
      vertex 19.9771 6.00047 4.6
      vertex 19.9771 5.71227 5
      vertex 19.9771 5.71227 4.6
    endloop
  endfacet
  facet normal -0.580987 0.813913 0
    outer loop
      vertex 20.5162 6.09709 4.6
      vertex 19.9771 5.71227 5
      vertex 20.5162 6.09709 5
    endloop
  endfacet
  facet normal -0.580987 0.813913 0
    outer loop
      vertex 19.9771 5.71227 5
      vertex 20.5162 6.09709 4.6
      vertex 19.9771 5.71227 4.6
    endloop
  endfacet
  facet normal 1 -0 0
    outer loop
      vertex 20.5162 4.25937 5
      vertex 20.5162 6.09709 4.6
      vertex 20.5162 6.09709 5
    endloop
  endfacet
  facet normal 1 0 0
    outer loop
      vertex 20.5162 6.09709 4.6
      vertex 20.5162 4.25937 5
      vertex 20.5162 4.25937 4.6
    endloop
  endfacet
  facet normal 0 -1 0
    outer loop
      vertex 19.9076 4.25937 4.6
      vertex 20.5162 4.25937 5
      vertex 19.9076 4.25937 5
    endloop
  endfacet
  facet normal 0 -1 -0
    outer loop
      vertex 20.5162 4.25937 5
      vertex 19.9076 4.25937 4.6
      vertex 20.5162 4.25937 4.6
    endloop
  endfacet
  facet normal 1 -0 0
    outer loop
      vertex 19.9076 4 5
      vertex 19.9076 4.25937 4.6
      vertex 19.9076 4.25937 5
    endloop
  endfacet
  facet normal 1 0 0
    outer loop
      vertex 19.9076 4.25937 4.6
      vertex 19.9076 4 5
      vertex 19.9076 4 4.6
    endloop
  endfacet
  facet normal 0 1 -0
    outer loop
      vertex 21.4046 4 4.6
      vertex 19.9076 4 5
      vertex 21.4046 4 5
    endloop
  endfacet
  facet normal 0 1 0
    outer loop
      vertex 19.9076 4 5
      vertex 21.4046 4 4.6
      vertex 19.9076 4 4.6
    endloop
  endfacet
  facet normal -1 0 0
    outer loop
      vertex 21.4046 4 4.6
      vertex 21.4046 4.25937 5
      vertex 21.4046 4.25937 4.6
    endloop
  endfacet
  facet normal -1 -0 0
    outer loop
      vertex 21.4046 4.25937 5
      vertex 21.4046 4 4.6
      vertex 21.4046 4 5
    endloop
  endfacet
  facet normal 0 -1 0
    outer loop
      vertex 21.846 4.37126 4.6
      vertex 22.1765 4.37126 5
      vertex 21.846 4.37126 5
    endloop
  endfacet
  facet normal 0 -1 -0
    outer loop
      vertex 22.1765 4.37126 5
      vertex 21.846 4.37126 4.6
      vertex 22.1765 4.37126 4.6
    endloop
  endfacet
  facet normal 1 -0 0
    outer loop
      vertex 21.846 4 5
      vertex 21.846 4.37126 4.6
      vertex 21.846 4.37126 5
    endloop
  endfacet
  facet normal 1 0 0
    outer loop
      vertex 21.846 4.37126 4.6
      vertex 21.846 4 5
      vertex 21.846 4 4.6
    endloop
  endfacet
  facet normal 0 1 -0
    outer loop
      vertex 22.1765 4 4.6
      vertex 21.846 4 5
      vertex 22.1765 4 5
    endloop
  endfacet
  facet normal 0 1 0
    outer loop
      vertex 21.846 4 5
      vertex 22.1765 4 4.6
      vertex 21.846 4 4.6
    endloop
  endfacet
  facet normal -1 0 0
    outer loop
      vertex 22.1765 4 4.6
      vertex 22.1765 4.37126 5
      vertex 22.1765 4.37126 4.6
    endloop
  endfacet
  facet normal -1 -0 0
    outer loop
      vertex 22.1765 4.37126 5
      vertex 22.1765 4 4.6
      vertex 22.1765 4 5
    endloop
  endfacet
  facet normal 0 0 1
    outer loop
      vertex 28.5162 6.09709 4.6
      vertex 28.8231 6.38869 4.6
      vertex 28.5417 6.38869 4.6
    endloop
  endfacet
  facet normal -0 0 1
    outer loop
      vertex 28.8231 4.25937 4.6
      vertex 29.4046 4 4.6
      vertex 29.4046 4.25937 4.6
    endloop
  endfacet
  facet normal 0 0 1
    outer loop
      vertex 28.8231 6.38869 4.6
      vertex 28.5162 6.09709 4.6
      vertex 28.8231 4.25937 4.6
    endloop
  endfacet
  facet normal 0 0 1
    outer loop
      vertex 28.5162 4.25937 4.6
      vertex 28.8231 4.25937 4.6
      vertex 28.5162 6.09709 4.6
    endloop
  endfacet
  facet normal -0 0 1
    outer loop
      vertex 28.5162 4.25937 4.6
      vertex 29.4046 4 4.6
      vertex 28.8231 4.25937 4.6
    endloop
  endfacet
  facet normal 0 0 1
    outer loop
      vertex 27.9076 4 4.6
      vertex 28.5162 4.25937 4.6
      vertex 27.9076 4.25937 4.6
    endloop
  endfacet
  facet normal 0 0 1
    outer loop
      vertex 28.5162 4.25937 4.6
      vertex 27.9076 4 4.6
      vertex 29.4046 4 4.6
    endloop
  endfacet
  facet normal 0 0 1
    outer loop
      vertex 27.9771 6.00047 4.6
      vertex 28.5162 6.09709 4.6
      vertex 28.5417 6.38869 4.6
    endloop
  endfacet
  facet normal 0 0 1
    outer loop
      vertex 28.5162 6.09709 4.6
      vertex 27.9771 6.00047 4.6
      vertex 27.9771 5.71227 4.6
    endloop
  endfacet
  facet normal 0 0 1
    outer loop
      vertex 31.9324 6.12932 4.6
      vertex 32.2274 6.14117 4.6
      vertex 32.2274 6.38869 4.6
    endloop
  endfacet
  facet normal 0 0 1
    outer loop
      vertex 32.2274 6.14117 4.6
      vertex 31.9324 6.12932 4.6
      vertex 32.1272 5.98627 4.6
    endloop
  endfacet
  facet normal 0 0 1
    outer loop
      vertex 32.1272 5.98627 4.6
      vertex 31.9324 6.12932 4.6
      vertex 32.0357 5.84128 4.6
    endloop
  endfacet
  facet normal -0 0 1
    outer loop
      vertex 31.8079 5.94402 4.6
      vertex 32.0357 5.84128 4.6
      vertex 31.9324 6.12932 4.6
    endloop
  endfacet
  facet normal -0 0 1
    outer loop
      vertex 30.649 6.38869 4.6
      vertex 31.9324 6.12932 4.6
      vertex 32.2274 6.38869 4.6
    endloop
  endfacet
  facet normal 0 0 1
    outer loop
      vertex 31.9324 6.12932 4.6
      vertex 30.649 6.38869 4.6
      vertex 30.649 6.12932 4.6
    endloop
  endfacet
  facet normal 0 0 1
    outer loop
      vertex 32.0357 5.84128 4.6
      vertex 31.8079 5.94402 4.6
      vertex 31.953 5.70616 4.6
    endloop
  endfacet
  facet normal -0 0 1
    outer loop
      vertex 31.694 5.76498 4.6
      vertex 31.953 5.70616 4.6
      vertex 31.8079 5.94402 4.6
    endloop
  endfacet
  facet normal 0 0 1
    outer loop
      vertex 31.953 5.70616 4.6
      vertex 31.694 5.76498 4.6
      vertex 31.8792 5.58095 4.6
    endloop
  endfacet
  facet normal -0 0 1
    outer loop
      vertex 31.5908 5.59221 4.6
      vertex 31.8792 5.58095 4.6
      vertex 31.694 5.76498 4.6
    endloop
  endfacet
  facet normal 0 0 1
    outer loop
      vertex 31.8792 5.58095 4.6
      vertex 31.5908 5.59221 4.6
      vertex 31.8141 5.46564 4.6
    endloop
  endfacet
  facet normal 0 0 1
    outer loop
      vertex 31.8141 5.46564 4.6
      vertex 31.5908 5.59221 4.6
      vertex 31.7578 5.36021 4.6
    endloop
  endfacet
  facet normal -0 0 1
    outer loop
      vertex 31.4981 5.4257 4.6
      vertex 31.7578 5.36021 4.6
      vertex 31.5908 5.59221 4.6
    endloop
  endfacet
  facet normal 0 0 1
    outer loop
      vertex 31.7578 5.36021 4.6
      vertex 31.4981 5.4257 4.6
      vertex 31.7103 5.26469 4.6
    endloop
  endfacet
  facet normal -0 0 1
    outer loop
      vertex 31.4161 5.26547 4.6
      vertex 31.7103 5.26469 4.6
      vertex 31.4981 5.4257 4.6
    endloop
  endfacet
  facet normal 0 0 1
    outer loop
      vertex 31.7103 5.26469 4.6
      vertex 31.4161 5.26547 4.6
      vertex 31.6687 5.17429 4.6
    endloop
  endfacet
  facet normal 0 0 1
    outer loop
      vertex 31.6687 5.17429 4.6
      vertex 31.4161 5.26547 4.6
      vertex 31.6302 5.08423 4.6
    endloop
  endfacet
  facet normal -0 0 1
    outer loop
      vertex 31.3447 5.11148 4.6
      vertex 31.6302 5.08423 4.6
      vertex 31.4161 5.26547 4.6
    endloop
  endfacet
  facet normal 0 0 1
    outer loop
      vertex 31.6302 5.08423 4.6
      vertex 31.3447 5.11148 4.6
      vertex 31.5948 4.99451 4.6
    endloop
  endfacet
  facet normal 0 0 1
    outer loop
      vertex 31.5948 4.99451 4.6
      vertex 31.3447 5.11148 4.6
      vertex 31.5625 4.90515 4.6
    endloop
  endfacet
  facet normal -0 0 1
    outer loop
      vertex 31.2839 4.96376 4.6
      vertex 31.5625 4.90515 4.6
      vertex 31.3447 5.11148 4.6
    endloop
  endfacet
  facet normal 0 0 1
    outer loop
      vertex 31.5625 4.90515 4.6
      vertex 31.2839 4.96376 4.6
      vertex 31.5333 4.81612 4.6
    endloop
  endfacet
  facet normal -0 0 1
    outer loop
      vertex 31.2324 4.82018 4.6
      vertex 31.5333 4.81612 4.6
      vertex 31.2839 4.96376 4.6
    endloop
  endfacet
  facet normal 0 0 1
    outer loop
      vertex 31.5333 4.81612 4.6
      vertex 31.2324 4.82018 4.6
      vertex 31.5071 4.72745 4.6
    endloop
  endfacet
  facet normal 0 0 1
    outer loop
      vertex 31.5071 4.72745 4.6
      vertex 31.2324 4.82018 4.6
      vertex 31.484 4.63911 4.6
    endloop
  endfacet
  facet normal -0 0 1
    outer loop
      vertex 31.1889 4.67854 4.6
      vertex 31.484 4.63911 4.6
      vertex 31.2324 4.82018 4.6
    endloop
  endfacet
  facet normal 0 0 1
    outer loop
      vertex 31.484 4.63911 4.6
      vertex 31.1889 4.67854 4.6
      vertex 31.464 4.55051 4.6
    endloop
  endfacet
  facet normal 0 0 1
    outer loop
      vertex 31.1532 4.53888 4.6
      vertex 31.464 4.55051 4.6
      vertex 31.1889 4.67854 4.6
    endloop
  endfacet
  facet normal 0 0 1
    outer loop
      vertex 31.464 4.55051 4.6
      vertex 31.1532 4.53888 4.6
      vertex 31.447 4.461 4.6
    endloop
  endfacet
  facet normal 0 0 1
    outer loop
      vertex 31.447 4.461 4.6
      vertex 31.1532 4.53888 4.6
      vertex 31.4332 4.37061 4.6
    endloop
  endfacet
  facet normal -0 0 1
    outer loop
      vertex 31.1255 4.4012 4.6
      vertex 31.4332 4.37061 4.6
      vertex 31.1532 4.53888 4.6
    endloop
  endfacet
  facet normal 0 0 1
    outer loop
      vertex 31.4332 4.37061 4.6
      vertex 31.1255 4.4012 4.6
      vertex 31.4224 4.2793 4.6
    endloop
  endfacet
  facet normal 0 0 1
    outer loop
      vertex 31.1057 4.26549 4.6
      vertex 31.4224 4.2793 4.6
      vertex 31.1255 4.4012 4.6
    endloop
  endfacet
  facet normal 0 0 1
    outer loop
      vertex 31.4224 4.2793 4.6
      vertex 31.1057 4.26549 4.6
      vertex 31.4147 4.18709 4.6
    endloop
  endfacet
  facet normal 0 0 1
    outer loop
      vertex 31.0938 4.13176 4.6
      vertex 31.4147 4.18709 4.6
      vertex 31.1057 4.26549 4.6
    endloop
  endfacet
  facet normal 0 0 1
    outer loop
      vertex 31.4147 4.18709 4.6
      vertex 31.0938 4.13176 4.6
      vertex 31.4101 4.09399 4.6
    endloop
  endfacet
  facet normal 0 0 1
    outer loop
      vertex 31.0898 4 4.6
      vertex 31.4101 4.09399 4.6
      vertex 31.0938 4.13176 4.6
    endloop
  endfacet
  facet normal 0 0 1
    outer loop
      vertex 31.4101 4.09399 4.6
      vertex 31.0898 4 4.6
      vertex 31.4085 4 4.6
    endloop
  endfacet
  facet normal -0 0 1
    outer loop
      vertex 29.846 4.37126 4.6
      vertex 30.1765 4 4.6
      vertex 30.1765 4.37126 4.6
    endloop
  endfacet
  facet normal 0 0 1
    outer loop
      vertex 30.1765 4 4.6
      vertex 29.846 4.37126 4.6
      vertex 29.846 4 4.6
    endloop
  endfacet
  facet normal 0 -1 0
    outer loop
      vertex 28.8231 4.25937 4.6
      vertex 29.4046 4.25937 5
      vertex 28.8231 4.25937 5
    endloop
  endfacet
  facet normal 0 -1 -0
    outer loop
      vertex 29.4046 4.25937 5
      vertex 28.8231 4.25937 4.6
      vertex 29.4046 4.25937 4.6
    endloop
  endfacet
  facet normal -1 0 0
    outer loop
      vertex 28.8231 4.25937 4.6
      vertex 28.8231 6.38869 5
      vertex 28.8231 6.38869 4.6
    endloop
  endfacet
  facet normal -1 -0 0
    outer loop
      vertex 28.8231 6.38869 5
      vertex 28.8231 4.25937 4.6
      vertex 28.8231 4.25937 5
    endloop
  endfacet
  facet normal 0 -1 0
    outer loop
      vertex 28.5417 6.38869 4.6
      vertex 28.8231 6.38869 5
      vertex 28.5417 6.38869 5
    endloop
  endfacet
  facet normal 0 -1 -0
    outer loop
      vertex 28.8231 6.38869 5
      vertex 28.5417 6.38869 4.6
      vertex 28.8231 6.38869 4.6
    endloop
  endfacet
  facet normal 0.566586 -0.824003 0
    outer loop
      vertex 27.9771 6.00047 4.6
      vertex 28.5417 6.38869 5
      vertex 27.9771 6.00047 5
    endloop
  endfacet
  facet normal 0.566586 -0.824003 0
    outer loop
      vertex 28.5417 6.38869 5
      vertex 27.9771 6.00047 4.6
      vertex 28.5417 6.38869 4.6
    endloop
  endfacet
  facet normal 1 -0 0
    outer loop
      vertex 27.9771 5.71227 5
      vertex 27.9771 6.00047 4.6
      vertex 27.9771 6.00047 5
    endloop
  endfacet
  facet normal 1 0 0
    outer loop
      vertex 27.9771 6.00047 4.6
      vertex 27.9771 5.71227 5
      vertex 27.9771 5.71227 4.6
    endloop
  endfacet
  facet normal -0.580987 0.813913 0
    outer loop
      vertex 28.5162 6.09709 4.6
      vertex 27.9771 5.71227 5
      vertex 28.5162 6.09709 5
    endloop
  endfacet
  facet normal -0.580987 0.813913 0
    outer loop
      vertex 27.9771 5.71227 5
      vertex 28.5162 6.09709 4.6
      vertex 27.9771 5.71227 4.6
    endloop
  endfacet
  facet normal 1 -0 0
    outer loop
      vertex 28.5162 4.25937 5
      vertex 28.5162 6.09709 4.6
      vertex 28.5162 6.09709 5
    endloop
  endfacet
  facet normal 1 0 0
    outer loop
      vertex 28.5162 6.09709 4.6
      vertex 28.5162 4.25937 5
      vertex 28.5162 4.25937 4.6
    endloop
  endfacet
  facet normal 0 -1 0
    outer loop
      vertex 27.9076 4.25937 4.6
      vertex 28.5162 4.25937 5
      vertex 27.9076 4.25937 5
    endloop
  endfacet
  facet normal 0 -1 -0
    outer loop
      vertex 28.5162 4.25937 5
      vertex 27.9076 4.25937 4.6
      vertex 28.5162 4.25937 4.6
    endloop
  endfacet
  facet normal 1 -0 0
    outer loop
      vertex 27.9076 4 5
      vertex 27.9076 4.25937 4.6
      vertex 27.9076 4.25937 5
    endloop
  endfacet
  facet normal 1 0 0
    outer loop
      vertex 27.9076 4.25937 4.6
      vertex 27.9076 4 5
      vertex 27.9076 4 4.6
    endloop
  endfacet
  facet normal 0 1 -0
    outer loop
      vertex 29.4046 4 4.6
      vertex 27.9076 4 5
      vertex 29.4046 4 5
    endloop
  endfacet
  facet normal 0 1 0
    outer loop
      vertex 27.9076 4 5
      vertex 29.4046 4 4.6
      vertex 27.9076 4 4.6
    endloop
  endfacet
  facet normal -1 0 0
    outer loop
      vertex 29.4046 4 4.6
      vertex 29.4046 4.25937 5
      vertex 29.4046 4.25937 4.6
    endloop
  endfacet
  facet normal -1 -0 0
    outer loop
      vertex 29.4046 4.25937 5
      vertex 29.4046 4 4.6
      vertex 29.4046 4 5
    endloop
  endfacet
  facet normal -0.998782 0.049349 0
    outer loop
      vertex 31.4101 4.09399 4.6
      vertex 31.4147 4.18709 5
      vertex 31.4147 4.18709 4.6
    endloop
  endfacet
  facet normal -0.998782 0.049349 0
    outer loop
      vertex 31.4147 4.18709 5
      vertex 31.4101 4.09399 4.6
      vertex 31.4101 4.09399 5
    endloop
  endfacet
  facet normal -0.996532 0.0832154 0
    outer loop
      vertex 31.4147 4.18709 4.6
      vertex 31.4224 4.2793 5
      vertex 31.4224 4.2793 4.6
    endloop
  endfacet
  facet normal -0.996532 0.0832154 0
    outer loop
      vertex 31.4224 4.2793 5
      vertex 31.4147 4.18709 4.6
      vertex 31.4147 4.18709 5
    endloop
  endfacet
  facet normal -0.993078 0.11746 0
    outer loop
      vertex 31.4224 4.2793 4.6
      vertex 31.4332 4.37061 5
      vertex 31.4332 4.37061 4.6
    endloop
  endfacet
  facet normal -0.993078 0.11746 0
    outer loop
      vertex 31.4332 4.37061 5
      vertex 31.4224 4.2793 4.6
      vertex 31.4224 4.2793 5
    endloop
  endfacet
  facet normal -0.988546 0.150923 0
    outer loop
      vertex 31.4332 4.37061 4.6
      vertex 31.447 4.461 5
      vertex 31.447 4.461 4.6
    endloop
  endfacet
  facet normal -0.988546 0.150923 0
    outer loop
      vertex 31.447 4.461 5
      vertex 31.4332 4.37061 4.6
      vertex 31.4332 4.37061 5
    endloop
  endfacet
  facet normal -0.982438 0.186588 0
    outer loop
      vertex 31.447 4.461 4.6
      vertex 31.464 4.55051 5
      vertex 31.464 4.55051 4.6
    endloop
  endfacet
  facet normal -0.982438 0.186588 0
    outer loop
      vertex 31.464 4.55051 5
      vertex 31.447 4.461 4.6
      vertex 31.447 4.461 5
    endloop
  endfacet
  facet normal -0.975456 0.220193 0
    outer loop
      vertex 31.464 4.55051 4.6
      vertex 31.484 4.63911 5
      vertex 31.484 4.63911 4.6
    endloop
  endfacet
  facet normal -0.975456 0.220193 0
    outer loop
      vertex 31.484 4.63911 5
      vertex 31.464 4.55051 4.6
      vertex 31.464 4.55051 5
    endloop
  endfacet
  facet normal -0.967471 0.252984 0
    outer loop
      vertex 31.484 4.63911 4.6
      vertex 31.5071 4.72745 5
      vertex 31.5071 4.72745 4.6
    endloop
  endfacet
  facet normal -0.967471 0.252984 0
    outer loop
      vertex 31.5071 4.72745 5
      vertex 31.484 4.63911 4.6
      vertex 31.484 4.63911 5
    endloop
  endfacet
  facet normal -0.959012 0.283366 0
    outer loop
      vertex 31.5071 4.72745 4.6
      vertex 31.5333 4.81612 5
      vertex 31.5333 4.81612 4.6
    endloop
  endfacet
  facet normal -0.959012 0.283366 0
    outer loop
      vertex 31.5333 4.81612 5
      vertex 31.5071 4.72745 4.6
      vertex 31.5071 4.72745 5
    endloop
  endfacet
  facet normal -0.950198 0.311645 0
    outer loop
      vertex 31.5333 4.81612 4.6
      vertex 31.5625 4.90515 5
      vertex 31.5625 4.90515 4.6
    endloop
  endfacet
  facet normal -0.950198 0.311645 0
    outer loop
      vertex 31.5625 4.90515 5
      vertex 31.5333 4.81612 4.6
      vertex 31.5333 4.81612 5
    endloop
  endfacet
  facet normal -0.940449 0.339934 0
    outer loop
      vertex 31.5625 4.90515 4.6
      vertex 31.5948 4.99451 5
      vertex 31.5948 4.99451 4.6
    endloop
  endfacet
  facet normal -0.940449 0.339934 0
    outer loop
      vertex 31.5948 4.99451 5
      vertex 31.5625 4.90515 4.6
      vertex 31.5625 4.90515 5
    endloop
  endfacet
  facet normal -0.930211 0.367025 0
    outer loop
      vertex 31.5948 4.99451 4.6
      vertex 31.6302 5.08423 5
      vertex 31.6302 5.08423 4.6
    endloop
  endfacet
  facet normal -0.930211 0.367025 0
    outer loop
      vertex 31.6302 5.08423 5
      vertex 31.5948 4.99451 4.6
      vertex 31.5948 4.99451 5
    endloop
  endfacet
  facet normal -0.919504 0.393081 0
    outer loop
      vertex 31.6302 5.08423 4.6
      vertex 31.6687 5.17429 5
      vertex 31.6687 5.17429 4.6
    endloop
  endfacet
  facet normal -0.919504 0.393081 0
    outer loop
      vertex 31.6687 5.17429 5
      vertex 31.6302 5.08423 4.6
      vertex 31.6302 5.08423 5
    endloop
  endfacet
  facet normal -0.908429 0.418038 0
    outer loop
      vertex 31.6687 5.17429 4.6
      vertex 31.7103 5.26469 5
      vertex 31.7103 5.26469 4.6
    endloop
  endfacet
  facet normal -0.908429 0.418038 0
    outer loop
      vertex 31.7103 5.26469 5
      vertex 31.6687 5.17429 4.6
      vertex 31.6687 5.17429 5
    endloop
  endfacet
  facet normal -0.8954 0.445263 0
    outer loop
      vertex 31.7103 5.26469 4.6
      vertex 31.7578 5.36021 5
      vertex 31.7578 5.36021 4.6
    endloop
  endfacet
  facet normal -0.8954 0.445263 0
    outer loop
      vertex 31.7578 5.36021 5
      vertex 31.7103 5.26469 4.6
      vertex 31.7103 5.26469 5
    endloop
  endfacet
  facet normal -0.882107 0.471048 0
    outer loop
      vertex 31.7578 5.36021 4.6
      vertex 31.8141 5.46564 5
      vertex 31.8141 5.46564 4.6
    endloop
  endfacet
  facet normal -0.882107 0.471048 0
    outer loop
      vertex 31.8141 5.46564 5
      vertex 31.7578 5.36021 4.6
      vertex 31.7578 5.36021 5
    endloop
  endfacet
  facet normal -0.870806 0.491627 0
    outer loop
      vertex 31.8141 5.46564 4.6
      vertex 31.8792 5.58095 5
      vertex 31.8792 5.58095 4.6
    endloop
  endfacet
  facet normal -0.870806 0.491627 0
    outer loop
      vertex 31.8792 5.58095 5
      vertex 31.8141 5.46564 4.6
      vertex 31.8141 5.46564 5
    endloop
  endfacet
  facet normal -0.861492 0.507772 0
    outer loop
      vertex 31.8792 5.58095 4.6
      vertex 31.953 5.70616 5
      vertex 31.953 5.70616 4.6
    endloop
  endfacet
  facet normal -0.861492 0.507772 0
    outer loop
      vertex 31.953 5.70616 5
      vertex 31.8792 5.58095 4.6
      vertex 31.8792 5.58095 5
    endloop
  endfacet
  facet normal -0.852926 0.522032 0
    outer loop
      vertex 31.953 5.70616 4.6
      vertex 32.0357 5.84128 5
      vertex 32.0357 5.84128 4.6
    endloop
  endfacet
  facet normal -0.852926 0.522032 0
    outer loop
      vertex 32.0357 5.84128 5
      vertex 31.953 5.70616 4.6
      vertex 31.953 5.70616 5
    endloop
  endfacet
  facet normal -0.84568 0.53369 0
    outer loop
      vertex 32.0357 5.84128 4.6
      vertex 32.1272 5.98627 5
      vertex 32.1272 5.98627 4.6
    endloop
  endfacet
  facet normal -0.84568 0.53369 0
    outer loop
      vertex 32.1272 5.98627 5
      vertex 32.0357 5.84128 4.6
      vertex 32.0357 5.84128 5
    endloop
  endfacet
  facet normal -0.839643 0.543139 0
    outer loop
      vertex 32.1272 5.98627 4.6
      vertex 32.2274 6.14117 5
      vertex 32.2274 6.14117 4.6
    endloop
  endfacet
  facet normal -0.839643 0.543139 0
    outer loop
      vertex 32.2274 6.14117 5
      vertex 32.1272 5.98627 4.6
      vertex 32.1272 5.98627 5
    endloop
  endfacet
  facet normal -1 0 0
    outer loop
      vertex 32.2274 6.14117 4.6
      vertex 32.2274 6.38869 5
      vertex 32.2274 6.38869 4.6
    endloop
  endfacet
  facet normal -1 -0 0
    outer loop
      vertex 32.2274 6.38869 5
      vertex 32.2274 6.14117 4.6
      vertex 32.2274 6.14117 5
    endloop
  endfacet
  facet normal 0 -1 0
    outer loop
      vertex 30.649 6.38869 4.6
      vertex 32.2274 6.38869 5
      vertex 30.649 6.38869 5
    endloop
  endfacet
  facet normal 0 -1 -0
    outer loop
      vertex 32.2274 6.38869 5
      vertex 30.649 6.38869 4.6
      vertex 32.2274 6.38869 4.6
    endloop
  endfacet
  facet normal 1 -0 0
    outer loop
      vertex 30.649 6.12932 5
      vertex 30.649 6.38869 4.6
      vertex 30.649 6.38869 5
    endloop
  endfacet
  facet normal 1 0 0
    outer loop
      vertex 30.649 6.38869 4.6
      vertex 30.649 6.12932 5
      vertex 30.649 6.12932 4.6
    endloop
  endfacet
  facet normal 0 1 -0
    outer loop
      vertex 31.9324 6.12932 4.6
      vertex 30.649 6.12932 5
      vertex 31.9324 6.12932 5
    endloop
  endfacet
  facet normal 0 1 0
    outer loop
      vertex 30.649 6.12932 5
      vertex 31.9324 6.12932 4.6
      vertex 30.649 6.12932 4.6
    endloop
  endfacet
  facet normal 0.830046 -0.557694 0
    outer loop
      vertex 31.8079 5.94402 5
      vertex 31.9324 6.12932 4.6
      vertex 31.9324 6.12932 5
    endloop
  endfacet
  facet normal 0.830046 -0.557694 0
    outer loop
      vertex 31.9324 6.12932 4.6
      vertex 31.8079 5.94402 5
      vertex 31.8079 5.94402 4.6
    endloop
  endfacet
  facet normal 0.843735 -0.53676 0
    outer loop
      vertex 31.694 5.76498 5
      vertex 31.8079 5.94402 4.6
      vertex 31.8079 5.94402 5
    endloop
  endfacet
  facet normal 0.843735 -0.53676 0
    outer loop
      vertex 31.8079 5.94402 4.6
      vertex 31.694 5.76498 5
      vertex 31.694 5.76498 4.6
    endloop
  endfacet
  facet normal 0.858504 -0.512807 0
    outer loop
      vertex 31.5908 5.59221 5
      vertex 31.694 5.76498 4.6
      vertex 31.694 5.76498 5
    endloop
  endfacet
  facet normal 0.858504 -0.512807 0
    outer loop
      vertex 31.694 5.76498 4.6
      vertex 31.5908 5.59221 5
      vertex 31.5908 5.59221 4.6
    endloop
  endfacet
  facet normal 0.873724 -0.486422 0
    outer loop
      vertex 31.4981 5.4257 5
      vertex 31.5908 5.59221 4.6
      vertex 31.5908 5.59221 5
    endloop
  endfacet
  facet normal 0.873724 -0.486422 0
    outer loop
      vertex 31.5908 5.59221 4.6
      vertex 31.4981 5.4257 5
      vertex 31.4981 5.4257 4.6
    endloop
  endfacet
  facet normal 0.890199 -0.455572 0
    outer loop
      vertex 31.4161 5.26547 5
      vertex 31.4981 5.4257 4.6
      vertex 31.4981 5.4257 5
    endloop
  endfacet
  facet normal 0.890199 -0.455572 0
    outer loop
      vertex 31.4981 5.4257 4.6
      vertex 31.4161 5.26547 5
      vertex 31.4161 5.26547 4.6
    endloop
  endfacet
  facet normal 0.907223 -0.420649 0
    outer loop
      vertex 31.3447 5.11148 5
      vertex 31.4161 5.26547 4.6
      vertex 31.4161 5.26547 5
    endloop
  endfacet
  facet normal 0.907223 -0.420649 0
    outer loop
      vertex 31.4161 5.26547 4.6
      vertex 31.3447 5.11148 5
      vertex 31.3447 5.11148 4.6
    endloop
  endfacet
  facet normal 0.924735 -0.380611 0
    outer loop
      vertex 31.2839 4.96376 5
      vertex 31.3447 5.11148 4.6
      vertex 31.3447 5.11148 5
    endloop
  endfacet
  facet normal 0.924735 -0.380611 0
    outer loop
      vertex 31.3447 5.11148 4.6
      vertex 31.2839 4.96376 5
      vertex 31.2839 4.96376 4.6
    endloop
  endfacet
  facet normal 0.941281 -0.337624 0
    outer loop
      vertex 31.2324 4.82018 5
      vertex 31.2839 4.96376 4.6
      vertex 31.2839 4.96376 5
    endloop
  endfacet
  facet normal 0.941281 -0.337624 0
    outer loop
      vertex 31.2839 4.96376 4.6
      vertex 31.2324 4.82018 5
      vertex 31.2324 4.82018 4.6
    endloop
  endfacet
  facet normal 0.955934 -0.293583 0
    outer loop
      vertex 31.1889 4.67854 5
      vertex 31.2324 4.82018 4.6
      vertex 31.2324 4.82018 5
    endloop
  endfacet
  facet normal 0.955934 -0.293583 0
    outer loop
      vertex 31.2324 4.82018 4.6
      vertex 31.1889 4.67854 5
      vertex 31.1889 4.67854 4.6
    endloop
  endfacet
  facet normal 0.968848 -0.247658 0
    outer loop
      vertex 31.1532 4.53888 5
      vertex 31.1889 4.67854 4.6
      vertex 31.1889 4.67854 5
    endloop
  endfacet
  facet normal 0.968848 -0.247658 0
    outer loop
      vertex 31.1889 4.67854 4.6
      vertex 31.1532 4.53888 5
      vertex 31.1532 4.53888 4.6
    endloop
  endfacet
  facet normal 0.980355 -0.197239 0
    outer loop
      vertex 31.1255 4.4012 5
      vertex 31.1532 4.53888 4.6
      vertex 31.1532 4.53888 5
    endloop
  endfacet
  facet normal 0.980355 -0.197239 0
    outer loop
      vertex 31.1532 4.53888 4.6
      vertex 31.1255 4.4012 5
      vertex 31.1255 4.4012 4.6
    endloop
  endfacet
  facet normal 0.989524 -0.144371 0
    outer loop
      vertex 31.1057 4.26549 5
      vertex 31.1255 4.4012 4.6
      vertex 31.1255 4.4012 5
    endloop
  endfacet
  facet normal 0.989524 -0.144371 0
    outer loop
      vertex 31.1255 4.4012 4.6
      vertex 31.1057 4.26549 5
      vertex 31.1057 4.26549 4.6
    endloop
  endfacet
  facet normal 0.996064 -0.088635 0
    outer loop
      vertex 31.0938 4.13176 5
      vertex 31.1057 4.26549 4.6
      vertex 31.1057 4.26549 5
    endloop
  endfacet
  facet normal 0.996064 -0.088635 0
    outer loop
      vertex 31.1057 4.26549 4.6
      vertex 31.0938 4.13176 5
      vertex 31.0938 4.13176 4.6
    endloop
  endfacet
  facet normal 0.99954 -0.0303442 0
    outer loop
      vertex 31.0898 4 5
      vertex 31.0938 4.13176 4.6
      vertex 31.0938 4.13176 5
    endloop
  endfacet
  facet normal 0.99954 -0.0303442 0
    outer loop
      vertex 31.0938 4.13176 4.6
      vertex 31.0898 4 5
      vertex 31.0898 4 4.6
    endloop
  endfacet
  facet normal 0 1 -0
    outer loop
      vertex 31.4085 4 4.6
      vertex 31.0898 4 5
      vertex 31.4085 4 5
    endloop
  endfacet
  facet normal 0 1 0
    outer loop
      vertex 31.0898 4 5
      vertex 31.4085 4 4.6
      vertex 31.0898 4 4.6
    endloop
  endfacet
  facet normal -0.999855 0.0170206 0
    outer loop
      vertex 31.4085 4 4.6
      vertex 31.4101 4.09399 5
      vertex 31.4101 4.09399 4.6
    endloop
  endfacet
  facet normal -0.999855 0.0170206 0
    outer loop
      vertex 31.4101 4.09399 5
      vertex 31.4085 4 4.6
      vertex 31.4085 4 5
    endloop
  endfacet
  facet normal 0 -1 0
    outer loop
      vertex 29.846 4.37126 4.6
      vertex 30.1765 4.37126 5
      vertex 29.846 4.37126 5
    endloop
  endfacet
  facet normal 0 -1 -0
    outer loop
      vertex 30.1765 4.37126 5
      vertex 29.846 4.37126 4.6
      vertex 30.1765 4.37126 4.6
    endloop
  endfacet
  facet normal 1 -0 0
    outer loop
      vertex 29.846 4 5
      vertex 29.846 4.37126 4.6
      vertex 29.846 4.37126 5
    endloop
  endfacet
  facet normal 1 0 0
    outer loop
      vertex 29.846 4.37126 4.6
      vertex 29.846 4 5
      vertex 29.846 4 4.6
    endloop
  endfacet
  facet normal 0 1 -0
    outer loop
      vertex 30.1765 4 4.6
      vertex 29.846 4 5
      vertex 30.1765 4 5
    endloop
  endfacet
  facet normal 0 1 0
    outer loop
      vertex 29.846 4 5
      vertex 30.1765 4 4.6
      vertex 29.846 4 4.6
    endloop
  endfacet
  facet normal -1 0 0
    outer loop
      vertex 30.1765 4 4.6
      vertex 30.1765 4.37126 5
      vertex 30.1765 4.37126 4.6
    endloop
  endfacet
  facet normal -1 -0 0
    outer loop
      vertex 30.1765 4.37126 5
      vertex 30.1765 4 4.6
      vertex 30.1765 4 5
    endloop
  endfacet
  facet normal 0 0 1
    outer loop
      vertex 39.8748 5.79195 4.6
      vertex 40.1918 5.8089 4.6
      vertex 40.1876 5.88739 4.6
    endloop
  endfacet
  facet normal 0 0 1
    outer loop
      vertex 40.1918 5.8089 4.6
      vertex 39.8748 5.79195 4.6
      vertex 40.1895 5.75136 4.6
    endloop
  endfacet
  facet normal -0 0 1
    outer loop
      vertex 39.8657 5.89944 4.6
      vertex 40.1876 5.88739 4.6
      vertex 40.1751 5.96112 4.6
    endloop
  endfacet
  facet normal 0 0 1
    outer loop
      vertex 39.8725 5.73099 4.6
      vertex 40.1895 5.75136 4.6
      vertex 39.8748 5.79195 4.6
    endloop
  endfacet
  facet normal 0 0 1
    outer loop
      vertex 40.1895 5.75136 4.6
      vertex 39.8725 5.73099 4.6
      vertex 40.1825 5.69597 4.6
    endloop
  endfacet
  facet normal 0 0 1
    outer loop
      vertex 39.8657 5.89944 4.6
      vertex 40.1751 5.96112 4.6
      vertex 40.1543 6.03008 4.6
    endloop
  endfacet
  facet normal 0 0 1
    outer loop
      vertex 40.1825 5.69597 4.6
      vertex 39.8725 5.73099 4.6
      vertex 40.1709 5.64272 4.6
    endloop
  endfacet
  facet normal 0 0 1
    outer loop
      vertex 39.8385 5.9904 4.6
      vertex 40.1543 6.03008 4.6
      vertex 40.1251 6.09425 4.6
    endloop
  endfacet
  facet normal -0 0 1
    outer loop
      vertex 39.8656 5.67506 4.6
      vertex 40.1709 5.64272 4.6
      vertex 39.8725 5.73099 4.6
    endloop
  endfacet
  facet normal 0 0 1
    outer loop
      vertex 39.8385 5.9904 4.6
      vertex 40.1251 6.09425 4.6
      vertex 40.0876 6.15366 4.6
    endloop
  endfacet
  facet normal 0 0 1
    outer loop
      vertex 40.1709 5.64272 4.6
      vertex 39.8656 5.67506 4.6
      vertex 40.1547 5.59161 4.6
    endloop
  endfacet
  facet normal 0 0 1
    outer loop
      vertex 40.1547 5.59161 4.6
      vertex 39.8656 5.67506 4.6
      vertex 40.1338 5.54265 4.6
    endloop
  endfacet
  facet normal 0 0 1
    outer loop
      vertex 39.8385 5.9904 4.6
      vertex 40.0876 6.15366 4.6
      vertex 40.0417 6.2083 4.6
    endloop
  endfacet
  facet normal -0 0 1
    outer loop
      vertex 39.854 5.62415 4.6
      vertex 40.1338 5.54265 4.6
      vertex 39.8656 5.67506 4.6
    endloop
  endfacet
  facet normal 0 0 1
    outer loop
      vertex 39.7932 6.06482 4.6
      vertex 40.0417 6.2083 4.6
      vertex 39.9875 6.25815 4.6
    endloop
  endfacet
  facet normal 0 0 1
    outer loop
      vertex 40.1338 5.54265 4.6
      vertex 39.854 5.62415 4.6
      vertex 40.1083 5.49583 4.6
    endloop
  endfacet
  facet normal 0 0 1
    outer loop
      vertex 39.7932 6.06482 4.6
      vertex 39.9875 6.25815 4.6
      vertex 39.9261 6.30222 4.6
    endloop
  endfacet
  facet normal -0 0 1
    outer loop
      vertex 39.838 5.57825 4.6
      vertex 40.1083 5.49583 4.6
      vertex 39.854 5.62415 4.6
    endloop
  endfacet
  facet normal 0 0 1
    outer loop
      vertex 40.1083 5.49583 4.6
      vertex 39.838 5.57825 4.6
      vertex 40.0782 5.45117 4.6
    endloop
  endfacet
  facet normal 0 0 1
    outer loop
      vertex 40.1876 5.88739 4.6
      vertex 39.8657 5.89944 4.6
      vertex 39.8748 5.79195 4.6
    endloop
  endfacet
  facet normal 0 0 1
    outer loop
      vertex 39.7297 6.1227 4.6
      vertex 39.9261 6.30222 4.6
      vertex 39.8586 6.33952 4.6
    endloop
  endfacet
  facet normal 0 0 1
    outer loop
      vertex 40.1543 6.03008 4.6
      vertex 39.8385 5.9904 4.6
      vertex 39.8657 5.89944 4.6
    endloop
  endfacet
  facet normal 0 0 1
    outer loop
      vertex 40.0417 6.2083 4.6
      vertex 39.7932 6.06482 4.6
      vertex 39.8385 5.9904 4.6
    endloop
  endfacet
  facet normal 0 0 1
    outer loop
      vertex 39.7297 6.1227 4.6
      vertex 39.8586 6.33952 4.6
      vertex 39.7851 6.37004 4.6
    endloop
  endfacet
  facet normal 0 0 1
    outer loop
      vertex 39.9261 6.30222 4.6
      vertex 39.7297 6.1227 4.6
      vertex 39.7932 6.06482 4.6
    endloop
  endfacet
  facet normal 0 0 1
    outer loop
      vertex 39.6481 6.16405 4.6
      vertex 39.7851 6.37004 4.6
      vertex 39.7056 6.39377 4.6
    endloop
  endfacet
  facet normal 0 0 1
    outer loop
      vertex 39.7851 6.37004 4.6
      vertex 39.6481 6.16405 4.6
      vertex 39.7297 6.1227 4.6
    endloop
  endfacet
  facet normal 0 0 1
    outer loop
      vertex 39.62 6.41074 4.6
      vertex 39.6481 6.16405 4.6
      vertex 39.7056 6.39377 4.6
    endloop
  endfacet
  facet normal 0 0 1
    outer loop
      vertex 39.62 6.41074 4.6
      vertex 39.5484 6.18884 4.6
      vertex 39.6481 6.16405 4.6
    endloop
  endfacet
  facet normal 0 0 1
    outer loop
      vertex 39.5283 6.4209 4.6
      vertex 39.5484 6.18884 4.6
      vertex 39.62 6.41074 4.6
    endloop
  endfacet
  facet normal 0 0 1
    outer loop
      vertex 39.4306 6.19711 4.6
      vertex 39.5283 6.4209 4.6
      vertex 39.4306 6.42429 4.6
    endloop
  endfacet
  facet normal 0 0 1
    outer loop
      vertex 39.5283 6.4209 4.6
      vertex 39.4306 6.19711 4.6
      vertex 39.5484 6.18884 4.6
    endloop
  endfacet
  facet normal 0 0 1
    outer loop
      vertex 39.4306 6.42429 4.6
      vertex 39.3712 6.19504 4.6
      vertex 39.4306 6.19711 4.6
    endloop
  endfacet
  facet normal -0 0 1
    outer loop
      vertex 39.3351 6.42084 4.6
      vertex 39.3712 6.19504 4.6
      vertex 39.4306 6.42429 4.6
    endloop
  endfacet
  facet normal 0 0 1
    outer loop
      vertex 39.3351 6.42084 4.6
      vertex 39.3159 6.18881 4.6
      vertex 39.3712 6.19504 4.6
    endloop
  endfacet
  facet normal -0 0 1
    outer loop
      vertex 39.2453 6.41045 4.6
      vertex 39.3159 6.18881 4.6
      vertex 39.3351 6.42084 4.6
    endloop
  endfacet
  facet normal 0 0 1
    outer loop
      vertex 39.3159 6.18881 4.6
      vertex 39.2453 6.41045 4.6
      vertex 39.2649 6.17844 4.6
    endloop
  endfacet
  facet normal -0 0 1
    outer loop
      vertex 39.1613 6.39316 4.6
      vertex 39.2649 6.17844 4.6
      vertex 39.2453 6.41045 4.6
    endloop
  endfacet
  facet normal 0 0 1
    outer loop
      vertex 39.2649 6.17844 4.6
      vertex 39.1613 6.39316 4.6
      vertex 39.218 6.16389 4.6
    endloop
  endfacet
  facet normal -0 0 1
    outer loop
      vertex 39.0829 6.36893 4.6
      vertex 39.218 6.16389 4.6
      vertex 39.1613 6.39316 4.6
    endloop
  endfacet
  facet normal 0 0 1
    outer loop
      vertex 39.218 6.16389 4.6
      vertex 39.0829 6.36893 4.6
      vertex 39.1753 6.14522 4.6
    endloop
  endfacet
  facet normal -0 0 1
    outer loop
      vertex 39.0103 6.33778 4.6
      vertex 39.1753 6.14522 4.6
      vertex 39.0829 6.36893 4.6
    endloop
  endfacet
  facet normal 0 0 1
    outer loop
      vertex 39.1753 6.14522 4.6
      vertex 39.0103 6.33778 4.6
      vertex 39.1368 6.12238 4.6
    endloop
  endfacet
  facet normal 0 0 1
    outer loop
      vertex 39.1368 6.12238 4.6
      vertex 39.0103 6.33778 4.6
      vertex 39.1025 6.0954 4.6
    endloop
  endfacet
  facet normal -0 0 1
    outer loop
      vertex 38.9434 6.29973 4.6
      vertex 39.1025 6.0954 4.6
      vertex 39.0103 6.33778 4.6
    endloop
  endfacet
  facet normal 0 0 1
    outer loop
      vertex 39.1025 6.0954 4.6
      vertex 38.9434 6.29973 4.6
      vertex 39.0726 6.0643 4.6
    endloop
  endfacet
  facet normal -0 0 1
    outer loop
      vertex 38.8821 6.25475 4.6
      vertex 39.0726 6.0643 4.6
      vertex 38.9434 6.29973 4.6
    endloop
  endfacet
  facet normal -0 0 1
    outer loop
      vertex 38.8279 6.20419 4.6
      vertex 39.0726 6.0643 4.6
      vertex 38.8821 6.25475 4.6
    endloop
  endfacet
  facet normal 0 0 1
    outer loop
      vertex 39.0726 6.0643 4.6
      vertex 38.8279 6.20419 4.6
      vertex 39.0473 6.02911 4.6
    endloop
  endfacet
  facet normal -0 0 1
    outer loop
      vertex 38.7821 6.14943 4.6
      vertex 39.0473 6.02911 4.6
      vertex 38.8279 6.20419 4.6
    endloop
  endfacet
  facet normal 0 0 1
    outer loop
      vertex 39.0473 6.02911 4.6
      vertex 38.7821 6.14943 4.6
      vertex 39.0266 5.98984 4.6
    endloop
  endfacet
  facet normal -0 0 1
    outer loop
      vertex 38.7446 6.09044 4.6
      vertex 39.0266 5.98984 4.6
      vertex 38.7821 6.14943 4.6
    endloop
  endfacet
  facet normal 0 0 1
    outer loop
      vertex 39.0266 5.98984 4.6
      vertex 38.7446 6.09044 4.6
      vertex 39.0105 5.94649 4.6
    endloop
  endfacet
  facet normal 0 -0 1
    outer loop
      vertex 38.6871 5.69936 4.6
      vertex 38.9898 5.79195 4.6
      vertex 38.6802 5.75475 4.6
    endloop
  endfacet
  facet normal -0 0 1
    outer loop
      vertex 38.7154 6.02724 4.6
      vertex 39.0105 5.94649 4.6
      vertex 38.7446 6.09044 4.6
    endloop
  endfacet
  facet normal 0 -0 1
    outer loop
      vertex 38.6986 5.6461 4.6
      vertex 38.9898 5.79195 4.6
      vertex 38.6871 5.69936 4.6
    endloop
  endfacet
  facet normal 0 0 1
    outer loop
      vertex 39.0105 5.94649 4.6
      vertex 38.7154 6.02724 4.6
      vertex 38.999 5.89906 4.6
    endloop
  endfacet
  facet normal 0 -0 1
    outer loop
      vertex 38.7147 5.595 4.6
      vertex 38.9898 5.79195 4.6
      vertex 38.6986 5.6461 4.6
    endloop
  endfacet
  facet normal 0 0 1
    outer loop
      vertex 38.9898 5.79195 4.6
      vertex 38.8245 5.41315 4.6
      vertex 38.8617 5.3761 4.6
    endloop
  endfacet
  facet normal -0 0 1
    outer loop
      vertex 38.6945 5.95981 4.6
      vertex 38.999 5.89906 4.6
      vertex 38.7154 6.02724 4.6
    endloop
  endfacet
  facet normal 0 -0 1
    outer loop
      vertex 38.8245 5.41315 4.6
      vertex 38.9898 5.79195 4.6
      vertex 38.7906 5.45457 4.6
    endloop
  endfacet
  facet normal 0 0 1
    outer loop
      vertex 38.682 5.88817 4.6
      vertex 38.999 5.89906 4.6
      vertex 38.6945 5.95981 4.6
    endloop
  endfacet
  facet normal 0 0 1
    outer loop
      vertex 38.9898 5.79195 4.6
      vertex 38.8617 5.3761 4.6
      vertex 38.9023 5.3434 4.6
    endloop
  endfacet
  facet normal 0 0 1
    outer loop
      vertex 38.999 5.89906 4.6
      vertex 38.682 5.88817 4.6
      vertex 38.9921 5.84755 4.6
    endloop
  endfacet
  facet normal 0 0 1
    outer loop
      vertex 38.9898 5.79195 4.6
      vertex 38.9023 5.3434 4.6
      vertex 38.9463 5.31506 4.6
    endloop
  endfacet
  facet normal 0 -0 1
    outer loop
      vertex 38.7906 5.45457 4.6
      vertex 38.9898 5.79195 4.6
      vertex 38.7607 5.49924 4.6
    endloop
  endfacet
  facet normal 0 0 1
    outer loop
      vertex 38.6779 5.81229 4.6
      vertex 38.9921 5.84755 4.6
      vertex 38.682 5.88817 4.6
    endloop
  endfacet
  facet normal 0 -0 1
    outer loop
      vertex 38.7607 5.49924 4.6
      vertex 38.9898 5.79195 4.6
      vertex 38.7354 5.54605 4.6
    endloop
  endfacet
  facet normal 0 0 1
    outer loop
      vertex 38.9921 5.84755 4.6
      vertex 38.6779 5.81229 4.6
      vertex 38.9898 5.79195 4.6
    endloop
  endfacet
  facet normal 0 -0 1
    outer loop
      vertex 38.7354 5.54605 4.6
      vertex 38.9898 5.79195 4.6
      vertex 38.7147 5.595 4.6
    endloop
  endfacet
  facet normal 0 0 1
    outer loop
      vertex 38.9898 5.79195 4.6
      vertex 38.6779 5.81229 4.6
      vertex 38.6802 5.75475 4.6
    endloop
  endfacet
  facet normal 0 0 1
    outer loop
      vertex 40.0782 5.45117 4.6
      vertex 39.838 5.57825 4.6
      vertex 40.044 5.4099 4.6
    endloop
  endfacet
  facet normal -0 0 1
    outer loop
      vertex 39.8172 5.53737 4.6
      vertex 40.044 5.4099 4.6
      vertex 39.838 5.57825 4.6
    endloop
  endfacet
  facet normal 0 0 1
    outer loop
      vertex 40.044 5.4099 4.6
      vertex 39.8172 5.53737 4.6
      vertex 40.0065 5.37326 4.6
    endloop
  endfacet
  facet normal 0 0 1
    outer loop
      vertex 40.0065 5.37326 4.6
      vertex 39.8172 5.53737 4.6
      vertex 39.9656 5.34125 4.6
    endloop
  endfacet
  facet normal -0 0 1
    outer loop
      vertex 39.7919 5.50151 4.6
      vertex 39.9656 5.34125 4.6
      vertex 39.8172 5.53737 4.6
    endloop
  endfacet
  facet normal 0 0 1
    outer loop
      vertex 39.9656 5.34125 4.6
      vertex 39.7919 5.50151 4.6
      vertex 39.9213 5.31389 4.6
    endloop
  endfacet
  facet normal -0 0 1
    outer loop
      vertex 39.762 5.47067 4.6
      vertex 39.9213 5.31389 4.6
      vertex 39.7919 5.50151 4.6
    endloop
  endfacet
  facet normal 0 0 1
    outer loop
      vertex 39.9213 5.31389 4.6
      vertex 39.762 5.47067 4.6
      vertex 39.8736 5.29117 4.6
    endloop
  endfacet
  facet normal 0 0 1
    outer loop
      vertex 39.8736 5.29117 4.6
      vertex 39.762 5.47067 4.6
      vertex 39.8224 5.27307 4.6
    endloop
  endfacet
  facet normal 0 0 1
    outer loop
      vertex 39.8224 5.27307 4.6
      vertex 39.7277 5.44435 4.6
      vertex 39.768 5.25961 4.6
    endloop
  endfacet
  facet normal -0 0 1
    outer loop
      vertex 39.7277 5.44435 4.6
      vertex 39.8224 5.27307 4.6
      vertex 39.762 5.47067 4.6
    endloop
  endfacet
  facet normal 0 0 1
    outer loop
      vertex 40.2485 4.73196 4.6
      vertex 39.9314 4.75629 4.6
      vertex 39.9341 4.69507 4.6
    endloop
  endfacet
  facet normal 0 0 1
    outer loop
      vertex 39.9963 5.17117 4.6
      vertex 39.9233 4.81305 4.6
      vertex 39.9314 4.75629 4.6
    endloop
  endfacet
  facet normal 0 0 1
    outer loop
      vertex 39.9963 5.17117 4.6
      vertex 39.9098 4.86536 4.6
      vertex 39.9233 4.81305 4.6
    endloop
  endfacet
  facet normal 0 0 1
    outer loop
      vertex 39.9963 5.17117 4.6
      vertex 39.8909 4.91318 4.6
      vertex 39.9098 4.86536 4.6
    endloop
  endfacet
  facet normal 0 0 1
    outer loop
      vertex 39.8018 5.02989 4.6
      vertex 39.9454 5.19891 4.6
      vertex 39.8904 5.22176 4.6
    endloop
  endfacet
  facet normal 0 0 1
    outer loop
      vertex 39.9963 5.17117 4.6
      vertex 39.8666 4.95654 4.6
      vertex 39.8909 4.91318 4.6
    endloop
  endfacet
  facet normal 0 0 1
    outer loop
      vertex 39.9963 5.17117 4.6
      vertex 39.8369 4.99545 4.6
      vertex 39.8666 4.95654 4.6
    endloop
  endfacet
  facet normal 0 0 1
    outer loop
      vertex 39.7619 5.0598 4.6
      vertex 39.8904 5.22176 4.6
      vertex 39.8313 5.23973 4.6
    endloop
  endfacet
  facet normal 0 0 1
    outer loop
      vertex 39.9454 5.19891 4.6
      vertex 39.8018 5.02989 4.6
      vertex 39.8369 4.99545 4.6
    endloop
  endfacet
  facet normal 0 0 1
    outer loop
      vertex 39.7176 5.08511 4.6
      vertex 39.8313 5.23973 4.6
      vertex 39.768 5.25282 4.6
    endloop
  endfacet
  facet normal 0 0 1
    outer loop
      vertex 39.8904 5.22176 4.6
      vertex 39.7619 5.0598 4.6
      vertex 39.8018 5.02989 4.6
    endloop
  endfacet
  facet normal -0 0 1
    outer loop
      vertex 39.6892 5.42209 4.6
      vertex 39.768 5.25961 4.6
      vertex 39.7277 5.44435 4.6
    endloop
  endfacet
  facet normal -0 0 1
    outer loop
      vertex 39.6465 5.40387 4.6
      vertex 39.768 5.25961 4.6
      vertex 39.6892 5.42209 4.6
    endloop
  endfacet
  facet normal 0 0 1
    outer loop
      vertex 39.8313 5.23973 4.6
      vertex 39.7176 5.08511 4.6
      vertex 39.7619 5.0598 4.6
    endloop
  endfacet
  facet normal -0 0 1
    outer loop
      vertex 39.5997 5.38971 4.6
      vertex 39.768 5.25961 4.6
      vertex 39.6465 5.40387 4.6
    endloop
  endfacet
  facet normal 0 0 1
    outer loop
      vertex 39.768 5.25282 4.6
      vertex 39.6689 5.10582 4.6
      vertex 39.7176 5.08511 4.6
    endloop
  endfacet
  facet normal 0 0 1
    outer loop
      vertex 39.768 5.25961 4.6
      vertex 39.5997 5.38971 4.6
      vertex 39.768 5.25282 4.6
    endloop
  endfacet
  facet normal 0 0 1
    outer loop
      vertex 39.768 5.25282 4.6
      vertex 39.6158 5.12193 4.6
      vertex 39.6689 5.10582 4.6
    endloop
  endfacet
  facet normal 0 0 1
    outer loop
      vertex 39.768 5.25282 4.6
      vertex 39.5997 5.38971 4.6
      vertex 39.6158 5.12193 4.6
    endloop
  endfacet
  facet normal 0 0 1
    outer loop
      vertex 39.5997 5.38971 4.6
      vertex 39.5585 5.13344 4.6
      vertex 39.6158 5.12193 4.6
    endloop
  endfacet
  facet normal -0 0 1
    outer loop
      vertex 39.5486 5.37959 4.6
      vertex 39.5585 5.13344 4.6
      vertex 39.5997 5.38971 4.6
    endloop
  endfacet
  facet normal 0 0 1
    outer loop
      vertex 39.5486 5.37959 4.6
      vertex 39.4967 5.14034 4.6
      vertex 39.5585 5.13344 4.6
    endloop
  endfacet
  facet normal -0 0 1
    outer loop
      vertex 39.4934 5.37352 4.6
      vertex 39.4967 5.14034 4.6
      vertex 39.5486 5.37959 4.6
    endloop
  endfacet
  facet normal -0 0 1
    outer loop
      vertex 39.434 5.37149 4.6
      vertex 39.4967 5.14034 4.6
      vertex 39.4934 5.37352 4.6
    endloop
  endfacet
  facet normal 0 0 1
    outer loop
      vertex 39.434 5.37149 4.6
      vertex 39.4306 5.14264 4.6
      vertex 39.4967 5.14034 4.6
    endloop
  endfacet
  facet normal 0 0 1
    outer loop
      vertex 39.3754 5.37369 4.6
      vertex 39.4306 5.14264 4.6
      vertex 39.434 5.37149 4.6
    endloop
  endfacet
  facet normal 0 0 1
    outer loop
      vertex 39.3754 5.37369 4.6
      vertex 39.3663 5.14017 4.6
      vertex 39.4306 5.14264 4.6
    endloop
  endfacet
  facet normal 0 0 1
    outer loop
      vertex 39.3207 5.38028 4.6
      vertex 39.3663 5.14017 4.6
      vertex 39.3754 5.37369 4.6
    endloop
  endfacet
  facet normal 0 0 1
    outer loop
      vertex 39.3207 5.38028 4.6
      vertex 39.3062 5.13275 4.6
      vertex 39.3663 5.14017 4.6
    endloop
  endfacet
  facet normal 0 0 1
    outer loop
      vertex 39.2699 5.39127 4.6
      vertex 39.3062 5.13275 4.6
      vertex 39.3207 5.38028 4.6
    endloop
  endfacet
  facet normal 0 0 1
    outer loop
      vertex 39.2699 5.39127 4.6
      vertex 39.2502 5.12038 4.6
      vertex 39.3062 5.13275 4.6
    endloop
  endfacet
  facet normal 0 0 1
    outer loop
      vertex 39.0983 5.25621 4.6
      vertex 39.2699 5.39127 4.6
      vertex 39.2231 5.40665 4.6
    endloop
  endfacet
  facet normal 0 0 1
    outer loop
      vertex 39.2699 5.39127 4.6
      vertex 39.0983 5.25621 4.6
      vertex 39.2502 5.12038 4.6
    endloop
  endfacet
  facet normal 0 0 1
    outer loop
      vertex 39.0983 5.25621 4.6
      vertex 39.2231 5.40665 4.6
      vertex 39.1801 5.42642 4.6
    endloop
  endfacet
  facet normal 0 0 1
    outer loop
      vertex 39.2502 5.12038 4.6
      vertex 39.0983 5.25621 4.6
      vertex 39.0983 5.24944 4.6
    endloop
  endfacet
  facet normal 0 0 1
    outer loop
      vertex 39.0983 5.25621 4.6
      vertex 39.1801 5.42642 4.6
      vertex 39.1411 5.45058 4.6
    endloop
  endfacet
  facet normal 0 0 1
    outer loop
      vertex 39.2502 5.12038 4.6
      vertex 39.0983 5.24944 4.6
      vertex 39.1984 5.10306 4.6
    endloop
  endfacet
  facet normal 0 0 1
    outer loop
      vertex 38.9936 5.29109 4.6
      vertex 39.1411 5.45058 4.6
      vertex 39.1059 5.47914 4.6
    endloop
  endfacet
  facet normal 0 0 1
    outer loop
      vertex 39.1984 5.10306 4.6
      vertex 39.0983 5.24944 4.6
      vertex 39.1507 5.0808 4.6
    endloop
  endfacet
  facet normal -0 0 1
    outer loop
      vertex 39.0403 5.2372 4.6
      vertex 39.1507 5.0808 4.6
      vertex 39.0983 5.24944 4.6
    endloop
  endfacet
  facet normal 0 0 1
    outer loop
      vertex 39.1507 5.0808 4.6
      vertex 39.0403 5.2372 4.6
      vertex 39.1072 5.05357 4.6
    endloop
  endfacet
  facet normal -0 0 1
    outer loop
      vertex 38.9852 5.21983 4.6
      vertex 39.1072 5.05357 4.6
      vertex 39.0403 5.2372 4.6
    endloop
  endfacet
  facet normal 0 0 1
    outer loop
      vertex 39.1072 5.05357 4.6
      vertex 38.9852 5.21983 4.6
      vertex 39.0678 5.02142 4.6
    endloop
  endfacet
  facet normal -0 0 1
    outer loop
      vertex 38.9333 5.19734 4.6
      vertex 39.0678 5.02142 4.6
      vertex 38.9852 5.21983 4.6
    endloop
  endfacet
  facet normal 0 0 1
    outer loop
      vertex 39.0678 5.02142 4.6
      vertex 38.9333 5.19734 4.6
      vertex 39.0332 4.98492 4.6
    endloop
  endfacet
  facet normal -0 0 1
    outer loop
      vertex 38.8844 5.16972 4.6
      vertex 39.0332 4.98492 4.6
      vertex 38.9333 5.19734 4.6
    endloop
  endfacet
  facet normal -0 0 1
    outer loop
      vertex 38.8385 5.13699 4.6
      vertex 39.0332 4.98492 4.6
      vertex 38.8844 5.16972 4.6
    endloop
  endfacet
  facet normal 0 0 1
    outer loop
      vertex 39.0332 4.98492 4.6
      vertex 38.8385 5.13699 4.6
      vertex 39.0038 4.94475 4.6
    endloop
  endfacet
  facet normal -0 0 1
    outer loop
      vertex 38.7956 5.09914 4.6
      vertex 39.0038 4.94475 4.6
      vertex 38.8385 5.13699 4.6
    endloop
  endfacet
  facet normal -0 0 1
    outer loop
      vertex 38.7558 5.05617 4.6
      vertex 38.9799 4.90085 4.6
      vertex 38.7956 5.09914 4.6
    endloop
  endfacet
  facet normal 0 0 1
    outer loop
      vertex 39.0038 4.94475 4.6
      vertex 38.7956 5.09914 4.6
      vertex 38.9799 4.90085 4.6
    endloop
  endfacet
  facet normal -0 0 1
    outer loop
      vertex 39.9341 4.69507 4.6
      vertex 40.2511 4.66624 4.6
      vertex 40.2485 4.73196 4.6
    endloop
  endfacet
  facet normal -0 0 1
    outer loop
      vertex 39.9314 4.75629 4.6
      vertex 40.2485 4.73196 4.6
      vertex 40.2407 4.79446 4.6
    endloop
  endfacet
  facet normal 0 0 1
    outer loop
      vertex 39.9316 4.62337 4.6
      vertex 40.2511 4.66624 4.6
      vertex 39.9341 4.69507 4.6
    endloop
  endfacet
  facet normal 0 0 1
    outer loop
      vertex 39.9314 4.75629 4.6
      vertex 40.2407 4.79446 4.6
      vertex 40.2278 4.85374 4.6
    endloop
  endfacet
  facet normal 0 0 1
    outer loop
      vertex 40.2511 4.66624 4.6
      vertex 39.9316 4.62337 4.6
      vertex 40.2468 4.57477 4.6
    endloop
  endfacet
  facet normal 0 0 1
    outer loop
      vertex 39.9314 4.75629 4.6
      vertex 40.2278 4.85374 4.6
      vertex 40.2096 4.90982 4.6
    endloop
  endfacet
  facet normal 0 0 1
    outer loop
      vertex 39.9314 4.75629 4.6
      vertex 40.2096 4.90982 4.6
      vertex 40.1862 4.96266 4.6
    endloop
  endfacet
  facet normal 0 0 1
    outer loop
      vertex 39.9241 4.55743 4.6
      vertex 40.2468 4.57477 4.6
      vertex 39.9316 4.62337 4.6
    endloop
  endfacet
  facet normal 0 0 1
    outer loop
      vertex 39.9314 4.75629 4.6
      vertex 40.1862 4.96266 4.6
      vertex 40.1577 5.0123 4.6
    endloop
  endfacet
  facet normal 0 0 1
    outer loop
      vertex 40.2468 4.57477 4.6
      vertex 39.9241 4.55743 4.6
      vertex 40.2339 4.48924 4.6
    endloop
  endfacet
  facet normal 0 0 1
    outer loop
      vertex 39.9314 4.75629 4.6
      vertex 40.1577 5.0123 4.6
      vertex 40.124 5.05872 4.6
    endloop
  endfacet
  facet normal -0 0 1
    outer loop
      vertex 39.9117 4.49728 4.6
      vertex 40.2339 4.48924 4.6
      vertex 39.9241 4.55743 4.6
    endloop
  endfacet
  facet normal 0 0 1
    outer loop
      vertex 39.9314 4.75629 4.6
      vertex 40.124 5.05872 4.6
      vertex 40.0856 5.10109 4.6
    endloop
  endfacet
  facet normal 0 0 1
    outer loop
      vertex 39.9314 4.75629 4.6
      vertex 40.0856 5.10109 4.6
      vertex 40.043 5.13857 4.6
    endloop
  endfacet
  facet normal 0 0 1
    outer loop
      vertex 40.2339 4.48924 4.6
      vertex 39.9117 4.49728 4.6
      vertex 40.2125 4.40967 4.6
    endloop
  endfacet
  facet normal 0 0 1
    outer loop
      vertex 39.9314 4.75629 4.6
      vertex 40.043 5.13857 4.6
      vertex 39.9963 5.17117 4.6
    endloop
  endfacet
  facet normal 0 0 1
    outer loop
      vertex 40.2125 4.40967 4.6
      vertex 39.9117 4.49728 4.6
      vertex 40.1825 4.33604 4.6
    endloop
  endfacet
  facet normal 0 0 1
    outer loop
      vertex 39.8369 4.99545 4.6
      vertex 39.9963 5.17117 4.6
      vertex 39.9454 5.19891 4.6
    endloop
  endfacet
  facet normal -0 0 1
    outer loop
      vertex 39.8942 4.44292 4.6
      vertex 40.1825 4.33604 4.6
      vertex 39.9117 4.49728 4.6
    endloop
  endfacet
  facet normal 0 0 1
    outer loop
      vertex 40.1825 4.33604 4.6
      vertex 39.8942 4.44292 4.6
      vertex 40.1439 4.26837 4.6
    endloop
  endfacet
  facet normal -0 0 1
    outer loop
      vertex 39.8718 4.39432 4.6
      vertex 40.1439 4.26837 4.6
      vertex 39.8942 4.44292 4.6
    endloop
  endfacet
  facet normal 0 0 1
    outer loop
      vertex 40.1439 4.26837 4.6
      vertex 39.8718 4.39432 4.6
      vertex 40.0967 4.20665 4.6
    endloop
  endfacet
  facet normal -0 0 1
    outer loop
      vertex 39.8444 4.3515 4.6
      vertex 40.0967 4.20665 4.6
      vertex 39.8718 4.39432 4.6
    endloop
  endfacet
  facet normal 0 0 1
    outer loop
      vertex 40.0967 4.20665 4.6
      vertex 39.8444 4.3515 4.6
      vertex 40.0409 4.15086 4.6
    endloop
  endfacet
  facet normal -0 0 1
    outer loop
      vertex 39.812 4.31447 4.6
      vertex 40.0409 4.15086 4.6
      vertex 39.8444 4.3515 4.6
    endloop
  endfacet
  facet normal 0 0 1
    outer loop
      vertex 40.0409 4.15086 4.6
      vertex 39.812 4.31447 4.6
      vertex 39.9771 4.10185 4.6
    endloop
  endfacet
  facet normal -0 0 1
    outer loop
      vertex 39.7746 4.28276 4.6
      vertex 39.9771 4.10185 4.6
      vertex 39.812 4.31447 4.6
    endloop
  endfacet
  facet normal 0 0 1
    outer loop
      vertex 39.9771 4.10185 4.6
      vertex 39.7746 4.28276 4.6
      vertex 39.9058 4.06036 4.6
    endloop
  endfacet
  facet normal -0 0 1
    outer loop
      vertex 39.7319 4.25592 4.6
      vertex 39.9058 4.06036 4.6
      vertex 39.7746 4.28276 4.6
    endloop
  endfacet
  facet normal 0 0 1
    outer loop
      vertex 39.9058 4.06036 4.6
      vertex 39.7319 4.25592 4.6
      vertex 39.8271 4.02643 4.6
    endloop
  endfacet
  facet normal -0 0 1
    outer loop
      vertex 39.6841 4.23398 4.6
      vertex 39.8271 4.02643 4.6
      vertex 39.7319 4.25592 4.6
    endloop
  endfacet
  facet normal 0 0 1
    outer loop
      vertex 39.8271 4.02643 4.6
      vertex 39.6841 4.23398 4.6
      vertex 39.7409 4.00003 4.6
    endloop
  endfacet
  facet normal -0 0 1
    outer loop
      vertex 39.631 4.21689 4.6
      vertex 39.7409 4.00003 4.6
      vertex 39.6841 4.23398 4.6
    endloop
  endfacet
  facet normal 0 0 1
    outer loop
      vertex 39.7409 4.00003 4.6
      vertex 39.631 4.21689 4.6
      vertex 39.6472 3.98119 4.6
    endloop
  endfacet
  facet normal -0 0 1
    outer loop
      vertex 39.5728 4.2047 4.6
      vertex 39.6472 3.98119 4.6
      vertex 39.631 4.21689 4.6
    endloop
  endfacet
  facet normal 0 0 1
    outer loop
      vertex 39.5728 4.2047 4.6
      vertex 39.546 3.96988 4.6
      vertex 39.6472 3.98119 4.6
    endloop
  endfacet
  facet normal -0 0 1
    outer loop
      vertex 39.5094 4.19739 4.6
      vertex 39.546 3.96988 4.6
      vertex 39.5728 4.2047 4.6
    endloop
  endfacet
  facet normal 0 0 1
    outer loop
      vertex 39.4374 3.96611 4.6
      vertex 39.5094 4.19739 4.6
      vertex 39.4408 4.19495 4.6
    endloop
  endfacet
  facet normal 0 0 1
    outer loop
      vertex 39.5094 4.19739 4.6
      vertex 39.4374 3.96611 4.6
      vertex 39.546 3.96988 4.6
    endloop
  endfacet
  facet normal 0 0 1
    outer loop
      vertex 39.4408 4.19495 4.6
      vertex 39.3313 3.9698 4.6
      vertex 39.4374 3.96611 4.6
    endloop
  endfacet
  facet normal 0 0 1
    outer loop
      vertex 39.3072 4.20502 4.6
      vertex 39.3313 3.9698 4.6
      vertex 39.4408 4.19495 4.6
    endloop
  endfacet
  facet normal 0 0 1
    outer loop
      vertex 39.3072 4.20502 4.6
      vertex 39.2321 3.98091 4.6
      vertex 39.3313 3.9698 4.6
    endloop
  endfacet
  facet normal 0 0 1
    outer loop
      vertex 39.1941 4.23521 4.6
      vertex 39.2321 3.98091 4.6
      vertex 39.3072 4.20502 4.6
    endloop
  endfacet
  facet normal 0 0 1
    outer loop
      vertex 39.1941 4.23521 4.6
      vertex 39.1396 3.99942 4.6
      vertex 39.2321 3.98091 4.6
    endloop
  endfacet
  facet normal 0 0 1
    outer loop
      vertex 39.054 4.02533 4.6
      vertex 39.1941 4.23521 4.6
      vertex 39.1017 4.28555 4.6
    endloop
  endfacet
  facet normal 0 0 1
    outer loop
      vertex 39.1941 4.23521 4.6
      vertex 39.054 4.02533 4.6
      vertex 39.1396 3.99942 4.6
    endloop
  endfacet
  facet normal 0 0 1
    outer loop
      vertex 38.9032 4.09937 4.6
      vertex 39.1017 4.28555 4.6
      vertex 39.0297 4.35603 4.6
    endloop
  endfacet
  facet normal 0 0 1
    outer loop
      vertex 38.7807 4.20244 4.6
      vertex 39.0297 4.35603 4.6
      vertex 38.9783 4.44666 4.6
    endloop
  endfacet
  facet normal 0 0 1
    outer loop
      vertex 39.1017 4.28555 4.6
      vertex 38.9752 4.05864 4.6
      vertex 39.054 4.02533 4.6
    endloop
  endfacet
  facet normal 0 0 1
    outer loop
      vertex 38.6616 4.40463 4.6
      vertex 38.9783 4.44666 4.6
      vertex 38.9475 4.5574 4.6
    endloop
  endfacet
  facet normal -0 0 1
    outer loop
      vertex 38.6263 4.57056 4.6
      vertex 38.9475 4.5574 4.6
      vertex 38.9372 4.68829 4.6
    endloop
  endfacet
  facet normal 0 0 1
    outer loop
      vertex 39.1017 4.28555 4.6
      vertex 38.9032 4.09937 4.6
      vertex 38.9752 4.05864 4.6
    endloop
  endfacet
  facet normal -0 0 1
    outer loop
      vertex 38.7203 5.00911 4.6
      vertex 38.9799 4.90085 4.6
      vertex 38.7558 5.05617 4.6
    endloop
  endfacet
  facet normal 0 0 1
    outer loop
      vertex 38.9799 4.90085 4.6
      vertex 38.7203 5.00911 4.6
      vertex 38.9612 4.85327 4.6
    endloop
  endfacet
  facet normal -0 0 1
    outer loop
      vertex 38.6902 4.95901 4.6
      vertex 38.9612 4.85327 4.6
      vertex 38.7203 5.00911 4.6
    endloop
  endfacet
  facet normal 0 0 1
    outer loop
      vertex 38.9475 4.5574 4.6
      vertex 38.6263 4.57056 4.6
      vertex 38.6396 4.48448 4.6
    endloop
  endfacet
  facet normal -0 0 1
    outer loop
      vertex 38.6656 4.90588 4.6
      vertex 38.9612 4.85327 4.6
      vertex 38.6902 4.95901 4.6
    endloop
  endfacet
  facet normal 0 0 1
    outer loop
      vertex 38.9475 4.5574 4.6
      vertex 38.6396 4.48448 4.6
      vertex 38.6616 4.40463 4.6
    endloop
  endfacet
  facet normal 0 0 1
    outer loop
      vertex 38.9612 4.85327 4.6
      vertex 38.6656 4.90588 4.6
      vertex 38.9479 4.80197 4.6
    endloop
  endfacet
  facet normal 0 0 1
    outer loop
      vertex 39.0297 4.35603 4.6
      vertex 38.8381 4.14749 4.6
      vertex 38.9032 4.09937 4.6
    endloop
  endfacet
  facet normal -0 0 1
    outer loop
      vertex 38.6465 4.8497 4.6
      vertex 38.9479 4.80197 4.6
      vertex 38.6656 4.90588 4.6
    endloop
  endfacet
  facet normal 0 0 1
    outer loop
      vertex 39.0297 4.35603 4.6
      vertex 38.7807 4.20244 4.6
      vertex 38.8381 4.14749 4.6
    endloop
  endfacet
  facet normal 0 0 1
    outer loop
      vertex 38.9479 4.80197 4.6
      vertex 38.6465 4.8497 4.6
      vertex 38.9399 4.74698 4.6
    endloop
  endfacet
  facet normal -0 0 1
    outer loop
      vertex 38.6328 4.79047 4.6
      vertex 38.9399 4.74698 4.6
      vertex 38.6465 4.8497 4.6
    endloop
  endfacet
  facet normal 0 0 1
    outer loop
      vertex 38.9783 4.44666 4.6
      vertex 38.7322 4.26361 4.6
      vertex 38.7807 4.20244 4.6
    endloop
  endfacet
  facet normal 0 0 1
    outer loop
      vertex 38.6246 4.7282 4.6
      vertex 38.9399 4.74698 4.6
      vertex 38.6328 4.79047 4.6
    endloop
  endfacet
  facet normal 0 0 1
    outer loop
      vertex 38.9783 4.44666 4.6
      vertex 38.6925 4.33101 4.6
      vertex 38.7322 4.26361 4.6
    endloop
  endfacet
  facet normal 0 0 1
    outer loop
      vertex 38.9399 4.74698 4.6
      vertex 38.6246 4.7282 4.6
      vertex 38.9372 4.68829 4.6
    endloop
  endfacet
  facet normal 0 0 1
    outer loop
      vertex 38.9783 4.44666 4.6
      vertex 38.6616 4.40463 4.6
      vertex 38.6925 4.33101 4.6
    endloop
  endfacet
  facet normal 0 0 1
    outer loop
      vertex 38.9372 4.68829 4.6
      vertex 38.6246 4.7282 4.6
      vertex 38.6219 4.66287 4.6
    endloop
  endfacet
  facet normal 0 0 1
    outer loop
      vertex 38.9372 4.68829 4.6
      vertex 38.6219 4.66287 4.6
      vertex 38.6263 4.57056 4.6
    endloop
  endfacet
  facet normal 0 0 1
    outer loop
      vertex 38.9463 5.31506 4.6
      vertex 39.1059 5.47914 4.6
      vertex 39.0751 5.5119 4.6
    endloop
  endfacet
  facet normal 0 0 1
    outer loop
      vertex 38.9463 5.31506 4.6
      vertex 39.0751 5.5119 4.6
      vertex 39.0491 5.54863 4.6
    endloop
  endfacet
  facet normal 0 0 1
    outer loop
      vertex 39.1411 5.45058 4.6
      vertex 39.0443 5.27147 4.6
      vertex 39.0983 5.25621 4.6
    endloop
  endfacet
  facet normal 0 0 1
    outer loop
      vertex 38.9463 5.31506 4.6
      vertex 39.0491 5.54863 4.6
      vertex 39.0277 5.58934 4.6
    endloop
  endfacet
  facet normal 0 0 1
    outer loop
      vertex 38.9463 5.31506 4.6
      vertex 39.0277 5.58934 4.6
      vertex 39.0111 5.63402 4.6
    endloop
  endfacet
  facet normal 0 0 1
    outer loop
      vertex 38.9463 5.31506 4.6
      vertex 39.0111 5.63402 4.6
      vertex 38.9993 5.68268 4.6
    endloop
  endfacet
  facet normal 0 0 1
    outer loop
      vertex 39.1411 5.45058 4.6
      vertex 38.9936 5.29109 4.6
      vertex 39.0443 5.27147 4.6
    endloop
  endfacet
  facet normal 0 0 1
    outer loop
      vertex 38.9463 5.31506 4.6
      vertex 38.9993 5.68268 4.6
      vertex 38.9922 5.73532 4.6
    endloop
  endfacet
  facet normal 0 0 1
    outer loop
      vertex 38.9463 5.31506 4.6
      vertex 38.9922 5.73532 4.6
      vertex 38.9898 5.79195 4.6
    endloop
  endfacet
  facet normal 0 0 1
    outer loop
      vertex 39.1059 5.47914 4.6
      vertex 38.9463 5.31506 4.6
      vertex 38.9936 5.29109 4.6
    endloop
  endfacet
  facet normal 0 0 1
    outer loop
      vertex 36.5162 6.09709 4.6
      vertex 36.8231 6.38869 4.6
      vertex 36.5417 6.38869 4.6
    endloop
  endfacet
  facet normal -0 0 1
    outer loop
      vertex 36.8231 4.25937 4.6
      vertex 37.4046 4 4.6
      vertex 37.4046 4.25937 4.6
    endloop
  endfacet
  facet normal 0 0 1
    outer loop
      vertex 36.8231 6.38869 4.6
      vertex 36.5162 6.09709 4.6
      vertex 36.8231 4.25937 4.6
    endloop
  endfacet
  facet normal 0 0 1
    outer loop
      vertex 36.5162 4.25937 4.6
      vertex 36.8231 4.25937 4.6
      vertex 36.5162 6.09709 4.6
    endloop
  endfacet
  facet normal -0 0 1
    outer loop
      vertex 36.5162 4.25937 4.6
      vertex 37.4046 4 4.6
      vertex 36.8231 4.25937 4.6
    endloop
  endfacet
  facet normal 0 0 1
    outer loop
      vertex 35.9076 4 4.6
      vertex 36.5162 4.25937 4.6
      vertex 35.9076 4.25937 4.6
    endloop
  endfacet
  facet normal 0 0 1
    outer loop
      vertex 36.5162 4.25937 4.6
      vertex 35.9076 4 4.6
      vertex 37.4046 4 4.6
    endloop
  endfacet
  facet normal 0 0 1
    outer loop
      vertex 35.9771 6.00047 4.6
      vertex 36.5162 6.09709 4.6
      vertex 36.5417 6.38869 4.6
    endloop
  endfacet
  facet normal 0 0 1
    outer loop
      vertex 36.5162 6.09709 4.6
      vertex 35.9771 6.00047 4.6
      vertex 35.9771 5.71227 4.6
    endloop
  endfacet
  facet normal -0 0 1
    outer loop
      vertex 37.846 4.37126 4.6
      vertex 38.1765 4 4.6
      vertex 38.1765 4.37126 4.6
    endloop
  endfacet
  facet normal 0 0 1
    outer loop
      vertex 38.1765 4 4.6
      vertex 37.846 4.37126 4.6
      vertex 37.846 4 4.6
    endloop
  endfacet
  facet normal -0.111067 0.993813 0
    outer loop
      vertex 39.6472 3.98119 4.6
      vertex 39.546 3.96988 5
      vertex 39.6472 3.98119 5
    endloop
  endfacet
  facet normal -0.111067 0.993813 0
    outer loop
      vertex 39.546 3.96988 5
      vertex 39.6472 3.98119 4.6
      vertex 39.546 3.96988 4.6
    endloop
  endfacet
  facet normal -0.197122 0.980379 0
    outer loop
      vertex 39.7409 4.00003 4.6
      vertex 39.6472 3.98119 5
      vertex 39.7409 4.00003 5
    endloop
  endfacet
  facet normal -0.197122 0.980379 0
    outer loop
      vertex 39.6472 3.98119 5
      vertex 39.7409 4.00003 4.6
      vertex 39.6472 3.98119 4.6
    endloop
  endfacet
  facet normal -0.292838 0.956162 0
    outer loop
      vertex 39.8271 4.02643 4.6
      vertex 39.7409 4.00003 5
      vertex 39.8271 4.02643 5
    endloop
  endfacet
  facet normal -0.292838 0.956162 0
    outer loop
      vertex 39.7409 4.00003 5
      vertex 39.8271 4.02643 4.6
      vertex 39.7409 4.00003 4.6
    endloop
  endfacet
  facet normal -0.395904 0.918292 0
    outer loop
      vertex 39.9058 4.06036 4.6
      vertex 39.8271 4.02643 5
      vertex 39.9058 4.06036 5
    endloop
  endfacet
  facet normal -0.395904 0.918292 0
    outer loop
      vertex 39.8271 4.02643 5
      vertex 39.9058 4.06036 4.6
      vertex 39.8271 4.02643 4.6
    endloop
  endfacet
  facet normal -0.502951 0.864315 0
    outer loop
      vertex 39.9771 4.10185 4.6
      vertex 39.9058 4.06036 5
      vertex 39.9771 4.10185 5
    endloop
  endfacet
  facet normal -0.502951 0.864315 0
    outer loop
      vertex 39.9058 4.06036 5
      vertex 39.9771 4.10185 4.6
      vertex 39.9058 4.06036 4.6
    endloop
  endfacet
  facet normal -0.609188 0.793026 0
    outer loop
      vertex 40.0409 4.15086 4.6
      vertex 39.9771 4.10185 5
      vertex 40.0409 4.15086 5
    endloop
  endfacet
  facet normal -0.609188 0.793026 0
    outer loop
      vertex 39.9771 4.10185 5
      vertex 40.0409 4.15086 4.6
      vertex 39.9771 4.10185 4.6
    endloop
  endfacet
  facet normal -0.707043 0.70717 0
    outer loop
      vertex 40.0409 4.15086 4.6
      vertex 40.0967 4.20665 5
      vertex 40.0967 4.20665 4.6
    endloop
  endfacet
  facet normal -0.707043 0.70717 0
    outer loop
      vertex 40.0967 4.20665 5
      vertex 40.0409 4.15086 4.6
      vertex 40.0409 4.15086 5
    endloop
  endfacet
  facet normal -0.794343 0.607469 0
    outer loop
      vertex 40.0967 4.20665 4.6
      vertex 40.1439 4.26837 5
      vertex 40.1439 4.26837 4.6
    endloop
  endfacet
  facet normal -0.794343 0.607469 0
    outer loop
      vertex 40.1439 4.26837 5
      vertex 40.0967 4.20665 4.6
      vertex 40.0967 4.20665 5
    endloop
  endfacet
  facet normal -0.868622 0.495475 0
    outer loop
      vertex 40.1439 4.26837 4.6
      vertex 40.1825 4.33604 5
      vertex 40.1825 4.33604 4.6
    endloop
  endfacet
  facet normal -0.868622 0.495475 0
    outer loop
      vertex 40.1825 4.33604 5
      vertex 40.1439 4.26837 4.6
      vertex 40.1439 4.26837 5
    endloop
  endfacet
  facet normal -0.926081 0.377325 0
    outer loop
      vertex 40.1825 4.33604 4.6
      vertex 40.2125 4.40967 5
      vertex 40.2125 4.40967 4.6
    endloop
  endfacet
  facet normal -0.926081 0.377325 0
    outer loop
      vertex 40.2125 4.40967 5
      vertex 40.1825 4.33604 4.6
      vertex 40.1825 4.33604 5
    endloop
  endfacet
  facet normal -0.965685 0.259717 0
    outer loop
      vertex 40.2125 4.40967 4.6
      vertex 40.2339 4.48924 5
      vertex 40.2339 4.48924 4.6
    endloop
  endfacet
  facet normal -0.965685 0.259717 0
    outer loop
      vertex 40.2339 4.48924 5
      vertex 40.2125 4.40967 4.6
      vertex 40.2125 4.40967 5
    endloop
  endfacet
  facet normal -0.988816 0.149138 0
    outer loop
      vertex 40.2339 4.48924 4.6
      vertex 40.2468 4.57477 5
      vertex 40.2468 4.57477 4.6
    endloop
  endfacet
  facet normal -0.988816 0.149138 0
    outer loop
      vertex 40.2468 4.57477 5
      vertex 40.2339 4.48924 4.6
      vertex 40.2339 4.48924 5
    endloop
  endfacet
  facet normal -0.998897 0.0469581 0
    outer loop
      vertex 40.2468 4.57477 4.6
      vertex 40.2511 4.66624 5
      vertex 40.2511 4.66624 4.6
    endloop
  endfacet
  facet normal -0.998897 0.0469581 0
    outer loop
      vertex 40.2511 4.66624 5
      vertex 40.2468 4.57477 4.6
      vertex 40.2468 4.57477 5
    endloop
  endfacet
  facet normal -0.999218 -0.0395309 0
    outer loop
      vertex 40.2511 4.66624 4.6
      vertex 40.2485 4.73196 5
      vertex 40.2485 4.73196 4.6
    endloop
  endfacet
  facet normal -0.999218 -0.0395309 0
    outer loop
      vertex 40.2485 4.73196 5
      vertex 40.2511 4.66624 4.6
      vertex 40.2511 4.66624 5
    endloop
  endfacet
  facet normal -0.992302 -0.123839 0
    outer loop
      vertex 40.2485 4.73196 4.6
      vertex 40.2407 4.79446 5
      vertex 40.2407 4.79446 4.6
    endloop
  endfacet
  facet normal -0.992302 -0.123839 0
    outer loop
      vertex 40.2407 4.79446 5
      vertex 40.2485 4.73196 4.6
      vertex 40.2485 4.73196 5
    endloop
  endfacet
  facet normal -0.977132 -0.212635 0
    outer loop
      vertex 40.2407 4.79446 4.6
      vertex 40.2278 4.85374 5
      vertex 40.2278 4.85374 4.6
    endloop
  endfacet
  facet normal -0.977132 -0.212635 0
    outer loop
      vertex 40.2278 4.85374 5
      vertex 40.2407 4.79446 4.6
      vertex 40.2407 4.79446 5
    endloop
  endfacet
  facet normal -0.951164 -0.308687 0
    outer loop
      vertex 40.2278 4.85374 4.6
      vertex 40.2096 4.90982 5
      vertex 40.2096 4.90982 4.6
    endloop
  endfacet
  facet normal -0.951164 -0.308687 0
    outer loop
      vertex 40.2096 4.90982 5
      vertex 40.2278 4.85374 4.6
      vertex 40.2278 4.85374 5
    endloop
  endfacet
  facet normal -0.914353 -0.404918 0
    outer loop
      vertex 40.2096 4.90982 4.6
      vertex 40.1862 4.96266 5
      vertex 40.1862 4.96266 4.6
    endloop
  endfacet
  facet normal -0.914353 -0.404918 0
    outer loop
      vertex 40.1862 4.96266 5
      vertex 40.2096 4.90982 4.6
      vertex 40.2096 4.90982 5
    endloop
  endfacet
  facet normal -0.867231 -0.497906 0
    outer loop
      vertex 40.1862 4.96266 4.6
      vertex 40.1577 5.0123 5
      vertex 40.1577 5.0123 4.6
    endloop
  endfacet
  facet normal -0.867231 -0.497906 0
    outer loop
      vertex 40.1577 5.0123 5
      vertex 40.1862 4.96266 4.6
      vertex 40.1862 4.96266 5
    endloop
  endfacet
  facet normal -0.809233 -0.587487 0
    outer loop
      vertex 40.1577 5.0123 4.6
      vertex 40.124 5.05872 5
      vertex 40.124 5.05872 4.6
    endloop
  endfacet
  facet normal -0.809233 -0.587487 0
    outer loop
      vertex 40.124 5.05872 5
      vertex 40.1577 5.0123 4.6
      vertex 40.1577 5.0123 5
    endloop
  endfacet
  facet normal -0.740968 -0.67154 0
    outer loop
      vertex 40.124 5.05872 4.6
      vertex 40.0856 5.10109 5
      vertex 40.0856 5.10109 4.6
    endloop
  endfacet
  facet normal -0.740968 -0.67154 0
    outer loop
      vertex 40.0856 5.10109 5
      vertex 40.124 5.05872 4.6
      vertex 40.124 5.05872 5
    endloop
  endfacet
  facet normal -0.660548 -0.750783 0
    outer loop
      vertex 40.043 5.13857 4.6
      vertex 40.0856 5.10109 5
      vertex 40.043 5.13857 5
    endloop
  endfacet
  facet normal -0.660548 -0.750783 -0
    outer loop
      vertex 40.0856 5.10109 5
      vertex 40.043 5.13857 4.6
      vertex 40.0856 5.10109 4.6
    endloop
  endfacet
  facet normal -0.572401 -0.819974 0
    outer loop
      vertex 39.9963 5.17117 4.6
      vertex 40.043 5.13857 5
      vertex 39.9963 5.17117 5
    endloop
  endfacet
  facet normal -0.572401 -0.819974 -0
    outer loop
      vertex 40.043 5.13857 5
      vertex 39.9963 5.17117 4.6
      vertex 40.043 5.13857 4.6
    endloop
  endfacet
  facet normal -0.478538 -0.878067 0
    outer loop
      vertex 39.9454 5.19891 4.6
      vertex 39.9963 5.17117 5
      vertex 39.9454 5.19891 5
    endloop
  endfacet
  facet normal -0.478538 -0.878067 -0
    outer loop
      vertex 39.9963 5.17117 5
      vertex 39.9454 5.19891 4.6
      vertex 39.9963 5.17117 4.6
    endloop
  endfacet
  facet normal -0.383661 -0.923474 0
    outer loop
      vertex 39.8904 5.22176 4.6
      vertex 39.9454 5.19891 5
      vertex 39.8904 5.22176 5
    endloop
  endfacet
  facet normal -0.383661 -0.923474 -0
    outer loop
      vertex 39.9454 5.19891 5
      vertex 39.8904 5.22176 4.6
      vertex 39.9454 5.19891 4.6
    endloop
  endfacet
  facet normal -0.29091 -0.95675 0
    outer loop
      vertex 39.8313 5.23973 4.6
      vertex 39.8904 5.22176 5
      vertex 39.8313 5.23973 5
    endloop
  endfacet
  facet normal -0.29091 -0.95675 -0
    outer loop
      vertex 39.8904 5.22176 5
      vertex 39.8313 5.23973 4.6
      vertex 39.8904 5.22176 4.6
    endloop
  endfacet
  facet normal -0.202508 -0.979281 0
    outer loop
      vertex 39.768 5.25282 4.6
      vertex 39.8313 5.23973 5
      vertex 39.768 5.25282 5
    endloop
  endfacet
  facet normal -0.202508 -0.979281 -0
    outer loop
      vertex 39.8313 5.23973 5
      vertex 39.768 5.25282 4.6
      vertex 39.8313 5.23973 4.6
    endloop
  endfacet
  facet normal -1 0 0
    outer loop
      vertex 39.768 5.25282 4.6
      vertex 39.768 5.25961 5
      vertex 39.768 5.25961 4.6
    endloop
  endfacet
  facet normal -1 -0 0
    outer loop
      vertex 39.768 5.25961 5
      vertex 39.768 5.25282 4.6
      vertex 39.768 5.25282 5
    endloop
  endfacet
  facet normal -0.240184 0.970727 0
    outer loop
      vertex 39.8224 5.27307 4.6
      vertex 39.768 5.25961 5
      vertex 39.8224 5.27307 5
    endloop
  endfacet
  facet normal -0.240184 0.970727 0
    outer loop
      vertex 39.768 5.25961 5
      vertex 39.8224 5.27307 4.6
      vertex 39.768 5.25961 4.6
    endloop
  endfacet
  facet normal -0.333302 0.94282 0
    outer loop
      vertex 39.8736 5.29117 4.6
      vertex 39.8224 5.27307 5
      vertex 39.8736 5.29117 5
    endloop
  endfacet
  facet normal -0.333302 0.94282 0
    outer loop
      vertex 39.8224 5.27307 5
      vertex 39.8736 5.29117 4.6
      vertex 39.8224 5.27307 4.6
    endloop
  endfacet
  facet normal -0.430022 0.902819 0
    outer loop
      vertex 39.9213 5.31389 4.6
      vertex 39.8736 5.29117 5
      vertex 39.9213 5.31389 5
    endloop
  endfacet
  facet normal -0.430022 0.902819 0
    outer loop
      vertex 39.8736 5.29117 5
      vertex 39.9213 5.31389 4.6
      vertex 39.8736 5.29117 4.6
    endloop
  endfacet
  facet normal -0.525468 0.850813 0
    outer loop
      vertex 39.9656 5.34125 4.6
      vertex 39.9213 5.31389 5
      vertex 39.9656 5.34125 5
    endloop
  endfacet
  facet normal -0.525468 0.850813 0
    outer loop
      vertex 39.9213 5.31389 5
      vertex 39.9656 5.34125 4.6
      vertex 39.9213 5.31389 4.6
    endloop
  endfacet
  facet normal -0.616324 0.787493 0
    outer loop
      vertex 40.0065 5.37326 4.6
      vertex 39.9656 5.34125 5
      vertex 40.0065 5.37326 5
    endloop
  endfacet
  facet normal -0.616324 0.787493 0
    outer loop
      vertex 39.9656 5.34125 5
      vertex 40.0065 5.37326 4.6
      vertex 39.9656 5.34125 4.6
    endloop
  endfacet
  facet normal -0.698858 0.715261 0
    outer loop
      vertex 40.044 5.4099 4.6
      vertex 40.0065 5.37326 5
      vertex 40.044 5.4099 5
    endloop
  endfacet
  facet normal -0.698858 0.715261 0
    outer loop
      vertex 40.0065 5.37326 5
      vertex 40.044 5.4099 4.6
      vertex 40.0065 5.37326 4.6
    endloop
  endfacet
  facet normal -0.769977 0.638072 0
    outer loop
      vertex 40.044 5.4099 4.6
      vertex 40.0782 5.45117 5
      vertex 40.0782 5.45117 4.6
    endloop
  endfacet
  facet normal -0.769977 0.638072 0
    outer loop
      vertex 40.0782 5.45117 5
      vertex 40.044 5.4099 4.6
      vertex 40.044 5.4099 5
    endloop
  endfacet
  facet normal -0.82924 0.558892 0
    outer loop
      vertex 40.0782 5.45117 4.6
      vertex 40.1083 5.49583 5
      vertex 40.1083 5.49583 4.6
    endloop
  endfacet
  facet normal -0.82924 0.558892 0
    outer loop
      vertex 40.1083 5.49583 5
      vertex 40.0782 5.45117 4.6
      vertex 40.0782 5.45117 5
    endloop
  endfacet
  facet normal -0.878196 0.4783 0
    outer loop
      vertex 40.1083 5.49583 4.6
      vertex 40.1338 5.54265 5
      vertex 40.1338 5.54265 4.6
    endloop
  endfacet
  facet normal -0.878196 0.4783 0
    outer loop
      vertex 40.1338 5.54265 5
      vertex 40.1083 5.49583 4.6
      vertex 40.1083 5.49583 5
    endloop
  endfacet
  facet normal -0.919708 0.392604 0
    outer loop
      vertex 40.1338 5.54265 4.6
      vertex 40.1547 5.59161 5
      vertex 40.1547 5.59161 4.6
    endloop
  endfacet
  facet normal -0.919708 0.392604 0
    outer loop
      vertex 40.1547 5.59161 5
      vertex 40.1338 5.54265 4.6
      vertex 40.1338 5.54265 5
    endloop
  endfacet
  facet normal -0.953261 0.302149 0
    outer loop
      vertex 40.1547 5.59161 4.6
      vertex 40.1709 5.64272 5
      vertex 40.1709 5.64272 4.6
    endloop
  endfacet
  facet normal -0.953261 0.302149 0
    outer loop
      vertex 40.1709 5.64272 5
      vertex 40.1547 5.59161 4.6
      vertex 40.1547 5.59161 5
    endloop
  endfacet
  facet normal -0.977085 0.212849 0
    outer loop
      vertex 40.1709 5.64272 4.6
      vertex 40.1825 5.69597 5
      vertex 40.1825 5.69597 4.6
    endloop
  endfacet
  facet normal -0.977085 0.212849 0
    outer loop
      vertex 40.1825 5.69597 5
      vertex 40.1709 5.64272 4.6
      vertex 40.1709 5.64272 5
    endloop
  endfacet
  facet normal -0.992109 0.125379 0
    outer loop
      vertex 40.1825 5.69597 4.6
      vertex 40.1895 5.75136 5
      vertex 40.1895 5.75136 4.6
    endloop
  endfacet
  facet normal -0.992109 0.125379 0
    outer loop
      vertex 40.1895 5.75136 5
      vertex 40.1825 5.69597 4.6
      vertex 40.1825 5.69597 5
    endloop
  endfacet
  facet normal -0.999202 0.0399403 0
    outer loop
      vertex 40.1895 5.75136 4.6
      vertex 40.1918 5.8089 5
      vertex 40.1918 5.8089 4.6
    endloop
  endfacet
  facet normal -0.999202 0.0399403 0
    outer loop
      vertex 40.1918 5.8089 5
      vertex 40.1895 5.75136 4.6
      vertex 40.1895 5.75136 5
    endloop
  endfacet
  facet normal -0.998571 -0.0534336 0
    outer loop
      vertex 40.1918 5.8089 4.6
      vertex 40.1876 5.88739 5
      vertex 40.1876 5.88739 4.6
    endloop
  endfacet
  facet normal -0.998571 -0.0534336 0
    outer loop
      vertex 40.1876 5.88739 5
      vertex 40.1918 5.8089 4.6
      vertex 40.1918 5.8089 5
    endloop
  endfacet
  facet normal -0.985931 -0.167152 0
    outer loop
      vertex 40.1876 5.88739 4.6
      vertex 40.1751 5.96112 5
      vertex 40.1751 5.96112 4.6
    endloop
  endfacet
  facet normal -0.985931 -0.167152 0
    outer loop
      vertex 40.1751 5.96112 5
      vertex 40.1876 5.88739 4.6
      vertex 40.1876 5.88739 5
    endloop
  endfacet
  facet normal -0.957397 -0.288774 0
    outer loop
      vertex 40.1751 5.96112 4.6
      vertex 40.1543 6.03008 5
      vertex 40.1543 6.03008 4.6
    endloop
  endfacet
  facet normal -0.957397 -0.288774 0
    outer loop
      vertex 40.1543 6.03008 5
      vertex 40.1751 5.96112 4.6
      vertex 40.1751 5.96112 5
    endloop
  endfacet
  facet normal -0.910196 -0.414177 0
    outer loop
      vertex 40.1543 6.03008 4.6
      vertex 40.1251 6.09425 5
      vertex 40.1251 6.09425 4.6
    endloop
  endfacet
  facet normal -0.910196 -0.414177 0
    outer loop
      vertex 40.1251 6.09425 5
      vertex 40.1543 6.03008 4.6
      vertex 40.1543 6.03008 5
    endloop
  endfacet
  facet normal -0.845631 -0.533768 0
    outer loop
      vertex 40.1251 6.09425 4.6
      vertex 40.0876 6.15366 5
      vertex 40.0876 6.15366 4.6
    endloop
  endfacet
  facet normal -0.845631 -0.533768 0
    outer loop
      vertex 40.0876 6.15366 5
      vertex 40.1251 6.09425 4.6
      vertex 40.1251 6.09425 5
    endloop
  endfacet
  facet normal -0.765688 -0.643212 0
    outer loop
      vertex 40.0876 6.15366 4.6
      vertex 40.0417 6.2083 5
      vertex 40.0417 6.2083 4.6
    endloop
  endfacet
  facet normal -0.765688 -0.643212 0
    outer loop
      vertex 40.0417 6.2083 5
      vertex 40.0876 6.15366 4.6
      vertex 40.0876 6.15366 5
    endloop
  endfacet
  facet normal -0.676954 -0.736026 0
    outer loop
      vertex 39.9875 6.25815 4.6
      vertex 40.0417 6.2083 5
      vertex 39.9875 6.25815 5
    endloop
  endfacet
  facet normal -0.676954 -0.736026 -0
    outer loop
      vertex 40.0417 6.2083 5
      vertex 39.9875 6.25815 4.6
      vertex 40.0417 6.2083 4.6
    endloop
  endfacet
  facet normal -0.583102 -0.812399 0
    outer loop
      vertex 39.9261 6.30222 4.6
      vertex 39.9875 6.25815 5
      vertex 39.9261 6.30222 5
    endloop
  endfacet
  facet normal -0.583102 -0.812399 -0
    outer loop
      vertex 39.9875 6.25815 5
      vertex 39.9261 6.30222 4.6
      vertex 39.9875 6.25815 4.6
    endloop
  endfacet
  facet normal -0.48366 -0.875256 0
    outer loop
      vertex 39.8586 6.33952 4.6
      vertex 39.9261 6.30222 5
      vertex 39.8586 6.33952 5
    endloop
  endfacet
  facet normal -0.48366 -0.875256 -0
    outer loop
      vertex 39.9261 6.30222 5
      vertex 39.8586 6.33952 4.6
      vertex 39.9261 6.30222 4.6
    endloop
  endfacet
  facet normal -0.383491 -0.923545 0
    outer loop
      vertex 39.7851 6.37004 4.6
      vertex 39.8586 6.33952 5
      vertex 39.7851 6.37004 5
    endloop
  endfacet
  facet normal -0.383491 -0.923545 -0
    outer loop
      vertex 39.8586 6.33952 5
      vertex 39.7851 6.37004 4.6
      vertex 39.8586 6.33952 4.6
    endloop
  endfacet
  facet normal -0.286021 -0.958223 0
    outer loop
      vertex 39.7056 6.39377 4.6
      vertex 39.7851 6.37004 5
      vertex 39.7056 6.39377 5
    endloop
  endfacet
  facet normal -0.286021 -0.958223 -0
    outer loop
      vertex 39.7851 6.37004 5
      vertex 39.7056 6.39377 4.6
      vertex 39.7851 6.37004 4.6
    endloop
  endfacet
  facet normal -0.194463 -0.98091 0
    outer loop
      vertex 39.62 6.41074 4.6
      vertex 39.7056 6.39377 5
      vertex 39.62 6.41074 5
    endloop
  endfacet
  facet normal -0.194463 -0.98091 -0
    outer loop
      vertex 39.7056 6.39377 5
      vertex 39.62 6.41074 4.6
      vertex 39.7056 6.39377 4.6
    endloop
  endfacet
  facet normal -0.110122 -0.993918 0
    outer loop
      vertex 39.5283 6.4209 4.6
      vertex 39.62 6.41074 5
      vertex 39.5283 6.4209 5
    endloop
  endfacet
  facet normal -0.110122 -0.993918 -0
    outer loop
      vertex 39.62 6.41074 5
      vertex 39.5283 6.4209 4.6
      vertex 39.62 6.41074 4.6
    endloop
  endfacet
  facet normal -0.0346772 -0.999399 0
    outer loop
      vertex 39.4306 6.42429 4.6
      vertex 39.5283 6.4209 5
      vertex 39.4306 6.42429 5
    endloop
  endfacet
  facet normal -0.0346772 -0.999399 -0
    outer loop
      vertex 39.5283 6.4209 5
      vertex 39.4306 6.42429 4.6
      vertex 39.5283 6.4209 4.6
    endloop
  endfacet
  facet normal 0.0361021 -0.999348 0
    outer loop
      vertex 39.3351 6.42084 4.6
      vertex 39.4306 6.42429 5
      vertex 39.3351 6.42084 5
    endloop
  endfacet
  facet normal 0.0361021 -0.999348 0
    outer loop
      vertex 39.4306 6.42429 5
      vertex 39.3351 6.42084 4.6
      vertex 39.4306 6.42429 4.6
    endloop
  endfacet
  facet normal 0.114935 -0.993373 0
    outer loop
      vertex 39.2453 6.41045 4.6
      vertex 39.3351 6.42084 5
      vertex 39.2453 6.41045 5
    endloop
  endfacet
  facet normal 0.114935 -0.993373 0
    outer loop
      vertex 39.3351 6.42084 5
      vertex 39.2453 6.41045 4.6
      vertex 39.3351 6.42084 4.6
    endloop
  endfacet
  facet normal 0.201607 -0.979467 0
    outer loop
      vertex 39.1613 6.39316 4.6
      vertex 39.2453 6.41045 5
      vertex 39.1613 6.39316 5
    endloop
  endfacet
  facet normal 0.201607 -0.979467 0
    outer loop
      vertex 39.2453 6.41045 5
      vertex 39.1613 6.39316 4.6
      vertex 39.2453 6.41045 4.6
    endloop
  endfacet
  facet normal 0.295276 -0.955412 0
    outer loop
      vertex 39.0829 6.36893 4.6
      vertex 39.1613 6.39316 5
      vertex 39.0829 6.36893 5
    endloop
  endfacet
  facet normal 0.295276 -0.955412 0
    outer loop
      vertex 39.1613 6.39316 5
      vertex 39.0829 6.36893 4.6
      vertex 39.1613 6.39316 4.6
    endloop
  endfacet
  facet normal 0.394301 -0.918981 0
    outer loop
      vertex 39.0103 6.33778 4.6
      vertex 39.0829 6.36893 5
      vertex 39.0103 6.33778 5
    endloop
  endfacet
  facet normal 0.394301 -0.918981 0
    outer loop
      vertex 39.0829 6.36893 5
      vertex 39.0103 6.33778 4.6
      vertex 39.0829 6.36893 4.6
    endloop
  endfacet
  facet normal 0.494389 -0.869241 0
    outer loop
      vertex 38.9434 6.29973 4.6
      vertex 39.0103 6.33778 5
      vertex 38.9434 6.29973 5
    endloop
  endfacet
  facet normal 0.494389 -0.869241 0
    outer loop
      vertex 39.0103 6.33778 5
      vertex 38.9434 6.29973 4.6
      vertex 39.0103 6.33778 4.6
    endloop
  endfacet
  facet normal 0.591592 -0.806238 0
    outer loop
      vertex 38.8821 6.25475 4.6
      vertex 38.9434 6.29973 5
      vertex 38.8821 6.25475 5
    endloop
  endfacet
  facet normal 0.591592 -0.806238 0
    outer loop
      vertex 38.9434 6.29973 5
      vertex 38.8821 6.25475 4.6
      vertex 38.9434 6.29973 4.6
    endloop
  endfacet
  facet normal 0.682126 -0.731235 0
    outer loop
      vertex 38.8279 6.20419 4.6
      vertex 38.8821 6.25475 5
      vertex 38.8279 6.20419 5
    endloop
  endfacet
  facet normal 0.682126 -0.731235 0
    outer loop
      vertex 38.8821 6.25475 5
      vertex 38.8279 6.20419 4.6
      vertex 38.8821 6.25475 4.6
    endloop
  endfacet
  facet normal 0.767072 -0.641561 0
    outer loop
      vertex 38.7821 6.14943 5
      vertex 38.8279 6.20419 4.6
      vertex 38.8279 6.20419 5
    endloop
  endfacet
  facet normal 0.767072 -0.641561 0
    outer loop
      vertex 38.8279 6.20419 4.6
      vertex 38.7821 6.14943 5
      vertex 38.7821 6.14943 4.6
    endloop
  endfacet
  facet normal 0.843915 -0.536477 0
    outer loop
      vertex 38.7446 6.09044 5
      vertex 38.7821 6.14943 4.6
      vertex 38.7821 6.14943 5
    endloop
  endfacet
  facet normal 0.843915 -0.536477 0
    outer loop
      vertex 38.7821 6.14943 4.6
      vertex 38.7446 6.09044 5
      vertex 38.7446 6.09044 4.6
    endloop
  endfacet
  facet normal 0.907791 -0.419422 0
    outer loop
      vertex 38.7154 6.02724 5
      vertex 38.7446 6.09044 4.6
      vertex 38.7446 6.09044 5
    endloop
  endfacet
  facet normal 0.907791 -0.419422 0
    outer loop
      vertex 38.7446 6.09044 4.6
      vertex 38.7154 6.02724 5
      vertex 38.7154 6.02724 4.6
    endloop
  endfacet
  facet normal 0.955171 -0.296056 0
    outer loop
      vertex 38.6945 5.95981 5
      vertex 38.7154 6.02724 4.6
      vertex 38.7154 6.02724 5
    endloop
  endfacet
  facet normal 0.955171 -0.296056 0
    outer loop
      vertex 38.7154 6.02724 4.6
      vertex 38.6945 5.95981 5
      vertex 38.6945 5.95981 4.6
    endloop
  endfacet
  facet normal 0.985117 -0.171887 0
    outer loop
      vertex 38.682 5.88817 5
      vertex 38.6945 5.95981 4.6
      vertex 38.6945 5.95981 5
    endloop
  endfacet
  facet normal 0.985117 -0.171887 0
    outer loop
      vertex 38.6945 5.95981 4.6
      vertex 38.682 5.88817 5
      vertex 38.682 5.88817 4.6
    endloop
  endfacet
  facet normal 0.998543 -0.053954 0
    outer loop
      vertex 38.6779 5.81229 5
      vertex 38.682 5.88817 4.6
      vertex 38.682 5.88817 5
    endloop
  endfacet
  facet normal 0.998543 -0.053954 0
    outer loop
      vertex 38.682 5.88817 4.6
      vertex 38.6779 5.81229 5
      vertex 38.6779 5.81229 4.6
    endloop
  endfacet
  facet normal 0.999202 0.0399403 0
    outer loop
      vertex 38.6802 5.75475 5
      vertex 38.6779 5.81229 4.6
      vertex 38.6779 5.81229 5
    endloop
  endfacet
  facet normal 0.999202 0.0399403 0
    outer loop
      vertex 38.6779 5.81229 4.6
      vertex 38.6802 5.75475 5
      vertex 38.6802 5.75475 4.6
    endloop
  endfacet
  facet normal 0.99233 0.123616 0
    outer loop
      vertex 38.6871 5.69936 5
      vertex 38.6802 5.75475 4.6
      vertex 38.6802 5.75475 5
    endloop
  endfacet
  facet normal 0.99233 0.123616 0
    outer loop
      vertex 38.6802 5.75475 4.6
      vertex 38.6871 5.69936 5
      vertex 38.6871 5.69936 4.6
    endloop
  endfacet
  facet normal 0.977474 0.211058 0
    outer loop
      vertex 38.6986 5.6461 5
      vertex 38.6871 5.69936 4.6
      vertex 38.6871 5.69936 5
    endloop
  endfacet
  facet normal 0.977474 0.211058 0
    outer loop
      vertex 38.6871 5.69936 4.6
      vertex 38.6986 5.6461 5
      vertex 38.6986 5.6461 4.6
    endloop
  endfacet
  facet normal 0.95378 0.300506 0
    outer loop
      vertex 38.7147 5.595 5
      vertex 38.6986 5.6461 4.6
      vertex 38.6986 5.6461 5
    endloop
  endfacet
  facet normal 0.95378 0.300506 0
    outer loop
      vertex 38.6986 5.6461 4.6
      vertex 38.7147 5.595 5
      vertex 38.7147 5.595 4.6
    endloop
  endfacet
  facet normal 0.921032 0.389487 0
    outer loop
      vertex 38.7354 5.54605 5
      vertex 38.7147 5.595 4.6
      vertex 38.7147 5.595 5
    endloop
  endfacet
  facet normal 0.921032 0.389487 0
    outer loop
      vertex 38.7147 5.595 4.6
      vertex 38.7354 5.54605 5
      vertex 38.7354 5.54605 4.6
    endloop
  endfacet
  facet normal 0.879728 0.475478 0
    outer loop
      vertex 38.7607 5.49924 5
      vertex 38.7354 5.54605 4.6
      vertex 38.7354 5.54605 5
    endloop
  endfacet
  facet normal 0.879728 0.475478 0
    outer loop
      vertex 38.7354 5.54605 4.6
      vertex 38.7607 5.49924 5
      vertex 38.7607 5.49924 4.6
    endloop
  endfacet
  facet normal 0.831019 0.556245 0
    outer loop
      vertex 38.7906 5.45457 5
      vertex 38.7607 5.49924 4.6
      vertex 38.7607 5.49924 5
    endloop
  endfacet
  facet normal 0.831019 0.556245 0
    outer loop
      vertex 38.7607 5.49924 4.6
      vertex 38.7906 5.45457 5
      vertex 38.7906 5.45457 4.6
    endloop
  endfacet
  facet normal 0.773857 0.63336 0
    outer loop
      vertex 38.8245 5.41315 5
      vertex 38.7906 5.45457 4.6
      vertex 38.7906 5.45457 5
    endloop
  endfacet
  facet normal 0.773857 0.63336 0
    outer loop
      vertex 38.7906 5.45457 4.6
      vertex 38.8245 5.41315 5
      vertex 38.8245 5.41315 4.6
    endloop
  endfacet
  facet normal 0.705677 0.708534 -0
    outer loop
      vertex 38.8617 5.3761 4.6
      vertex 38.8245 5.41315 5
      vertex 38.8617 5.3761 5
    endloop
  endfacet
  facet normal 0.705677 0.708534 0
    outer loop
      vertex 38.8245 5.41315 5
      vertex 38.8617 5.3761 4.6
      vertex 38.8245 5.41315 4.6
    endloop
  endfacet
  facet normal 0.627265 0.778806 -0
    outer loop
      vertex 38.9023 5.3434 4.6
      vertex 38.8617 5.3761 5
      vertex 38.9023 5.3434 5
    endloop
  endfacet
  facet normal 0.627265 0.778806 0
    outer loop
      vertex 38.8617 5.3761 5
      vertex 38.9023 5.3434 4.6
      vertex 38.8617 5.3761 4.6
    endloop
  endfacet
  facet normal 0.541491 0.840706 -0
    outer loop
      vertex 38.9463 5.31506 4.6
      vertex 38.9023 5.3434 5
      vertex 38.9463 5.31506 5
    endloop
  endfacet
  facet normal 0.541491 0.840706 0
    outer loop
      vertex 38.9023 5.3434 5
      vertex 38.9463 5.31506 4.6
      vertex 38.9023 5.3434 4.6
    endloop
  endfacet
  facet normal 0.452035 0.892 -0
    outer loop
      vertex 38.9936 5.29109 4.6
      vertex 38.9463 5.31506 5
      vertex 38.9936 5.29109 5
    endloop
  endfacet
  facet normal 0.452035 0.892 0
    outer loop
      vertex 38.9463 5.31506 5
      vertex 38.9936 5.29109 4.6
      vertex 38.9463 5.31506 4.6
    endloop
  endfacet
  facet normal 0.360901 0.932604 -0
    outer loop
      vertex 39.0443 5.27147 4.6
      vertex 38.9936 5.29109 5
      vertex 39.0443 5.27147 5
    endloop
  endfacet
  facet normal 0.360901 0.932604 0
    outer loop
      vertex 38.9936 5.29109 5
      vertex 39.0443 5.27147 4.6
      vertex 38.9936 5.29109 4.6
    endloop
  endfacet
  facet normal 0.271943 0.962313 -0
    outer loop
      vertex 39.0983 5.25621 4.6
      vertex 39.0443 5.27147 5
      vertex 39.0983 5.25621 5
    endloop
  endfacet
  facet normal 0.271943 0.962313 0
    outer loop
      vertex 39.0443 5.27147 5
      vertex 39.0983 5.25621 4.6
      vertex 39.0443 5.27147 4.6
    endloop
  endfacet
  facet normal 1 -0 0
    outer loop
      vertex 39.0983 5.24944 5
      vertex 39.0983 5.25621 4.6
      vertex 39.0983 5.25621 5
    endloop
  endfacet
  facet normal 1 0 0
    outer loop
      vertex 39.0983 5.25621 4.6
      vertex 39.0983 5.24944 5
      vertex 39.0983 5.24944 4.6
    endloop
  endfacet
  facet normal 0.206487 -0.978449 0
    outer loop
      vertex 39.0403 5.2372 4.6
      vertex 39.0983 5.24944 5
      vertex 39.0403 5.2372 5
    endloop
  endfacet
  facet normal 0.206487 -0.978449 0
    outer loop
      vertex 39.0983 5.24944 5
      vertex 39.0403 5.2372 4.6
      vertex 39.0983 5.24944 4.6
    endloop
  endfacet
  facet normal 0.300659 -0.953732 0
    outer loop
      vertex 38.9852 5.21983 4.6
      vertex 39.0403 5.2372 5
      vertex 38.9852 5.21983 5
    endloop
  endfacet
  facet normal 0.300659 -0.953732 0
    outer loop
      vertex 39.0403 5.2372 5
      vertex 38.9852 5.21983 4.6
      vertex 39.0403 5.2372 4.6
    endloop
  endfacet
  facet normal 0.397607 -0.917556 0
    outer loop
      vertex 38.9333 5.19734 4.6
      vertex 38.9852 5.21983 5
      vertex 38.9333 5.19734 5
    endloop
  endfacet
  facet normal 0.397607 -0.917556 0
    outer loop
      vertex 38.9852 5.21983 5
      vertex 38.9333 5.19734 4.6
      vertex 38.9852 5.21983 4.6
    endloop
  endfacet
  facet normal 0.491799 -0.870709 0
    outer loop
      vertex 38.8844 5.16972 4.6
      vertex 38.9333 5.19734 5
      vertex 38.8844 5.16972 5
    endloop
  endfacet
  facet normal 0.491799 -0.870709 0
    outer loop
      vertex 38.9333 5.19734 5
      vertex 38.8844 5.16972 4.6
      vertex 38.9333 5.19734 4.6
    endloop
  endfacet
  facet normal 0.580584 -0.814201 0
    outer loop
      vertex 38.8385 5.13699 4.6
      vertex 38.8844 5.16972 5
      vertex 38.8385 5.13699 5
    endloop
  endfacet
  facet normal 0.580584 -0.814201 0
    outer loop
      vertex 38.8844 5.16972 5
      vertex 38.8385 5.13699 4.6
      vertex 38.8844 5.16972 4.6
    endloop
  endfacet
  facet normal 0.661593 -0.749863 0
    outer loop
      vertex 38.7956 5.09914 4.6
      vertex 38.8385 5.13699 5
      vertex 38.7956 5.09914 5
    endloop
  endfacet
  facet normal 0.661593 -0.749863 0
    outer loop
      vertex 38.8385 5.13699 5
      vertex 38.7956 5.09914 4.6
      vertex 38.8385 5.13699 4.6
    endloop
  endfacet
  facet normal 0.73365 -0.679527 0
    outer loop
      vertex 38.7558 5.05617 5
      vertex 38.7956 5.09914 4.6
      vertex 38.7956 5.09914 5
    endloop
  endfacet
  facet normal 0.73365 -0.679527 0
    outer loop
      vertex 38.7956 5.09914 4.6
      vertex 38.7558 5.05617 5
      vertex 38.7558 5.05617 4.6
    endloop
  endfacet
  facet normal 0.798328 -0.602223 0
    outer loop
      vertex 38.7203 5.00911 5
      vertex 38.7558 5.05617 4.6
      vertex 38.7558 5.05617 5
    endloop
  endfacet
  facet normal 0.798328 -0.602223 0
    outer loop
      vertex 38.7558 5.05617 4.6
      vertex 38.7203 5.00911 5
      vertex 38.7203 5.00911 4.6
    endloop
  endfacet
  facet normal 0.857191 -0.514999 0
    outer loop
      vertex 38.6902 4.95901 5
      vertex 38.7203 5.00911 4.6
      vertex 38.7203 5.00911 5
    endloop
  endfacet
  facet normal 0.857191 -0.514999 0
    outer loop
      vertex 38.7203 5.00911 4.6
      vertex 38.6902 4.95901 5
      vertex 38.6902 4.95901 4.6
    endloop
  endfacet
  facet normal 0.907449 -0.420163 0
    outer loop
      vertex 38.6656 4.90588 5
      vertex 38.6902 4.95901 4.6
      vertex 38.6902 4.95901 5
    endloop
  endfacet
  facet normal 0.907449 -0.420163 0
    outer loop
      vertex 38.6902 4.95901 4.6
      vertex 38.6656 4.90588 5
      vertex 38.6656 4.90588 4.6
    endloop
  endfacet
  facet normal 0.946779 -0.321885 0
    outer loop
      vertex 38.6465 4.8497 5
      vertex 38.6656 4.90588 4.6
      vertex 38.6656 4.90588 5
    endloop
  endfacet
  facet normal 0.946779 -0.321885 0
    outer loop
      vertex 38.6656 4.90588 4.6
      vertex 38.6465 4.8497 5
      vertex 38.6465 4.8497 4.6
    endloop
  endfacet
  facet normal 0.974277 -0.225352 0
    outer loop
      vertex 38.6328 4.79047 5
      vertex 38.6465 4.8497 4.6
      vertex 38.6465 4.8497 5
    endloop
  endfacet
  facet normal 0.974277 -0.225352 0
    outer loop
      vertex 38.6465 4.8497 4.6
      vertex 38.6328 4.79047 5
      vertex 38.6328 4.79047 4.6
    endloop
  endfacet
  facet normal 0.991441 -0.130557 0
    outer loop
      vertex 38.6246 4.7282 5
      vertex 38.6328 4.79047 4.6
      vertex 38.6328 4.79047 5
    endloop
  endfacet
  facet normal 0.991441 -0.130557 0
    outer loop
      vertex 38.6328 4.79047 4.6
      vertex 38.6246 4.7282 5
      vertex 38.6246 4.7282 4.6
    endloop
  endfacet
  facet normal 0.999147 -0.0412934 0
    outer loop
      vertex 38.6219 4.66287 5
      vertex 38.6246 4.7282 4.6
      vertex 38.6246 4.7282 5
    endloop
  endfacet
  facet normal 0.999147 -0.0412934 0
    outer loop
      vertex 38.6246 4.7282 4.6
      vertex 38.6219 4.66287 5
      vertex 38.6219 4.66287 4.6
    endloop
  endfacet
  facet normal 0.998866 0.0476114 0
    outer loop
      vertex 38.6263 4.57056 5
      vertex 38.6219 4.66287 4.6
      vertex 38.6219 4.66287 5
    endloop
  endfacet
  facet normal 0.998866 0.0476114 0
    outer loop
      vertex 38.6219 4.66287 4.6
      vertex 38.6263 4.57056 5
      vertex 38.6263 4.57056 4.6
    endloop
  endfacet
  facet normal 0.988273 0.152696 0
    outer loop
      vertex 38.6396 4.48448 5
      vertex 38.6263 4.57056 4.6
      vertex 38.6263 4.57056 5
    endloop
  endfacet
  facet normal 0.988273 0.152696 0
    outer loop
      vertex 38.6263 4.57056 4.6
      vertex 38.6396 4.48448 5
      vertex 38.6396 4.48448 4.6
    endloop
  endfacet
  facet normal 0.964078 0.265619 0
    outer loop
      vertex 38.6616 4.40463 5
      vertex 38.6396 4.48448 4.6
      vertex 38.6396 4.48448 5
    endloop
  endfacet
  facet normal 0.964078 0.265619 0
    outer loop
      vertex 38.6396 4.48448 4.6
      vertex 38.6616 4.40463 5
      vertex 38.6616 4.40463 4.6
    endloop
  endfacet
  facet normal 0.922073 0.387015 0
    outer loop
      vertex 38.6925 4.33101 5
      vertex 38.6616 4.40463 4.6
      vertex 38.6616 4.40463 5
    endloop
  endfacet
  facet normal 0.922073 0.387015 0
    outer loop
      vertex 38.6616 4.40463 4.6
      vertex 38.6925 4.33101 5
      vertex 38.6925 4.33101 4.6
    endloop
  endfacet
  facet normal 0.861638 0.507523 0
    outer loop
      vertex 38.7322 4.26361 5
      vertex 38.6925 4.33101 4.6
      vertex 38.6925 4.33101 5
    endloop
  endfacet
  facet normal 0.861638 0.507523 0
    outer loop
      vertex 38.6925 4.33101 4.6
      vertex 38.7322 4.26361 5
      vertex 38.7322 4.26361 4.6
    endloop
  endfacet
  facet normal 0.783586 0.621284 0
    outer loop
      vertex 38.7807 4.20244 5
      vertex 38.7322 4.26361 4.6
      vertex 38.7322 4.26361 5
    endloop
  endfacet
  facet normal 0.783586 0.621284 0
    outer loop
      vertex 38.7322 4.26361 4.6
      vertex 38.7807 4.20244 5
      vertex 38.7807 4.20244 4.6
    endloop
  endfacet
  facet normal 0.691523 0.722355 -0
    outer loop
      vertex 38.8381 4.14749 4.6
      vertex 38.7807 4.20244 5
      vertex 38.8381 4.14749 5
    endloop
  endfacet
  facet normal 0.691523 0.722355 0
    outer loop
      vertex 38.7807 4.20244 5
      vertex 38.8381 4.14749 4.6
      vertex 38.7807 4.20244 4.6
    endloop
  endfacet
  facet normal 0.594412 0.804161 -0
    outer loop
      vertex 38.9032 4.09937 4.6
      vertex 38.8381 4.14749 5
      vertex 38.9032 4.09937 5
    endloop
  endfacet
  facet normal 0.594412 0.804161 0
    outer loop
      vertex 38.8381 4.14749 5
      vertex 38.9032 4.09937 4.6
      vertex 38.8381 4.14749 4.6
    endloop
  endfacet
  facet normal 0.492372 0.870385 -0
    outer loop
      vertex 38.9752 4.05864 4.6
      vertex 38.9032 4.09937 5
      vertex 38.9752 4.05864 5
    endloop
  endfacet
  facet normal 0.492372 0.870385 0
    outer loop
      vertex 38.9032 4.09937 5
      vertex 38.9752 4.05864 4.6
      vertex 38.9032 4.09937 4.6
    endloop
  endfacet
  facet normal 0.389358 0.921087 -0
    outer loop
      vertex 39.054 4.02533 4.6
      vertex 38.9752 4.05864 5
      vertex 39.054 4.02533 5
    endloop
  endfacet
  facet normal 0.389358 0.921087 0
    outer loop
      vertex 38.9752 4.05864 5
      vertex 39.054 4.02533 4.6
      vertex 38.9752 4.05864 4.6
    endloop
  endfacet
  facet normal 0.289706 0.957116 -0
    outer loop
      vertex 39.1396 3.99942 4.6
      vertex 39.054 4.02533 5
      vertex 39.1396 3.99942 5
    endloop
  endfacet
  facet normal 0.289706 0.957116 0
    outer loop
      vertex 39.054 4.02533 5
      vertex 39.1396 3.99942 4.6
      vertex 39.054 4.02533 4.6
    endloop
  endfacet
  facet normal 0.196218 0.98056 -0
    outer loop
      vertex 39.2321 3.98091 4.6
      vertex 39.1396 3.99942 5
      vertex 39.2321 3.98091 5
    endloop
  endfacet
  facet normal 0.196218 0.98056 0
    outer loop
      vertex 39.1396 3.99942 5
      vertex 39.2321 3.98091 4.6
      vertex 39.1396 3.99942 4.6
    endloop
  endfacet
  facet normal 0.1113 0.993787 -0
    outer loop
      vertex 39.3313 3.9698 4.6
      vertex 39.2321 3.98091 5
      vertex 39.3313 3.9698 5
    endloop
  endfacet
  facet normal 0.1113 0.993787 0
    outer loop
      vertex 39.2321 3.98091 5
      vertex 39.3313 3.9698 4.6
      vertex 39.2321 3.98091 4.6
    endloop
  endfacet
  facet normal 0.0347575 0.999396 -0
    outer loop
      vertex 39.4374 3.96611 4.6
      vertex 39.3313 3.9698 5
      vertex 39.4374 3.96611 5
    endloop
  endfacet
  facet normal 0.0347575 0.999396 0
    outer loop
      vertex 39.3313 3.9698 5
      vertex 39.4374 3.96611 4.6
      vertex 39.3313 3.9698 4.6
    endloop
  endfacet
  facet normal -0.0346937 0.999398 0
    outer loop
      vertex 39.546 3.96988 4.6
      vertex 39.4374 3.96611 5
      vertex 39.546 3.96988 5
    endloop
  endfacet
  facet normal -0.0346937 0.999398 0
    outer loop
      vertex 39.4374 3.96611 5
      vertex 39.546 3.96988 4.6
      vertex 39.4374 3.96611 4.6
    endloop
  endfacet
  facet normal -0.11961 -0.992821 0
    outer loop
      vertex 39.3207 5.38028 4.6
      vertex 39.3754 5.37369 5
      vertex 39.3207 5.38028 5
    endloop
  endfacet
  facet normal -0.11961 -0.992821 -0
    outer loop
      vertex 39.3754 5.37369 5
      vertex 39.3207 5.38028 4.6
      vertex 39.3754 5.37369 4.6
    endloop
  endfacet
  facet normal -0.211447 -0.977389 0
    outer loop
      vertex 39.2699 5.39127 4.6
      vertex 39.3207 5.38028 5
      vertex 39.2699 5.39127 5
    endloop
  endfacet
  facet normal -0.211447 -0.977389 -0
    outer loop
      vertex 39.3207 5.38028 5
      vertex 39.2699 5.39127 4.6
      vertex 39.3207 5.38028 4.6
    endloop
  endfacet
  facet normal -0.312206 -0.950015 0
    outer loop
      vertex 39.2231 5.40665 4.6
      vertex 39.2699 5.39127 5
      vertex 39.2231 5.40665 5
    endloop
  endfacet
  facet normal -0.312206 -0.950015 -0
    outer loop
      vertex 39.2699 5.39127 5
      vertex 39.2231 5.40665 4.6
      vertex 39.2699 5.39127 4.6
    endloop
  endfacet
  facet normal -0.417731 -0.908571 0
    outer loop
      vertex 39.1801 5.42642 4.6
      vertex 39.2231 5.40665 5
      vertex 39.1801 5.42642 5
    endloop
  endfacet
  facet normal -0.417731 -0.908571 -0
    outer loop
      vertex 39.2231 5.40665 5
      vertex 39.1801 5.42642 4.6
      vertex 39.2231 5.40665 4.6
    endloop
  endfacet
  facet normal -0.526625 -0.850098 0
    outer loop
      vertex 39.1411 5.45058 4.6
      vertex 39.1801 5.42642 5
      vertex 39.1411 5.45058 5
    endloop
  endfacet
  facet normal -0.526625 -0.850098 -0
    outer loop
      vertex 39.1801 5.42642 5
      vertex 39.1411 5.45058 4.6
      vertex 39.1801 5.42642 4.6
    endloop
  endfacet
  facet normal -0.630061 -0.776546 0
    outer loop
      vertex 39.1059 5.47914 4.6
      vertex 39.1411 5.45058 5
      vertex 39.1059 5.47914 5
    endloop
  endfacet
  facet normal -0.630061 -0.776546 -0
    outer loop
      vertex 39.1411 5.45058 5
      vertex 39.1059 5.47914 4.6
      vertex 39.1411 5.45058 4.6
    endloop
  endfacet
  facet normal -0.728566 -0.684976 0
    outer loop
      vertex 39.1059 5.47914 4.6
      vertex 39.0751 5.5119 5
      vertex 39.0751 5.5119 4.6
    endloop
  endfacet
  facet normal -0.728566 -0.684976 0
    outer loop
      vertex 39.0751 5.5119 5
      vertex 39.1059 5.47914 4.6
      vertex 39.1059 5.47914 5
    endloop
  endfacet
  facet normal -0.816204 -0.577765 0
    outer loop
      vertex 39.0751 5.5119 4.6
      vertex 39.0491 5.54863 5
      vertex 39.0491 5.54863 4.6
    endloop
  endfacet
  facet normal -0.816204 -0.577765 0
    outer loop
      vertex 39.0491 5.54863 5
      vertex 39.0751 5.5119 4.6
      vertex 39.0751 5.5119 5
    endloop
  endfacet
  facet normal -0.885154 -0.465298 0
    outer loop
      vertex 39.0491 5.54863 4.6
      vertex 39.0277 5.58934 5
      vertex 39.0277 5.58934 4.6
    endloop
  endfacet
  facet normal -0.885154 -0.465298 0
    outer loop
      vertex 39.0277 5.58934 5
      vertex 39.0491 5.54863 4.6
      vertex 39.0491 5.54863 5
    endloop
  endfacet
  facet normal -0.937394 -0.348271 0
    outer loop
      vertex 39.0277 5.58934 4.6
      vertex 39.0111 5.63402 5
      vertex 39.0111 5.63402 4.6
    endloop
  endfacet
  facet normal -0.937394 -0.348271 0
    outer loop
      vertex 39.0111 5.63402 5
      vertex 39.0277 5.58934 4.6
      vertex 39.0277 5.58934 5
    endloop
  endfacet
  facet normal -0.971833 -0.235669 0
    outer loop
      vertex 39.0111 5.63402 4.6
      vertex 38.9993 5.68268 5
      vertex 38.9993 5.68268 4.6
    endloop
  endfacet
  facet normal -0.971833 -0.235669 0
    outer loop
      vertex 38.9993 5.68268 5
      vertex 39.0111 5.63402 4.6
      vertex 39.0111 5.63402 5
    endloop
  endfacet
  facet normal -0.991026 -0.133668 0
    outer loop
      vertex 38.9993 5.68268 4.6
      vertex 38.9922 5.73532 5
      vertex 38.9922 5.73532 4.6
    endloop
  endfacet
  facet normal -0.991026 -0.133668 0
    outer loop
      vertex 38.9922 5.73532 5
      vertex 38.9993 5.68268 4.6
      vertex 38.9993 5.68268 5
    endloop
  endfacet
  facet normal -0.999103 -0.0423424 0
    outer loop
      vertex 38.9922 5.73532 4.6
      vertex 38.9898 5.79195 5
      vertex 38.9898 5.79195 4.6
    endloop
  endfacet
  facet normal -0.999103 -0.0423424 0
    outer loop
      vertex 38.9898 5.79195 5
      vertex 38.9922 5.73532 4.6
      vertex 38.9922 5.73532 5
    endloop
  endfacet
  facet normal -0.999145 0.0413316 0
    outer loop
      vertex 38.9898 5.79195 4.6
      vertex 38.9921 5.84755 5
      vertex 38.9921 5.84755 4.6
    endloop
  endfacet
  facet normal -0.999145 0.0413316 0
    outer loop
      vertex 38.9921 5.84755 5
      vertex 38.9898 5.79195 4.6
      vertex 38.9898 5.79195 5
    endloop
  endfacet
  facet normal -0.991147 0.132769 0
    outer loop
      vertex 38.9921 5.84755 4.6
      vertex 38.999 5.89906 5
      vertex 38.999 5.89906 4.6
    endloop
  endfacet
  facet normal -0.991147 0.132769 0
    outer loop
      vertex 38.999 5.89906 5
      vertex 38.9921 5.84755 4.6
      vertex 38.9921 5.84755 5
    endloop
  endfacet
  facet normal -0.971842 0.235635 0
    outer loop
      vertex 38.999 5.89906 4.6
      vertex 39.0105 5.94649 5
      vertex 39.0105 5.94649 4.6
    endloop
  endfacet
  facet normal -0.971842 0.235635 0
    outer loop
      vertex 39.0105 5.94649 5
      vertex 38.999 5.89906 4.6
      vertex 38.999 5.89906 5
    endloop
  endfacet
  facet normal -0.937435 0.348159 0
    outer loop
      vertex 39.0105 5.94649 4.6
      vertex 39.0266 5.98984 5
      vertex 39.0266 5.98984 4.6
    endloop
  endfacet
  facet normal -0.937435 0.348159 0
    outer loop
      vertex 39.0266 5.98984 5
      vertex 39.0105 5.94649 4.6
      vertex 39.0105 5.94649 5
    endloop
  endfacet
  facet normal -0.884625 0.466303 0
    outer loop
      vertex 39.0266 5.98984 4.6
      vertex 39.0473 6.02911 5
      vertex 39.0473 6.02911 4.6
    endloop
  endfacet
  facet normal -0.884625 0.466303 0
    outer loop
      vertex 39.0473 6.02911 5
      vertex 39.0266 5.98984 4.6
      vertex 39.0266 5.98984 5
    endloop
  endfacet
  facet normal -0.811937 0.583745 0
    outer loop
      vertex 39.0473 6.02911 4.6
      vertex 39.0726 6.0643 5
      vertex 39.0726 6.0643 4.6
    endloop
  endfacet
  facet normal -0.811937 0.583745 0
    outer loop
      vertex 39.0726 6.0643 5
      vertex 39.0473 6.02911 4.6
      vertex 39.0473 6.02911 5
    endloop
  endfacet
  facet normal -0.720878 0.693062 0
    outer loop
      vertex 39.0726 6.0643 4.6
      vertex 39.1025 6.0954 5
      vertex 39.1025 6.0954 4.6
    endloop
  endfacet
  facet normal -0.720878 0.693062 0
    outer loop
      vertex 39.1025 6.0954 5
      vertex 39.0726 6.0643 4.6
      vertex 39.0726 6.0643 5
    endloop
  endfacet
  facet normal -0.618247 0.785984 0
    outer loop
      vertex 39.1368 6.12238 4.6
      vertex 39.1025 6.0954 5
      vertex 39.1368 6.12238 5
    endloop
  endfacet
  facet normal -0.618247 0.785984 0
    outer loop
      vertex 39.1025 6.0954 5
      vertex 39.1368 6.12238 4.6
      vertex 39.1025 6.0954 4.6
    endloop
  endfacet
  facet normal -0.510219 0.860045 0
    outer loop
      vertex 39.1753 6.14522 4.6
      vertex 39.1368 6.12238 5
      vertex 39.1753 6.14522 5
    endloop
  endfacet
  facet normal -0.510219 0.860045 0
    outer loop
      vertex 39.1368 6.12238 5
      vertex 39.1753 6.14522 4.6
      vertex 39.1368 6.12238 4.6
    endloop
  endfacet
  facet normal -0.400616 0.916246 0
    outer loop
      vertex 39.218 6.16389 4.6
      vertex 39.1753 6.14522 5
      vertex 39.218 6.16389 5
    endloop
  endfacet
  facet normal -0.400616 0.916246 0
    outer loop
      vertex 39.1753 6.14522 5
      vertex 39.218 6.16389 4.6
      vertex 39.1753 6.14522 4.6
    endloop
  endfacet
  facet normal -0.296303 0.955094 0
    outer loop
      vertex 39.2649 6.17844 4.6
      vertex 39.218 6.16389 5
      vertex 39.2649 6.17844 5
    endloop
  endfacet
  facet normal -0.296303 0.955094 0
    outer loop
      vertex 39.218 6.16389 5
      vertex 39.2649 6.17844 4.6
      vertex 39.218 6.16389 4.6
    endloop
  endfacet
  facet normal -0.199256 0.979947 0
    outer loop
      vertex 39.3159 6.18881 4.6
      vertex 39.2649 6.17844 5
      vertex 39.3159 6.18881 5
    endloop
  endfacet
  facet normal -0.199256 0.979947 0
    outer loop
      vertex 39.2649 6.17844 5
      vertex 39.3159 6.18881 4.6
      vertex 39.2649 6.17844 4.6
    endloop
  endfacet
  facet normal -0.11195 0.993714 0
    outer loop
      vertex 39.3712 6.19504 4.6
      vertex 39.3159 6.18881 5
      vertex 39.3712 6.19504 5
    endloop
  endfacet
  facet normal -0.11195 0.993714 0
    outer loop
      vertex 39.3159 6.18881 5
      vertex 39.3712 6.19504 4.6
      vertex 39.3159 6.18881 4.6
    endloop
  endfacet
  facet normal -0.0348273 0.999393 0
    outer loop
      vertex 39.4306 6.19711 4.6
      vertex 39.3712 6.19504 5
      vertex 39.4306 6.19711 5
    endloop
  endfacet
  facet normal -0.0348273 0.999393 0
    outer loop
      vertex 39.3712 6.19504 5
      vertex 39.4306 6.19711 4.6
      vertex 39.3712 6.19504 4.6
    endloop
  endfacet
  facet normal 0.0700314 0.997545 -0
    outer loop
      vertex 39.5484 6.18884 4.6
      vertex 39.4306 6.19711 5
      vertex 39.5484 6.18884 5
    endloop
  endfacet
  facet normal 0.0700314 0.997545 0
    outer loop
      vertex 39.4306 6.19711 5
      vertex 39.5484 6.18884 4.6
      vertex 39.4306 6.19711 4.6
    endloop
  endfacet
  facet normal 0.241299 0.970451 -0
    outer loop
      vertex 39.6481 6.16405 4.6
      vertex 39.5484 6.18884 5
      vertex 39.6481 6.16405 5
    endloop
  endfacet
  facet normal 0.241299 0.970451 0
    outer loop
      vertex 39.5484 6.18884 5
      vertex 39.6481 6.16405 4.6
      vertex 39.5484 6.18884 4.6
    endloop
  endfacet
  facet normal 0.452017 0.892009 -0
    outer loop
      vertex 39.7297 6.1227 4.6
      vertex 39.6481 6.16405 5
      vertex 39.7297 6.1227 5
    endloop
  endfacet
  facet normal 0.452017 0.892009 0
    outer loop
      vertex 39.6481 6.16405 5
      vertex 39.7297 6.1227 4.6
      vertex 39.6481 6.16405 4.6
    endloop
  endfacet
  facet normal 0.673645 0.739055 -0
    outer loop
      vertex 39.7932 6.06482 4.6
      vertex 39.7297 6.1227 5
      vertex 39.7932 6.06482 5
    endloop
  endfacet
  facet normal 0.673645 0.739055 0
    outer loop
      vertex 39.7297 6.1227 5
      vertex 39.7932 6.06482 4.6
      vertex 39.7297 6.1227 4.6
    endloop
  endfacet
  facet normal 0.854194 0.519954 0
    outer loop
      vertex 39.8385 5.9904 5
      vertex 39.7932 6.06482 4.6
      vertex 39.7932 6.06482 5
    endloop
  endfacet
  facet normal 0.854194 0.519954 0
    outer loop
      vertex 39.7932 6.06482 4.6
      vertex 39.8385 5.9904 5
      vertex 39.8385 5.9904 4.6
    endloop
  endfacet
  facet normal 0.958081 0.286497 0
    outer loop
      vertex 39.8657 5.89944 5
      vertex 39.8385 5.9904 4.6
      vertex 39.8385 5.9904 5
    endloop
  endfacet
  facet normal 0.958081 0.286497 0
    outer loop
      vertex 39.8385 5.9904 4.6
      vertex 39.8657 5.89944 5
      vertex 39.8657 5.89944 4.6
    endloop
  endfacet
  facet normal 0.996436 0.0843573 0
    outer loop
      vertex 39.8748 5.79195 5
      vertex 39.8657 5.89944 4.6
      vertex 39.8657 5.89944 5
    endloop
  endfacet
  facet normal 0.996436 0.0843573 0
    outer loop
      vertex 39.8657 5.89944 4.6
      vertex 39.8748 5.79195 5
      vertex 39.8748 5.79195 4.6
    endloop
  endfacet
  facet normal 0.999289 -0.0377028 0
    outer loop
      vertex 39.8725 5.73099 5
      vertex 39.8748 5.79195 4.6
      vertex 39.8748 5.79195 5
    endloop
  endfacet
  facet normal 0.999289 -0.0377028 0
    outer loop
      vertex 39.8748 5.79195 4.6
      vertex 39.8725 5.73099 5
      vertex 39.8725 5.73099 4.6
    endloop
  endfacet
  facet normal 0.992476 -0.12244 0
    outer loop
      vertex 39.8656 5.67506 5
      vertex 39.8725 5.73099 4.6
      vertex 39.8725 5.73099 5
    endloop
  endfacet
  facet normal 0.992476 -0.12244 0
    outer loop
      vertex 39.8725 5.73099 4.6
      vertex 39.8656 5.67506 5
      vertex 39.8656 5.67506 4.6
    endloop
  endfacet
  facet normal 0.97501 -0.222159 0
    outer loop
      vertex 39.854 5.62415 5
      vertex 39.8656 5.67506 4.6
      vertex 39.8656 5.67506 5
    endloop
  endfacet
  facet normal 0.97501 -0.222159 0
    outer loop
      vertex 39.8656 5.67506 4.6
      vertex 39.854 5.62415 5
      vertex 39.854 5.62415 4.6
    endloop
  endfacet
  facet normal 0.944275 -0.329159 0
    outer loop
      vertex 39.838 5.57825 5
      vertex 39.854 5.62415 4.6
      vertex 39.854 5.62415 5
    endloop
  endfacet
  facet normal 0.944275 -0.329159 0
    outer loop
      vertex 39.854 5.62415 4.6
      vertex 39.838 5.57825 5
      vertex 39.838 5.57825 4.6
    endloop
  endfacet
  facet normal 0.891266 -0.453482 0
    outer loop
      vertex 39.8172 5.53737 5
      vertex 39.838 5.57825 4.6
      vertex 39.838 5.57825 5
    endloop
  endfacet
  facet normal 0.891266 -0.453482 0
    outer loop
      vertex 39.838 5.57825 4.6
      vertex 39.8172 5.53737 5
      vertex 39.8172 5.53737 4.6
    endloop
  endfacet
  facet normal 0.817107 -0.576486 0
    outer loop
      vertex 39.7919 5.50151 5
      vertex 39.8172 5.53737 4.6
      vertex 39.8172 5.53737 5
    endloop
  endfacet
  facet normal 0.817107 -0.576486 0
    outer loop
      vertex 39.8172 5.53737 4.6
      vertex 39.7919 5.50151 5
      vertex 39.7919 5.50151 4.6
    endloop
  endfacet
  facet normal 0.717964 -0.69608 0
    outer loop
      vertex 39.762 5.47067 5
      vertex 39.7919 5.50151 4.6
      vertex 39.7919 5.50151 5
    endloop
  endfacet
  facet normal 0.717964 -0.69608 0
    outer loop
      vertex 39.7919 5.50151 4.6
      vertex 39.762 5.47067 5
      vertex 39.762 5.47067 4.6
    endloop
  endfacet
  facet normal 0.608771 -0.793346 0
    outer loop
      vertex 39.7277 5.44435 4.6
      vertex 39.762 5.47067 5
      vertex 39.7277 5.44435 5
    endloop
  endfacet
  facet normal 0.608771 -0.793346 0
    outer loop
      vertex 39.762 5.47067 5
      vertex 39.7277 5.44435 4.6
      vertex 39.762 5.47067 4.6
    endloop
  endfacet
  facet normal 0.50054 -0.865714 0
    outer loop
      vertex 39.6892 5.42209 4.6
      vertex 39.7277 5.44435 5
      vertex 39.6892 5.42209 5
    endloop
  endfacet
  facet normal 0.50054 -0.865714 0
    outer loop
      vertex 39.7277 5.44435 5
      vertex 39.6892 5.42209 4.6
      vertex 39.7277 5.44435 4.6
    endloop
  endfacet
  facet normal 0.392463 -0.919768 0
    outer loop
      vertex 39.6465 5.40387 4.6
      vertex 39.6892 5.42209 5
      vertex 39.6465 5.40387 5
    endloop
  endfacet
  facet normal 0.392463 -0.919768 0
    outer loop
      vertex 39.6892 5.42209 5
      vertex 39.6465 5.40387 4.6
      vertex 39.6892 5.42209 4.6
    endloop
  endfacet
  facet normal 0.289599 -0.957148 0
    outer loop
      vertex 39.5997 5.38971 4.6
      vertex 39.6465 5.40387 5
      vertex 39.5997 5.38971 5
    endloop
  endfacet
  facet normal 0.289599 -0.957148 0
    outer loop
      vertex 39.6465 5.40387 5
      vertex 39.5997 5.38971 4.6
      vertex 39.6465 5.40387 4.6
    endloop
  endfacet
  facet normal 0.19427 -0.980948 0
    outer loop
      vertex 39.5486 5.37959 4.6
      vertex 39.5997 5.38971 5
      vertex 39.5486 5.37959 5
    endloop
  endfacet
  facet normal 0.19427 -0.980948 0
    outer loop
      vertex 39.5997 5.38971 5
      vertex 39.5486 5.37959 4.6
      vertex 39.5997 5.38971 4.6
    endloop
  endfacet
  facet normal 0.109305 -0.994008 0
    outer loop
      vertex 39.4934 5.37352 4.6
      vertex 39.5486 5.37959 5
      vertex 39.4934 5.37352 5
    endloop
  endfacet
  facet normal 0.109305 -0.994008 0
    outer loop
      vertex 39.5486 5.37959 5
      vertex 39.4934 5.37352 4.6
      vertex 39.5486 5.37959 4.6
    endloop
  endfacet
  facet normal 0.0341551 -0.999417 0
    outer loop
      vertex 39.434 5.37149 4.6
      vertex 39.4934 5.37352 5
      vertex 39.434 5.37149 5
    endloop
  endfacet
  facet normal 0.0341551 -0.999417 0
    outer loop
      vertex 39.4934 5.37352 5
      vertex 39.434 5.37149 4.6
      vertex 39.4934 5.37352 4.6
    endloop
  endfacet
  facet normal -0.0375162 -0.999296 0
    outer loop
      vertex 39.3754 5.37369 4.6
      vertex 39.434 5.37149 5
      vertex 39.3754 5.37369 5
    endloop
  endfacet
  facet normal -0.0375162 -0.999296 -0
    outer loop
      vertex 39.434 5.37149 5
      vertex 39.3754 5.37369 4.6
      vertex 39.434 5.37149 4.6
    endloop
  endfacet
  facet normal -0.257902 -0.966171 0
    outer loop
      vertex 39.1941 4.23521 4.6
      vertex 39.3072 4.20502 5
      vertex 39.1941 4.23521 5
    endloop
  endfacet
  facet normal -0.257902 -0.966171 -0
    outer loop
      vertex 39.3072 4.20502 5
      vertex 39.1941 4.23521 4.6
      vertex 39.3072 4.20502 4.6
    endloop
  endfacet
  facet normal -0.478413 -0.878135 0
    outer loop
      vertex 39.1017 4.28555 4.6
      vertex 39.1941 4.23521 5
      vertex 39.1017 4.28555 5
    endloop
  endfacet
  facet normal -0.478413 -0.878135 -0
    outer loop
      vertex 39.1941 4.23521 5
      vertex 39.1017 4.28555 4.6
      vertex 39.1941 4.23521 4.6
    endloop
  endfacet
  facet normal -0.699523 -0.71461 0
    outer loop
      vertex 39.0297 4.35603 4.6
      vertex 39.1017 4.28555 5
      vertex 39.0297 4.35603 5
    endloop
  endfacet
  facet normal -0.699523 -0.71461 -0
    outer loop
      vertex 39.1017 4.28555 5
      vertex 39.0297 4.35603 4.6
      vertex 39.1017 4.28555 4.6
    endloop
  endfacet
  facet normal -0.869845 -0.493325 0
    outer loop
      vertex 39.0297 4.35603 4.6
      vertex 38.9783 4.44666 5
      vertex 38.9783 4.44666 4.6
    endloop
  endfacet
  facet normal -0.869845 -0.493325 0
    outer loop
      vertex 38.9783 4.44666 5
      vertex 39.0297 4.35603 4.6
      vertex 39.0297 4.35603 5
    endloop
  endfacet
  facet normal -0.963431 -0.267958 0
    outer loop
      vertex 38.9783 4.44666 4.6
      vertex 38.9475 4.5574 5
      vertex 38.9475 4.5574 4.6
    endloop
  endfacet
  facet normal -0.963431 -0.267958 0
    outer loop
      vertex 38.9475 4.5574 5
      vertex 38.9783 4.44666 4.6
      vertex 38.9783 4.44666 5
    endloop
  endfacet
  facet normal -0.996918 -0.0784495 0
    outer loop
      vertex 38.9475 4.5574 4.6
      vertex 38.9372 4.68829 5
      vertex 38.9372 4.68829 4.6
    endloop
  endfacet
  facet normal -0.996918 -0.0784495 0
    outer loop
      vertex 38.9372 4.68829 5
      vertex 38.9475 4.5574 4.6
      vertex 38.9475 4.5574 5
    endloop
  endfacet
  facet normal -0.998943 0.0459558 0
    outer loop
      vertex 38.9372 4.68829 4.6
      vertex 38.9399 4.74698 5
      vertex 38.9399 4.74698 4.6
    endloop
  endfacet
  facet normal -0.998943 0.0459558 0
    outer loop
      vertex 38.9399 4.74698 5
      vertex 38.9372 4.68829 4.6
      vertex 38.9372 4.68829 5
    endloop
  endfacet
  facet normal -0.989583 0.143965 0
    outer loop
      vertex 38.9399 4.74698 4.6
      vertex 38.9479 4.80197 5
      vertex 38.9479 4.80197 4.6
    endloop
  endfacet
  facet normal -0.989583 0.143965 0
    outer loop
      vertex 38.9479 4.80197 5
      vertex 38.9399 4.74698 4.6
      vertex 38.9399 4.74698 5
    endloop
  endfacet
  facet normal -0.967997 0.250962 0
    outer loop
      vertex 38.9479 4.80197 4.6
      vertex 38.9612 4.85327 5
      vertex 38.9612 4.85327 4.6
    endloop
  endfacet
  facet normal -0.967997 0.250962 0
    outer loop
      vertex 38.9612 4.85327 5
      vertex 38.9479 4.80197 4.6
      vertex 38.9479 4.80197 5
    endloop
  endfacet
  facet normal -0.930699 0.365786 0
    outer loop
      vertex 38.9612 4.85327 4.6
      vertex 38.9799 4.90085 5
      vertex 38.9799 4.90085 4.6
    endloop
  endfacet
  facet normal -0.930699 0.365786 0
    outer loop
      vertex 38.9799 4.90085 5
      vertex 38.9612 4.85327 4.6
      vertex 38.9612 4.85327 5
    endloop
  endfacet
  facet normal -0.878278 0.478151 0
    outer loop
      vertex 38.9799 4.90085 4.6
      vertex 39.0038 4.94475 5
      vertex 39.0038 4.94475 4.6
    endloop
  endfacet
  facet normal -0.878278 0.478151 0
    outer loop
      vertex 39.0038 4.94475 5
      vertex 38.9799 4.90085 4.6
      vertex 38.9799 4.90085 5
    endloop
  endfacet
  facet normal -0.80696 0.590606 0
    outer loop
      vertex 39.0038 4.94475 4.6
      vertex 39.0332 4.98492 5
      vertex 39.0332 4.98492 4.6
    endloop
  endfacet
  facet normal -0.80696 0.590606 0
    outer loop
      vertex 39.0332 4.98492 5
      vertex 39.0038 4.94475 4.6
      vertex 39.0038 4.94475 5
    endloop
  endfacet
  facet normal -0.725744 0.687965 0
    outer loop
      vertex 39.0332 4.98492 4.6
      vertex 39.0678 5.02142 5
      vertex 39.0678 5.02142 4.6
    endloop
  endfacet
  facet normal -0.725744 0.687965 0
    outer loop
      vertex 39.0678 5.02142 5
      vertex 39.0332 4.98492 4.6
      vertex 39.0332 4.98492 5
    endloop
  endfacet
  facet normal -0.63222 0.774789 0
    outer loop
      vertex 39.1072 5.05357 4.6
      vertex 39.0678 5.02142 5
      vertex 39.1072 5.05357 5
    endloop
  endfacet
  facet normal -0.63222 0.774789 0
    outer loop
      vertex 39.0678 5.02142 5
      vertex 39.1072 5.05357 4.6
      vertex 39.0678 5.02142 4.6
    endloop
  endfacet
  facet normal -0.530594 0.847626 0
    outer loop
      vertex 39.1507 5.0808 4.6
      vertex 39.1072 5.05357 5
      vertex 39.1507 5.0808 5
    endloop
  endfacet
  facet normal -0.530594 0.847626 0
    outer loop
      vertex 39.1072 5.05357 5
      vertex 39.1507 5.0808 4.6
      vertex 39.1072 5.05357 4.6
    endloop
  endfacet
  facet normal -0.422885 0.906183 0
    outer loop
      vertex 39.1984 5.10306 4.6
      vertex 39.1507 5.0808 5
      vertex 39.1984 5.10306 5
    endloop
  endfacet
  facet normal -0.422885 0.906183 0
    outer loop
      vertex 39.1507 5.0808 5
      vertex 39.1984 5.10306 4.6
      vertex 39.1507 5.0808 4.6
    endloop
  endfacet
  facet normal -0.317106 0.94839 0
    outer loop
      vertex 39.2502 5.12038 4.6
      vertex 39.1984 5.10306 5
      vertex 39.2502 5.12038 5
    endloop
  endfacet
  facet normal -0.317106 0.94839 0
    outer loop
      vertex 39.1984 5.10306 5
      vertex 39.2502 5.12038 4.6
      vertex 39.1984 5.10306 4.6
    endloop
  endfacet
  facet normal -0.215693 0.976461 0
    outer loop
      vertex 39.3062 5.13275 4.6
      vertex 39.2502 5.12038 5
      vertex 39.3062 5.13275 5
    endloop
  endfacet
  facet normal -0.215693 0.976461 0
    outer loop
      vertex 39.2502 5.12038 5
      vertex 39.3062 5.13275 4.6
      vertex 39.2502 5.12038 4.6
    endloop
  endfacet
  facet normal -0.122531 0.992465 0
    outer loop
      vertex 39.3663 5.14017 4.6
      vertex 39.3062 5.13275 5
      vertex 39.3663 5.14017 5
    endloop
  endfacet
  facet normal -0.122531 0.992465 0
    outer loop
      vertex 39.3062 5.13275 5
      vertex 39.3663 5.14017 4.6
      vertex 39.3062 5.13275 4.6
    endloop
  endfacet
  facet normal -0.0383854 0.999263 0
    outer loop
      vertex 39.4306 5.14264 4.6
      vertex 39.3663 5.14017 5
      vertex 39.4306 5.14264 5
    endloop
  endfacet
  facet normal -0.0383854 0.999263 0
    outer loop
      vertex 39.3663 5.14017 5
      vertex 39.4306 5.14264 4.6
      vertex 39.3663 5.14017 4.6
    endloop
  endfacet
  facet normal 0.0347747 0.999395 -0
    outer loop
      vertex 39.4967 5.14034 4.6
      vertex 39.4306 5.14264 5
      vertex 39.4967 5.14034 5
    endloop
  endfacet
  facet normal 0.0347747 0.999395 0
    outer loop
      vertex 39.4306 5.14264 5
      vertex 39.4967 5.14034 4.6
      vertex 39.4306 5.14264 4.6
    endloop
  endfacet
  facet normal 0.110961 0.993825 -0
    outer loop
      vertex 39.5585 5.13344 4.6
      vertex 39.4967 5.14034 5
      vertex 39.5585 5.13344 5
    endloop
  endfacet
  facet normal 0.110961 0.993825 0
    outer loop
      vertex 39.4967 5.14034 5
      vertex 39.5585 5.13344 4.6
      vertex 39.4967 5.14034 4.6
    endloop
  endfacet
  facet normal 0.196939 0.980416 -0
    outer loop
      vertex 39.6158 5.12193 4.6
      vertex 39.5585 5.13344 5
      vertex 39.6158 5.12193 5
    endloop
  endfacet
  facet normal 0.196939 0.980416 0
    outer loop
      vertex 39.5585 5.13344 5
      vertex 39.6158 5.12193 4.6
      vertex 39.5585 5.13344 4.6
    endloop
  endfacet
  facet normal 0.290322 0.956929 -0
    outer loop
      vertex 39.6689 5.10582 4.6
      vertex 39.6158 5.12193 5
      vertex 39.6689 5.10582 5
    endloop
  endfacet
  facet normal 0.290322 0.956929 0
    outer loop
      vertex 39.6158 5.12193 5
      vertex 39.6689 5.10582 4.6
      vertex 39.6158 5.12193 4.6
    endloop
  endfacet
  facet normal 0.391341 0.920246 -0
    outer loop
      vertex 39.7176 5.08511 4.6
      vertex 39.6689 5.10582 5
      vertex 39.7176 5.08511 5
    endloop
  endfacet
  facet normal 0.391341 0.920246 0
    outer loop
      vertex 39.6689 5.10582 5
      vertex 39.7176 5.08511 4.6
      vertex 39.6689 5.10582 4.6
    endloop
  endfacet
  facet normal 0.496076 0.868279 -0
    outer loop
      vertex 39.7619 5.0598 4.6
      vertex 39.7176 5.08511 5
      vertex 39.7619 5.0598 5
    endloop
  endfacet
  facet normal 0.496076 0.868279 0
    outer loop
      vertex 39.7176 5.08511 5
      vertex 39.7619 5.0598 4.6
      vertex 39.7176 5.08511 4.6
    endloop
  endfacet
  facet normal 0.599807 0.800144 -0
    outer loop
      vertex 39.8018 5.02989 4.6
      vertex 39.7619 5.0598 5
      vertex 39.8018 5.02989 5
    endloop
  endfacet
  facet normal 0.599807 0.800144 0
    outer loop
      vertex 39.7619 5.0598 5
      vertex 39.8018 5.02989 4.6
      vertex 39.7619 5.0598 4.6
    endloop
  endfacet
  facet normal 0.700364 0.713786 -0
    outer loop
      vertex 39.8369 4.99545 4.6
      vertex 39.8018 5.02989 5
      vertex 39.8369 4.99545 5
    endloop
  endfacet
  facet normal 0.700364 0.713786 0
    outer loop
      vertex 39.8018 5.02989 5
      vertex 39.8369 4.99545 4.6
      vertex 39.8018 5.02989 4.6
    endloop
  endfacet
  facet normal 0.794897 0.606745 0
    outer loop
      vertex 39.8666 4.95654 5
      vertex 39.8369 4.99545 4.6
      vertex 39.8369 4.99545 5
    endloop
  endfacet
  facet normal 0.794897 0.606745 0
    outer loop
      vertex 39.8369 4.99545 4.6
      vertex 39.8666 4.95654 5
      vertex 39.8666 4.95654 4.6
    endloop
  endfacet
  facet normal 0.872348 0.488885 0
    outer loop
      vertex 39.8909 4.91318 5
      vertex 39.8666 4.95654 4.6
      vertex 39.8666 4.95654 5
    endloop
  endfacet
  facet normal 0.872348 0.488885 0
    outer loop
      vertex 39.8666 4.95654 4.6
      vertex 39.8909 4.91318 5
      vertex 39.8909 4.91318 4.6
    endloop
  endfacet
  facet normal 0.929998 0.367565 0
    outer loop
      vertex 39.9098 4.86536 5
      vertex 39.8909 4.91318 4.6
      vertex 39.8909 4.91318 5
    endloop
  endfacet
  facet normal 0.929998 0.367565 0
    outer loop
      vertex 39.8909 4.91318 4.6
      vertex 39.9098 4.86536 5
      vertex 39.9098 4.86536 4.6
    endloop
  endfacet
  facet normal 0.968274 0.249889 0
    outer loop
      vertex 39.9233 4.81305 5
      vertex 39.9098 4.86536 4.6
      vertex 39.9098 4.86536 5
    endloop
  endfacet
  facet normal 0.968274 0.249889 0
    outer loop
      vertex 39.9098 4.86536 4.6
      vertex 39.9233 4.81305 5
      vertex 39.9233 4.81305 4.6
    endloop
  endfacet
  facet normal 0.98997 0.141275 0
    outer loop
      vertex 39.9314 4.75629 5
      vertex 39.9233 4.81305 4.6
      vertex 39.9233 4.81305 5
    endloop
  endfacet
  facet normal 0.98997 0.141275 0
    outer loop
      vertex 39.9233 4.81305 4.6
      vertex 39.9314 4.75629 5
      vertex 39.9314 4.75629 4.6
    endloop
  endfacet
  facet normal 0.999029 0.0440604 0
    outer loop
      vertex 39.9341 4.69507 5
      vertex 39.9314 4.75629 4.6
      vertex 39.9314 4.75629 5
    endloop
  endfacet
  facet normal 0.999029 0.0440604 0
    outer loop
      vertex 39.9314 4.75629 4.6
      vertex 39.9341 4.69507 5
      vertex 39.9341 4.69507 4.6
    endloop
  endfacet
  facet normal 0.999393 -0.0348463 0
    outer loop
      vertex 39.9316 4.62337 5
      vertex 39.9341 4.69507 4.6
      vertex 39.9341 4.69507 5
    endloop
  endfacet
  facet normal 0.999393 -0.0348463 0
    outer loop
      vertex 39.9341 4.69507 4.6
      vertex 39.9316 4.62337 5
      vertex 39.9316 4.62337 4.6
    endloop
  endfacet
  facet normal 0.993594 -0.113011 0
    outer loop
      vertex 39.9241 4.55743 5
      vertex 39.9316 4.62337 4.6
      vertex 39.9316 4.62337 5
    endloop
  endfacet
  facet normal 0.993594 -0.113011 0
    outer loop
      vertex 39.9316 4.62337 4.6
      vertex 39.9241 4.55743 5
      vertex 39.9241 4.55743 4.6
    endloop
  endfacet
  facet normal 0.979405 -0.201906 0
    outer loop
      vertex 39.9117 4.49728 5
      vertex 39.9241 4.55743 4.6
      vertex 39.9241 4.55743 5
    endloop
  endfacet
  facet normal 0.979405 -0.201906 0
    outer loop
      vertex 39.9241 4.55743 4.6
      vertex 39.9117 4.49728 5
      vertex 39.9117 4.49728 4.6
    endloop
  endfacet
  facet normal 0.95189 -0.30644 0
    outer loop
      vertex 39.8942 4.44292 5
      vertex 39.9117 4.49728 4.6
      vertex 39.9117 4.49728 5
    endloop
  endfacet
  facet normal 0.95189 -0.30644 0
    outer loop
      vertex 39.9117 4.49728 4.6
      vertex 39.8942 4.44292 5
      vertex 39.8942 4.44292 4.6
    endloop
  endfacet
  facet normal 0.908178 -0.418584 0
    outer loop
      vertex 39.8718 4.39432 5
      vertex 39.8942 4.44292 4.6
      vertex 39.8942 4.44292 5
    endloop
  endfacet
  facet normal 0.908178 -0.418584 0
    outer loop
      vertex 39.8942 4.44292 4.6
      vertex 39.8718 4.39432 5
      vertex 39.8718 4.39432 4.6
    endloop
  endfacet
  facet normal 0.842314 -0.538987 0
    outer loop
      vertex 39.8444 4.3515 5
      vertex 39.8718 4.39432 4.6
      vertex 39.8718 4.39432 5
    endloop
  endfacet
  facet normal 0.842314 -0.538987 0
    outer loop
      vertex 39.8718 4.39432 4.6
      vertex 39.8444 4.3515 5
      vertex 39.8444 4.3515 4.6
    endloop
  endfacet
  facet normal 0.752589 -0.65849 0
    outer loop
      vertex 39.812 4.31447 5
      vertex 39.8444 4.3515 4.6
      vertex 39.8444 4.3515 5
    endloop
  endfacet
  facet normal 0.752589 -0.65849 0
    outer loop
      vertex 39.8444 4.3515 4.6
      vertex 39.812 4.31447 5
      vertex 39.812 4.31447 4.6
    endloop
  endfacet
  facet normal 0.646701 -0.762744 0
    outer loop
      vertex 39.7746 4.28276 4.6
      vertex 39.812 4.31447 5
      vertex 39.7746 4.28276 5
    endloop
  endfacet
  facet normal 0.646701 -0.762744 0
    outer loop
      vertex 39.812 4.31447 5
      vertex 39.7746 4.28276 4.6
      vertex 39.812 4.31447 4.6
    endloop
  endfacet
  facet normal 0.532172 -0.846637 0
    outer loop
      vertex 39.7319 4.25592 4.6
      vertex 39.7746 4.28276 5
      vertex 39.7319 4.25592 5
    endloop
  endfacet
  facet normal 0.532172 -0.846637 0
    outer loop
      vertex 39.7746 4.28276 5
      vertex 39.7319 4.25592 4.6
      vertex 39.7746 4.28276 4.6
    endloop
  endfacet
  facet normal 0.417152 -0.908837 0
    outer loop
      vertex 39.6841 4.23398 4.6
      vertex 39.7319 4.25592 5
      vertex 39.6841 4.23398 5
    endloop
  endfacet
  facet normal 0.417152 -0.908837 0
    outer loop
      vertex 39.7319 4.25592 5
      vertex 39.6841 4.23398 4.6
      vertex 39.7319 4.25592 4.6
    endloop
  endfacet
  facet normal 0.306369 -0.951913 0
    outer loop
      vertex 39.631 4.21689 4.6
      vertex 39.6841 4.23398 5
      vertex 39.631 4.21689 5
    endloop
  endfacet
  facet normal 0.306369 -0.951913 0
    outer loop
      vertex 39.6841 4.23398 5
      vertex 39.631 4.21689 4.6
      vertex 39.6841 4.23398 4.6
    endloop
  endfacet
  facet normal 0.205002 -0.978762 0
    outer loop
      vertex 39.5728 4.2047 4.6
      vertex 39.631 4.21689 5
      vertex 39.5728 4.2047 5
    endloop
  endfacet
  facet normal 0.205002 -0.978762 0
    outer loop
      vertex 39.631 4.21689 5
      vertex 39.5728 4.2047 4.6
      vertex 39.631 4.21689 4.6
    endloop
  endfacet
  facet normal 0.114541 -0.993419 0
    outer loop
      vertex 39.5094 4.19739 4.6
      vertex 39.5728 4.2047 5
      vertex 39.5094 4.19739 5
    endloop
  endfacet
  facet normal 0.114541 -0.993419 0
    outer loop
      vertex 39.5728 4.2047 5
      vertex 39.5094 4.19739 4.6
      vertex 39.5728 4.2047 4.6
    endloop
  endfacet
  facet normal 0.035546 -0.999368 0
    outer loop
      vertex 39.4408 4.19495 4.6
      vertex 39.5094 4.19739 5
      vertex 39.4408 4.19495 5
    endloop
  endfacet
  facet normal 0.035546 -0.999368 0
    outer loop
      vertex 39.5094 4.19739 5
      vertex 39.4408 4.19495 4.6
      vertex 39.5094 4.19739 4.6
    endloop
  endfacet
  facet normal -0.075161 -0.997171 0
    outer loop
      vertex 39.3072 4.20502 4.6
      vertex 39.4408 4.19495 5
      vertex 39.3072 4.20502 5
    endloop
  endfacet
  facet normal -0.075161 -0.997171 -0
    outer loop
      vertex 39.4408 4.19495 5
      vertex 39.3072 4.20502 4.6
      vertex 39.4408 4.19495 4.6
    endloop
  endfacet
  facet normal 0 -1 0
    outer loop
      vertex 36.8231 4.25937 4.6
      vertex 37.4046 4.25937 5
      vertex 36.8231 4.25937 5
    endloop
  endfacet
  facet normal 0 -1 -0
    outer loop
      vertex 37.4046 4.25937 5
      vertex 36.8231 4.25937 4.6
      vertex 37.4046 4.25937 4.6
    endloop
  endfacet
  facet normal -1 0 0
    outer loop
      vertex 36.8231 4.25937 4.6
      vertex 36.8231 6.38869 5
      vertex 36.8231 6.38869 4.6
    endloop
  endfacet
  facet normal -1 -0 0
    outer loop
      vertex 36.8231 6.38869 5
      vertex 36.8231 4.25937 4.6
      vertex 36.8231 4.25937 5
    endloop
  endfacet
  facet normal 0 -1 0
    outer loop
      vertex 36.5417 6.38869 4.6
      vertex 36.8231 6.38869 5
      vertex 36.5417 6.38869 5
    endloop
  endfacet
  facet normal 0 -1 -0
    outer loop
      vertex 36.8231 6.38869 5
      vertex 36.5417 6.38869 4.6
      vertex 36.8231 6.38869 4.6
    endloop
  endfacet
  facet normal 0.566586 -0.824003 0
    outer loop
      vertex 35.9771 6.00047 4.6
      vertex 36.5417 6.38869 5
      vertex 35.9771 6.00047 5
    endloop
  endfacet
  facet normal 0.566586 -0.824003 0
    outer loop
      vertex 36.5417 6.38869 5
      vertex 35.9771 6.00047 4.6
      vertex 36.5417 6.38869 4.6
    endloop
  endfacet
  facet normal 1 -0 0
    outer loop
      vertex 35.9771 5.71227 5
      vertex 35.9771 6.00047 4.6
      vertex 35.9771 6.00047 5
    endloop
  endfacet
  facet normal 1 0 0
    outer loop
      vertex 35.9771 6.00047 4.6
      vertex 35.9771 5.71227 5
      vertex 35.9771 5.71227 4.6
    endloop
  endfacet
  facet normal -0.580987 0.813913 0
    outer loop
      vertex 36.5162 6.09709 4.6
      vertex 35.9771 5.71227 5
      vertex 36.5162 6.09709 5
    endloop
  endfacet
  facet normal -0.580987 0.813913 0
    outer loop
      vertex 35.9771 5.71227 5
      vertex 36.5162 6.09709 4.6
      vertex 35.9771 5.71227 4.6
    endloop
  endfacet
  facet normal 1 -0 0
    outer loop
      vertex 36.5162 4.25937 5
      vertex 36.5162 6.09709 4.6
      vertex 36.5162 6.09709 5
    endloop
  endfacet
  facet normal 1 0 0
    outer loop
      vertex 36.5162 6.09709 4.6
      vertex 36.5162 4.25937 5
      vertex 36.5162 4.25937 4.6
    endloop
  endfacet
  facet normal 0 -1 0
    outer loop
      vertex 35.9076 4.25937 4.6
      vertex 36.5162 4.25937 5
      vertex 35.9076 4.25937 5
    endloop
  endfacet
  facet normal 0 -1 -0
    outer loop
      vertex 36.5162 4.25937 5
      vertex 35.9076 4.25937 4.6
      vertex 36.5162 4.25937 4.6
    endloop
  endfacet
  facet normal 1 -0 0
    outer loop
      vertex 35.9076 4 5
      vertex 35.9076 4.25937 4.6
      vertex 35.9076 4.25937 5
    endloop
  endfacet
  facet normal 1 0 0
    outer loop
      vertex 35.9076 4.25937 4.6
      vertex 35.9076 4 5
      vertex 35.9076 4 4.6
    endloop
  endfacet
  facet normal 0 1 -0
    outer loop
      vertex 37.4046 4 4.6
      vertex 35.9076 4 5
      vertex 37.4046 4 5
    endloop
  endfacet
  facet normal 0 1 0
    outer loop
      vertex 35.9076 4 5
      vertex 37.4046 4 4.6
      vertex 35.9076 4 4.6
    endloop
  endfacet
  facet normal -1 0 0
    outer loop
      vertex 37.4046 4 4.6
      vertex 37.4046 4.25937 5
      vertex 37.4046 4.25937 4.6
    endloop
  endfacet
  facet normal -1 -0 0
    outer loop
      vertex 37.4046 4.25937 5
      vertex 37.4046 4 4.6
      vertex 37.4046 4 5
    endloop
  endfacet
  facet normal 0 -1 0
    outer loop
      vertex 37.846 4.37126 4.6
      vertex 38.1765 4.37126 5
      vertex 37.846 4.37126 5
    endloop
  endfacet
  facet normal 0 -1 -0
    outer loop
      vertex 38.1765 4.37126 5
      vertex 37.846 4.37126 4.6
      vertex 38.1765 4.37126 4.6
    endloop
  endfacet
  facet normal 1 -0 0
    outer loop
      vertex 37.846 4 5
      vertex 37.846 4.37126 4.6
      vertex 37.846 4.37126 5
    endloop
  endfacet
  facet normal 1 0 0
    outer loop
      vertex 37.846 4.37126 4.6
      vertex 37.846 4 5
      vertex 37.846 4 4.6
    endloop
  endfacet
  facet normal 0 1 -0
    outer loop
      vertex 38.1765 4 4.6
      vertex 37.846 4 5
      vertex 38.1765 4 5
    endloop
  endfacet
  facet normal 0 1 0
    outer loop
      vertex 37.846 4 5
      vertex 38.1765 4 4.6
      vertex 37.846 4 4.6
    endloop
  endfacet
  facet normal -1 0 0
    outer loop
      vertex 38.1765 4 4.6
      vertex 38.1765 4.37126 5
      vertex 38.1765 4.37126 4.6
    endloop
  endfacet
  facet normal -1 -0 0
    outer loop
      vertex 38.1765 4.37126 5
      vertex 38.1765 4 4.6
      vertex 38.1765 4 5
    endloop
  endfacet
  facet normal 0.831521 0.555494 0
    outer loop
      vertex 44.732 19 5
      vertex 44.5867 19.2175 0
      vertex 44.5867 19.2175 5
    endloop
  endfacet
  facet normal 0.831521 0.555494 0
    outer loop
      vertex 44.5867 19.2175 0
      vertex 44.732 19 5
      vertex 44.732 19 0
    endloop
  endfacet
  facet normal -0.980783 -0.195104 0
    outer loop
      vertex 0.0681458 1.48236 0
      vertex 0.0171051 1.73894 5
      vertex 0.0171051 1.73894 0
    endloop
  endfacet
  facet normal -0.980783 -0.195104 0
    outer loop
      vertex 0.0171051 1.73894 5
      vertex 0.0681458 1.48236 0
      vertex 0.0681458 1.48236 5
    endloop
  endfacet
  facet normal -0.99786 -0.0653815 0
    outer loop
      vertex 0.0171051 1.73894 0
      vertex 0 2 5
      vertex 0 2 0
    endloop
  endfacet
  facet normal -0.99786 -0.0653815 0
    outer loop
      vertex 0 2 5
      vertex 0.0171051 1.73894 0
      vertex 0.0171051 1.73894 5
    endloop
  endfacet
  facet normal -0.555443 0.831555 0
    outer loop
      vertex 1 19.732 0
      vertex 0.782471 19.5867 5
      vertex 1 19.732 5
    endloop
  endfacet
  facet normal -0.555443 0.831555 0
    outer loop
      vertex 0.782471 19.5867 5
      vertex 1 19.732 0
      vertex 0.782471 19.5867 0
    endloop
  endfacet
  facet normal -0.751817 -0.659372 0
    outer loop
      vertex 0.585785 0.585785 0
      vertex 0.413284 0.782471 5
      vertex 0.413284 0.782471 0
    endloop
  endfacet
  facet normal -0.751817 -0.659372 0
    outer loop
      vertex 0.413284 0.782471 5
      vertex 0.585785 0.585785 0
      vertex 0.585785 0.585785 5
    endloop
  endfacet
  facet normal 0 0 -1
    outer loop
      vertex 43 0 0
      vertex 45 2 0
      vertex 44.9829 1.73894 0
    endloop
  endfacet
  facet normal -0 0 -1
    outer loop
      vertex 45 2 0
      vertex 43 0 0
      vertex 45 18 0
    endloop
  endfacet
  facet normal 0 0 -1
    outer loop
      vertex 43 0 0
      vertex 44.9829 1.73894 0
      vertex 44.9318 1.48236 0
    endloop
  endfacet
  facet normal 0 0 -1
    outer loop
      vertex 43 20 0
      vertex 45 18 0
      vertex 43 0 0
    endloop
  endfacet
  facet normal 0 0 -1
    outer loop
      vertex 43 0 0
      vertex 44.9318 1.48236 0
      vertex 44.8477 1.23462 0
    endloop
  endfacet
  facet normal 0 0 -1
    outer loop
      vertex 45 18 0
      vertex 43 20 0
      vertex 44.9829 18.261 0
    endloop
  endfacet
  facet normal 0 0 -1
    outer loop
      vertex 43 0 0
      vertex 44.8477 1.23462 0
      vertex 44.732 1 0
    endloop
  endfacet
  facet normal 0 0 -1
    outer loop
      vertex 44.9829 18.261 0
      vertex 43 20 0
      vertex 44.9318 18.5176 0
    endloop
  endfacet
  facet normal 0 0 -1
    outer loop
      vertex 43 0 0
      vertex 44.732 1 0
      vertex 44.5867 0.782471 0
    endloop
  endfacet
  facet normal 0 0 -1
    outer loop
      vertex 44.9318 18.5176 0
      vertex 43 20 0
      vertex 44.8477 18.7654 0
    endloop
  endfacet
  facet normal 0 0 -1
    outer loop
      vertex 43 0 0
      vertex 44.5867 0.782471 0
      vertex 44.4142 0.585785 0
    endloop
  endfacet
  facet normal 0 0 -1
    outer loop
      vertex 44.8477 18.7654 0
      vertex 43 20 0
      vertex 44.732 19 0
    endloop
  endfacet
  facet normal 0 0 -1
    outer loop
      vertex 43 0 0
      vertex 44.4142 0.585785 0
      vertex 44.2175 0.413284 0
    endloop
  endfacet
  facet normal 0 0 -1
    outer loop
      vertex 44.732 19 0
      vertex 43 20 0
      vertex 44.5867 19.2175 0
    endloop
  endfacet
  facet normal 0 0 -1
    outer loop
      vertex 43 0 0
      vertex 44.2175 0.413284 0
      vertex 44 0.267944 0
    endloop
  endfacet
  facet normal 0 0 -1
    outer loop
      vertex 44.5867 19.2175 0
      vertex 43 20 0
      vertex 44.4142 19.4142 0
    endloop
  endfacet
  facet normal 0 0 -1
    outer loop
      vertex 43 0 0
      vertex 44 0.267944 0
      vertex 43.7654 0.152237 0
    endloop
  endfacet
  facet normal 0 0 -1
    outer loop
      vertex 44.4142 19.4142 0
      vertex 43 20 0
      vertex 44.2175 19.5867 0
    endloop
  endfacet
  facet normal 0 0 -1
    outer loop
      vertex 43 0 0
      vertex 43.7654 0.152237 0
      vertex 43.5176 0.0681458 0
    endloop
  endfacet
  facet normal 0 0 -1
    outer loop
      vertex 44.2175 19.5867 0
      vertex 43 20 0
      vertex 44 19.732 0
    endloop
  endfacet
  facet normal 0 0 -1
    outer loop
      vertex 43 0 0
      vertex 43.5176 0.0681458 0
      vertex 43.261 0.0171051 0
    endloop
  endfacet
  facet normal 0 0 -1
    outer loop
      vertex 44 19.732 0
      vertex 43 20 0
      vertex 43.7654 19.8477 0
    endloop
  endfacet
  facet normal 0 0 -1
    outer loop
      vertex 43.7654 19.8477 0
      vertex 43 20 0
      vertex 43.5176 19.9318 0
    endloop
  endfacet
  facet normal 0 0 -1
    outer loop
      vertex 43.5176 19.9318 0
      vertex 43 20 0
      vertex 43.261 19.9829 0
    endloop
  endfacet
  facet normal 0 0 -1
    outer loop
      vertex 43 0 0
      vertex 10.7 10 0
      vertex 43 20 0
    endloop
  endfacet
  facet normal 0 0 -1
    outer loop
      vertex 43 0 0
      vertex 10.6855 9.7781 0
      vertex 10.7 10 0
    endloop
  endfacet
  facet normal 0 0 -1
    outer loop
      vertex 43 0 0
      vertex 10.6421 9.56001 0
      vertex 10.6855 9.7781 0
    endloop
  endfacet
  facet normal 0 0 -1
    outer loop
      vertex 43 0 0
      vertex 10.5706 9.34944 0
      vertex 10.6421 9.56001 0
    endloop
  endfacet
  facet normal 0 0 -1
    outer loop
      vertex 43 0 0
      vertex 10.4722 9.15 0
      vertex 10.5706 9.34944 0
    endloop
  endfacet
  facet normal 0 0 -1
    outer loop
      vertex 43 0 0
      vertex 10.3487 8.96511 0
      vertex 10.4722 9.15 0
    endloop
  endfacet
  facet normal 0 0 -1
    outer loop
      vertex 43 0 0
      vertex 10.2021 8.79792 0
      vertex 10.3487 8.96511 0
    endloop
  endfacet
  facet normal 0 0 -1
    outer loop
      vertex 43 0 0
      vertex 10.0349 8.6513 0
      vertex 10.2021 8.79792 0
    endloop
  endfacet
  facet normal 0 0 -1
    outer loop
      vertex 43 0 0
      vertex 9.85 8.52776 0
      vertex 10.0349 8.6513 0
    endloop
  endfacet
  facet normal 0 0 -1
    outer loop
      vertex 2 0 0
      vertex 9.85 8.52776 0
      vertex 43 0 0
    endloop
  endfacet
  facet normal 0 0 -1
    outer loop
      vertex 9.85 8.52776 0
      vertex 2 0 0
      vertex 9.65056 8.4294 0
    endloop
  endfacet
  facet normal 0 0 -1
    outer loop
      vertex 9.65056 8.4294 0
      vertex 2 0 0
      vertex 9.43999 8.35793 0
    endloop
  endfacet
  facet normal 0 0 -1
    outer loop
      vertex 9.43999 8.35793 0
      vertex 2 0 0
      vertex 9.22189 8.31454 0
    endloop
  endfacet
  facet normal 0 0 -1
    outer loop
      vertex 9.22189 8.31454 0
      vertex 2 0 0
      vertex 9 8.3 0
    endloop
  endfacet
  facet normal -0 0 -1
    outer loop
      vertex 9 8.3 0
      vertex 2 0 0
      vertex 8.7781 8.31454 0
    endloop
  endfacet
  facet normal -0 0 -1
    outer loop
      vertex 7.35793 9.56001 0
      vertex 0 2 0
      vertex 7.31454 9.7781 0
    endloop
  endfacet
  facet normal -0 0 -1
    outer loop
      vertex 7.4294 9.34944 0
      vertex 0 2 0
      vertex 7.35793 9.56001 0
    endloop
  endfacet
  facet normal -0 0 -1
    outer loop
      vertex 7.52776 9.15 0
      vertex 0 2 0
      vertex 7.4294 9.34944 0
    endloop
  endfacet
  facet normal -0 0 -1
    outer loop
      vertex 7.6513 8.96511 0
      vertex 0 2 0
      vertex 7.52776 9.15 0
    endloop
  endfacet
  facet normal -0 0 -1
    outer loop
      vertex 7.79792 8.79792 0
      vertex 0 2 0
      vertex 7.6513 8.96511 0
    endloop
  endfacet
  facet normal -0 0 -1
    outer loop
      vertex 7.96511 8.6513 0
      vertex 0 2 0
      vertex 7.79792 8.79792 0
    endloop
  endfacet
  facet normal 0 0 -1
    outer loop
      vertex 0 2 0
      vertex 7.96511 8.6513 0
      vertex 2 0 0
    endloop
  endfacet
  facet normal -0 0 -1
    outer loop
      vertex 8.15 8.52776 0
      vertex 2 0 0
      vertex 7.96511 8.6513 0
    endloop
  endfacet
  facet normal -0 0 -1
    outer loop
      vertex 8.34944 8.4294 0
      vertex 2 0 0
      vertex 8.15 8.52776 0
    endloop
  endfacet
  facet normal -0 0 -1
    outer loop
      vertex 8.56001 8.35793 0
      vertex 2 0 0
      vertex 8.34944 8.4294 0
    endloop
  endfacet
  facet normal -0 0 -1
    outer loop
      vertex 8.7781 8.31454 0
      vertex 2 0 0
      vertex 8.56001 8.35793 0
    endloop
  endfacet
  facet normal 0 0 -1
    outer loop
      vertex 10.6855 10.2219 0
      vertex 43 20 0
      vertex 10.7 10 0
    endloop
  endfacet
  facet normal 0 0 -1
    outer loop
      vertex 10.6421 10.44 0
      vertex 43 20 0
      vertex 10.6855 10.2219 0
    endloop
  endfacet
  facet normal 0 0 -1
    outer loop
      vertex 10.5706 10.6506 0
      vertex 43 20 0
      vertex 10.6421 10.44 0
    endloop
  endfacet
  facet normal 0 0 -1
    outer loop
      vertex 10.4722 10.85 0
      vertex 43 20 0
      vertex 10.5706 10.6506 0
    endloop
  endfacet
  facet normal 0 0 -1
    outer loop
      vertex 10.3487 11.0349 0
      vertex 43 20 0
      vertex 10.4722 10.85 0
    endloop
  endfacet
  facet normal 0 0 -1
    outer loop
      vertex 10.2021 11.2021 0
      vertex 43 20 0
      vertex 10.3487 11.0349 0
    endloop
  endfacet
  facet normal 0 0 -1
    outer loop
      vertex 10.0349 11.3487 0
      vertex 43 20 0
      vertex 10.2021 11.2021 0
    endloop
  endfacet
  facet normal 0 0 -1
    outer loop
      vertex 9.85 11.4722 0
      vertex 43 20 0
      vertex 10.0349 11.3487 0
    endloop
  endfacet
  facet normal 0 0 -1
    outer loop
      vertex 2 20 0
      vertex 9.85 11.4722 0
      vertex 9.65056 11.5706 0
    endloop
  endfacet
  facet normal 0 0 -1
    outer loop
      vertex 2 20 0
      vertex 9.65056 11.5706 0
      vertex 9.43999 11.6421 0
    endloop
  endfacet
  facet normal 0 0 -1
    outer loop
      vertex 2 20 0
      vertex 9.43999 11.6421 0
      vertex 9.22189 11.6855 0
    endloop
  endfacet
  facet normal 0 0 -1
    outer loop
      vertex 2 20 0
      vertex 9.22189 11.6855 0
      vertex 9 11.7 0
    endloop
  endfacet
  facet normal 0 0 -1
    outer loop
      vertex 2 20 0
      vertex 9 11.7 0
      vertex 8.7781 11.6855 0
    endloop
  endfacet
  facet normal 0 0 -1
    outer loop
      vertex 2 20 0
      vertex 8.7781 11.6855 0
      vertex 8.56001 11.6421 0
    endloop
  endfacet
  facet normal -0 0 -1
    outer loop
      vertex 7.31454 9.7781 0
      vertex 0 2 0
      vertex 7.3 10 0
    endloop
  endfacet
  facet normal 0 0 -1
    outer loop
      vertex 0 18 0
      vertex 7.3 10 0
      vertex 0 2 0
    endloop
  endfacet
  facet normal 0 0 -1
    outer loop
      vertex 7.3 10 0
      vertex 0 18 0
      vertex 7.31454 10.2219 0
    endloop
  endfacet
  facet normal 0 0 -1
    outer loop
      vertex 7.31454 10.2219 0
      vertex 0 18 0
      vertex 7.35793 10.44 0
    endloop
  endfacet
  facet normal 0 0 -1
    outer loop
      vertex 9.85 11.4722 0
      vertex 2 20 0
      vertex 43 20 0
    endloop
  endfacet
  facet normal 0 0 -1
    outer loop
      vertex 8.34944 11.5706 0
      vertex 2 20 0
      vertex 8.56001 11.6421 0
    endloop
  endfacet
  facet normal 0 0 -1
    outer loop
      vertex 8.15 11.4722 0
      vertex 2 20 0
      vertex 8.34944 11.5706 0
    endloop
  endfacet
  facet normal 0 0 -1
    outer loop
      vertex 7.96511 11.3487 0
      vertex 2 20 0
      vertex 8.15 11.4722 0
    endloop
  endfacet
  facet normal 0 0 -1
    outer loop
      vertex 0 18 0
      vertex 7.96511 11.3487 0
      vertex 7.79792 11.2021 0
    endloop
  endfacet
  facet normal 0 0 -1
    outer loop
      vertex 0 18 0
      vertex 7.79792 11.2021 0
      vertex 7.6513 11.0349 0
    endloop
  endfacet
  facet normal 0 0 -1
    outer loop
      vertex 0 18 0
      vertex 7.6513 11.0349 0
      vertex 7.52776 10.85 0
    endloop
  endfacet
  facet normal 0 0 -1
    outer loop
      vertex 7.35793 10.44 0
      vertex 0 18 0
      vertex 7.4294 10.6506 0
    endloop
  endfacet
  facet normal 0 0 -1
    outer loop
      vertex 0 2 0
      vertex 2 0 0
      vertex 1.73894 0.0171051 0
    endloop
  endfacet
  facet normal 0 0 -1
    outer loop
      vertex 7.4294 10.6506 0
      vertex 0 18 0
      vertex 7.52776 10.85 0
    endloop
  endfacet
  facet normal 0 0 -1
    outer loop
      vertex 0 2 0
      vertex 1.73894 0.0171051 0
      vertex 1.48236 0.0681458 0
    endloop
  endfacet
  facet normal 0 0 -1
    outer loop
      vertex 7.96511 11.3487 0
      vertex 0 18 0
      vertex 2 20 0
    endloop
  endfacet
  facet normal 0 0 -1
    outer loop
      vertex 0 2 0
      vertex 1.48236 0.0681458 0
      vertex 1.23462 0.152237 0
    endloop
  endfacet
  facet normal 0 0 -1
    outer loop
      vertex 2 20 0
      vertex 0 18 0
      vertex 1.73894 19.9829 0
    endloop
  endfacet
  facet normal 0 0 -1
    outer loop
      vertex 0 2 0
      vertex 1.23462 0.152237 0
      vertex 1 0.267944 0
    endloop
  endfacet
  facet normal 0 0 -1
    outer loop
      vertex 1.73894 19.9829 0
      vertex 0 18 0
      vertex 1.48236 19.9318 0
    endloop
  endfacet
  facet normal 0 0 -1
    outer loop
      vertex 0 2 0
      vertex 1 0.267944 0
      vertex 0.782471 0.413284 0
    endloop
  endfacet
  facet normal 0 0 -1
    outer loop
      vertex 1.48236 19.9318 0
      vertex 0 18 0
      vertex 1.23462 19.8477 0
    endloop
  endfacet
  facet normal 0 0 -1
    outer loop
      vertex 0 2 0
      vertex 0.782471 0.413284 0
      vertex 0.585785 0.585785 0
    endloop
  endfacet
  facet normal 0 0 -1
    outer loop
      vertex 1.23462 19.8477 0
      vertex 0 18 0
      vertex 1 19.732 0
    endloop
  endfacet
  facet normal 0 0 -1
    outer loop
      vertex 0 2 0
      vertex 0.585785 0.585785 0
      vertex 0.413284 0.782471 0
    endloop
  endfacet
  facet normal 0 0 -1
    outer loop
      vertex 1 19.732 0
      vertex 0 18 0
      vertex 0.782471 19.5867 0
    endloop
  endfacet
  facet normal 0 0 -1
    outer loop
      vertex 0 2 0
      vertex 0.413284 0.782471 0
      vertex 0.267944 1 0
    endloop
  endfacet
  facet normal 0 0 -1
    outer loop
      vertex 0.782471 19.5867 0
      vertex 0 18 0
      vertex 0.585785 19.4142 0
    endloop
  endfacet
  facet normal 0 0 -1
    outer loop
      vertex 0 2 0
      vertex 0.267944 1 0
      vertex 0.152237 1.23462 0
    endloop
  endfacet
  facet normal 0 0 -1
    outer loop
      vertex 0.585785 19.4142 0
      vertex 0 18 0
      vertex 0.413284 19.2175 0
    endloop
  endfacet
  facet normal 0 0 -1
    outer loop
      vertex 0 2 0
      vertex 0.152237 1.23462 0
      vertex 0.0681458 1.48236 0
    endloop
  endfacet
  facet normal 0 0 -1
    outer loop
      vertex 0.413284 19.2175 0
      vertex 0 18 0
      vertex 0.267944 19 0
    endloop
  endfacet
  facet normal 0 0 -1
    outer loop
      vertex 0 2 0
      vertex 0.0681458 1.48236 0
      vertex 0.0171051 1.73894 0
    endloop
  endfacet
  facet normal 0 0 -1
    outer loop
      vertex 0.267944 19 0
      vertex 0 18 0
      vertex 0.152237 18.7654 0
    endloop
  endfacet
  facet normal 0 0 -1
    outer loop
      vertex 0.152237 18.7654 0
      vertex 0 18 0
      vertex 0.0681458 18.5176 0
    endloop
  endfacet
  facet normal 0 0 -1
    outer loop
      vertex 0.0681458 18.5176 0
      vertex 0 18 0
      vertex 0.0171051 18.261 0
    endloop
  endfacet
  facet normal 0.0653771 0.997861 -0
    outer loop
      vertex 43.261 19.9829 0
      vertex 43 20 5
      vertex 43.261 19.9829 5
    endloop
  endfacet
  facet normal 0.0653771 0.997861 0
    outer loop
      vertex 43 20 5
      vertex 43.261 19.9829 0
      vertex 43 20 0
    endloop
  endfacet
  facet normal 0.997861 0.0653771 0
    outer loop
      vertex 45 18 5
      vertex 44.9829 18.261 0
      vertex 44.9829 18.261 5
    endloop
  endfacet
  facet normal 0.997861 0.0653771 0
    outer loop
      vertex 44.9829 18.261 0
      vertex 45 18 5
      vertex 45 18 0
    endloop
  endfacet
  facet normal 0 -1 0
    outer loop
      vertex 2 0 0
      vertex 43 0 5
      vertex 2 0 5
    endloop
  endfacet
  facet normal 0 -1 -0
    outer loop
      vertex 43 0 5
      vertex 2 0 0
      vertex 43 0 0
    endloop
  endfacet
  facet normal -0.195104 -0.980783 0
    outer loop
      vertex 1.48236 0.0681458 0
      vertex 1.73894 0.0171051 5
      vertex 1.48236 0.0681458 5
    endloop
  endfacet
  facet normal -0.195104 -0.980783 -0
    outer loop
      vertex 1.73894 0.0171051 5
      vertex 1.48236 0.0681458 0
      vertex 1.73894 0.0171051 0
    endloop
  endfacet
  facet normal 0 1 -0
    outer loop
      vertex 43 20 0
      vertex 2 20 5
      vertex 43 20 5
    endloop
  endfacet
  facet normal 0 1 0
    outer loop
      vertex 2 20 5
      vertex 43 20 0
      vertex 2 20 0
    endloop
  endfacet
  facet normal 0.321382 0.94695 -0
    outer loop
      vertex 43.7654 19.8477 0
      vertex 43.5176 19.9318 5
      vertex 43.7654 19.8477 5
    endloop
  endfacet
  facet normal 0.321382 0.94695 0
    outer loop
      vertex 43.5176 19.9318 5
      vertex 43.7654 19.8477 0
      vertex 43.5176 19.9318 0
    endloop
  endfacet
  facet normal -0.997859 0.0653965 0
    outer loop
      vertex 0 18 0
      vertex 0.0171051 18.261 5
      vertex 0.0171051 18.261 0
    endloop
  endfacet
  facet normal -0.997859 0.0653965 0
    outer loop
      vertex 0.0171051 18.261 5
      vertex 0 18 0
      vertex 0 18 5
    endloop
  endfacet
  facet normal -1 0 0
    outer loop
      vertex 0 2 0
      vertex 0 18 5
      vertex 0 18 0
    endloop
  endfacet
  facet normal -1 -0 0
    outer loop
      vertex 0 18 5
      vertex 0 2 0
      vertex 0 2 5
    endloop
  endfacet
  facet normal 0.659343 0.751842 -0
    outer loop
      vertex 44.4142 19.4142 0
      vertex 44.2175 19.5867 5
      vertex 44.4142 19.4142 5
    endloop
  endfacet
  facet normal 0.659343 0.751842 0
    outer loop
      vertex 44.2175 19.5867 5
      vertex 44.4142 19.4142 0
      vertex 44.2175 19.5867 0
    endloop
  endfacet
  facet normal -0.980785 0.19509 0
    outer loop
      vertex 0.0171051 18.261 0
      vertex 0.0681458 18.5176 5
      vertex 0.0681458 18.5176 0
    endloop
  endfacet
  facet normal -0.980785 0.19509 0
    outer loop
      vertex 0.0681458 18.5176 5
      vertex 0.0171051 18.261 0
      vertex 0.0171051 18.261 5
    endloop
  endfacet
  facet normal 0.19509 -0.980785 0
    outer loop
      vertex 43.261 0.0171051 0
      vertex 43.5176 0.0681458 5
      vertex 43.261 0.0171051 5
    endloop
  endfacet
  facet normal 0.19509 -0.980785 0
    outer loop
      vertex 43.5176 0.0681458 5
      vertex 43.261 0.0171051 0
      vertex 43.5176 0.0681458 0
    endloop
  endfacet
  facet normal 0.997862 -0.0653621 0
    outer loop
      vertex 44.9829 1.73894 5
      vertex 45 2 0
      vertex 45 2 5
    endloop
  endfacet
  facet normal 0.997862 -0.0653621 0
    outer loop
      vertex 45 2 0
      vertex 44.9829 1.73894 5
      vertex 44.9829 1.73894 0
    endloop
  endfacet
  facet normal 0.751819 -0.65937 0
    outer loop
      vertex 44.4142 0.585785 5
      vertex 44.5867 0.782471 0
      vertex 44.5867 0.782471 5
    endloop
  endfacet
  facet normal 0.751819 -0.65937 0
    outer loop
      vertex 44.5867 0.782471 0
      vertex 44.4142 0.585785 5
      vertex 44.4142 0.585785 0
    endloop
  endfacet
  facet normal -0.195322 0.980739 0
    outer loop
      vertex 1.73894 19.9829 0
      vertex 1.48236 19.9318 5
      vertex 1.73894 19.9829 5
    endloop
  endfacet
  facet normal -0.195322 0.980739 0
    outer loop
      vertex 1.48236 19.9318 5
      vertex 1.73894 19.9829 0
      vertex 1.48236 19.9318 0
    endloop
  endfacet
  facet normal 0.442335 -0.89685 0
    outer loop
      vertex 43.7654 0.152237 0
      vertex 44 0.267944 5
      vertex 43.7654 0.152237 5
    endloop
  endfacet
  facet normal 0.442335 -0.89685 0
    outer loop
      vertex 44 0.267944 5
      vertex 43.7654 0.152237 0
      vertex 44 0.267944 0
    endloop
  endfacet
  facet normal 0.89686 0.442314 0
    outer loop
      vertex 44.8477 18.7654 5
      vertex 44.732 19 0
      vertex 44.732 19 5
    endloop
  endfacet
  facet normal 0.89686 0.442314 0
    outer loop
      vertex 44.732 19 0
      vertex 44.8477 18.7654 5
      vertex 44.8477 18.7654 0
    endloop
  endfacet
  facet normal 0.5556 -0.83145 0
    outer loop
      vertex 44 0.267944 0
      vertex 44.2175 0.413284 5
      vertex 44 0.267944 5
    endloop
  endfacet
  facet normal 0.5556 -0.83145 0
    outer loop
      vertex 44.2175 0.413284 5
      vertex 44 0.267944 0
      vertex 44.2175 0.413284 0
    endloop
  endfacet
  facet normal 0.831555 -0.555443 0
    outer loop
      vertex 44.5867 0.782471 5
      vertex 44.732 1 0
      vertex 44.732 1 5
    endloop
  endfacet
  facet normal 0.831555 -0.555443 0
    outer loop
      vertex 44.732 1 0
      vertex 44.5867 0.782471 5
      vertex 44.5867 0.782471 0
    endloop
  endfacet
  facet normal -0.75184 0.659345 0
    outer loop
      vertex 0.413284 19.2175 0
      vertex 0.585785 19.4142 5
      vertex 0.585785 19.4142 0
    endloop
  endfacet
  facet normal -0.75184 0.659345 0
    outer loop
      vertex 0.585785 19.4142 5
      vertex 0.413284 19.2175 0
      vertex 0.413284 19.2175 5
    endloop
  endfacet
  facet normal -0.83145 0.5556 0
    outer loop
      vertex 0.267944 19 0
      vertex 0.413284 19.2175 5
      vertex 0.413284 19.2175 0
    endloop
  endfacet
  facet normal -0.83145 0.5556 0
    outer loop
      vertex 0.413284 19.2175 5
      vertex 0.267944 19 0
      vertex 0.267944 19 5
    endloop
  endfacet
  facet normal 0.0653965 -0.997859 0
    outer loop
      vertex 43 0 0
      vertex 43.261 0.0171051 5
      vertex 43 0 5
    endloop
  endfacet
  facet normal 0.0653965 -0.997859 0
    outer loop
      vertex 43.261 0.0171051 5
      vertex 43 0 0
      vertex 43.261 0.0171051 0
    endloop
  endfacet
  facet normal 0.555494 0.831521 -0
    outer loop
      vertex 44.2175 19.5867 0
      vertex 44 19.732 5
      vertex 44.2175 19.5867 5
    endloop
  endfacet
  facet normal 0.555494 0.831521 0
    outer loop
      vertex 44 19.732 5
      vertex 44.2175 19.5867 0
      vertex 44 19.732 0
    endloop
  endfacet
  facet normal -0.442283 0.896875 0
    outer loop
      vertex 1.23462 19.8477 0
      vertex 1 19.732 5
      vertex 1.23462 19.8477 5
    endloop
  endfacet
  facet normal -0.442283 0.896875 0
    outer loop
      vertex 1 19.732 5
      vertex 1.23462 19.8477 0
      vertex 1 19.732 0
    endloop
  endfacet
  facet normal 0.321352 -0.94696 0
    outer loop
      vertex 43.5176 0.0681458 0
      vertex 43.7654 0.152237 5
      vertex 43.5176 0.0681458 5
    endloop
  endfacet
  facet normal 0.321352 -0.94696 0
    outer loop
      vertex 43.7654 0.152237 5
      vertex 43.5176 0.0681458 0
      vertex 43.7654 0.152237 0
    endloop
  endfacet
  facet normal 0.94695 0.321382 0
    outer loop
      vertex 44.9318 18.5176 5
      vertex 44.8477 18.7654 0
      vertex 44.8477 18.7654 5
    endloop
  endfacet
  facet normal 0.94695 0.321382 0
    outer loop
      vertex 44.8477 18.7654 0
      vertex 44.9318 18.5176 5
      vertex 44.9318 18.5176 0
    endloop
  endfacet
  facet normal -0.94696 0.321352 0
    outer loop
      vertex 0.0681458 18.5176 0
      vertex 0.152237 18.7654 5
      vertex 0.152237 18.7654 0
    endloop
  endfacet
  facet normal -0.94696 0.321352 0
    outer loop
      vertex 0.152237 18.7654 5
      vertex 0.0681458 18.5176 0
      vertex 0.0681458 18.5176 5
    endloop
  endfacet
  facet normal -0.896865 -0.442305 0
    outer loop
      vertex 0.267944 1 0
      vertex 0.152237 1.23462 5
      vertex 0.152237 1.23462 0
    endloop
  endfacet
  facet normal -0.896865 -0.442305 0
    outer loop
      vertex 0.152237 1.23462 5
      vertex 0.267944 1 0
      vertex 0.267944 1 5
    endloop
  endfacet
  facet normal -0.321452 0.946926 0
    outer loop
      vertex 1.48236 19.9318 0
      vertex 1.23462 19.8477 5
      vertex 1.48236 19.9318 5
    endloop
  endfacet
  facet normal -0.321452 0.946926 0
    outer loop
      vertex 1.23462 19.8477 5
      vertex 1.48236 19.9318 0
      vertex 1.23462 19.8477 0
    endloop
  endfacet
  facet normal 0.442314 0.89686 -0
    outer loop
      vertex 44 19.732 0
      vertex 43.7654 19.8477 5
      vertex 44 19.732 5
    endloop
  endfacet
  facet normal 0.442314 0.89686 0
    outer loop
      vertex 43.7654 19.8477 5
      vertex 44 19.732 0
      vertex 43.7654 19.8477 0
    endloop
  endfacet
  facet normal -0.65937 0.751819 0
    outer loop
      vertex 0.782471 19.5867 0
      vertex 0.585785 19.4142 5
      vertex 0.782471 19.5867 5
    endloop
  endfacet
  facet normal -0.65937 0.751819 0
    outer loop
      vertex 0.585785 19.4142 5
      vertex 0.782471 19.5867 0
      vertex 0.585785 19.4142 0
    endloop
  endfacet
  facet normal 0.980742 0.195308 0
    outer loop
      vertex 44.9829 18.261 5
      vertex 44.9318 18.5176 0
      vertex 44.9318 18.5176 5
    endloop
  endfacet
  facet normal 0.980742 0.195308 0
    outer loop
      vertex 44.9318 18.5176 0
      vertex 44.9829 18.261 5
      vertex 44.9829 18.261 0
    endloop
  endfacet
  facet normal -0.946936 -0.321422 0
    outer loop
      vertex 0.152237 1.23462 0
      vertex 0.0681458 1.48236 5
      vertex 0.0681458 1.48236 0
    endloop
  endfacet
  facet normal -0.946936 -0.321422 0
    outer loop
      vertex 0.0681458 1.48236 5
      vertex 0.152237 1.23462 0
      vertex 0.152237 1.23462 5
    endloop
  endfacet
  facet normal 1 -0 0
    outer loop
      vertex 45 2 5
      vertex 45 18 0
      vertex 45 18 5
    endloop
  endfacet
  facet normal 1 0 0
    outer loop
      vertex 45 18 0
      vertex 45 2 5
      vertex 45 2 0
    endloop
  endfacet
  facet normal -0.0653621 0.997862 0
    outer loop
      vertex 2 20 0
      vertex 1.73894 19.9829 5
      vertex 2 20 5
    endloop
  endfacet
  facet normal -0.0653621 0.997862 0
    outer loop
      vertex 1.73894 19.9829 5
      vertex 2 20 0
      vertex 1.73894 19.9829 0
    endloop
  endfacet
  facet normal -0.555548 -0.831484 0
    outer loop
      vertex 0.782471 0.413284 0
      vertex 1 0.267944 5
      vertex 0.782471 0.413284 5
    endloop
  endfacet
  facet normal -0.555548 -0.831484 -0
    outer loop
      vertex 1 0.267944 5
      vertex 0.782471 0.413284 0
      vertex 1 0.267944 0
    endloop
  endfacet
  facet normal -0.89685 0.442335 0
    outer loop
      vertex 0.152237 18.7654 0
      vertex 0.267944 19 5
      vertex 0.267944 19 0
    endloop
  endfacet
  facet normal -0.89685 0.442335 0
    outer loop
      vertex 0.267944 19 5
      vertex 0.152237 18.7654 0
      vertex 0.152237 18.7654 5
    endloop
  endfacet
  facet normal -0.321422 -0.946936 0
    outer loop
      vertex 1.23462 0.152237 0
      vertex 1.48236 0.0681458 5
      vertex 1.23462 0.152237 5
    endloop
  endfacet
  facet normal -0.321422 -0.946936 -0
    outer loop
      vertex 1.48236 0.0681458 5
      vertex 1.23462 0.152237 0
      vertex 1.48236 0.0681458 0
    endloop
  endfacet
  facet normal 0.980739 -0.195322 0
    outer loop
      vertex 44.9318 1.48236 5
      vertex 44.9829 1.73894 0
      vertex 44.9829 1.73894 5
    endloop
  endfacet
  facet normal 0.980739 -0.195322 0
    outer loop
      vertex 44.9829 1.73894 0
      vertex 44.9318 1.48236 5
      vertex 44.9318 1.48236 0
    endloop
  endfacet
  facet normal 0.659345 -0.75184 0
    outer loop
      vertex 44.2175 0.413284 0
      vertex 44.4142 0.585785 5
      vertex 44.2175 0.413284 5
    endloop
  endfacet
  facet normal 0.659345 -0.75184 0
    outer loop
      vertex 44.4142 0.585785 5
      vertex 44.2175 0.413284 0
      vertex 44.4142 0.585785 0
    endloop
  endfacet
  facet normal 0.195308 0.980742 -0
    outer loop
      vertex 43.5176 19.9318 0
      vertex 43.261 19.9829 5
      vertex 43.5176 19.9318 5
    endloop
  endfacet
  facet normal 0.195308 0.980742 0
    outer loop
      vertex 43.261 19.9829 5
      vertex 43.5176 19.9318 0
      vertex 43.261 19.9829 0
    endloop
  endfacet
  facet normal 0.751842 0.659343 0
    outer loop
      vertex 44.5867 19.2175 5
      vertex 44.4142 19.4142 0
      vertex 44.4142 19.4142 5
    endloop
  endfacet
  facet normal 0.751842 0.659343 0
    outer loop
      vertex 44.4142 19.4142 0
      vertex 44.5867 19.2175 5
      vertex 44.5867 19.2175 0
    endloop
  endfacet
  facet normal -0.0653815 -0.99786 0
    outer loop
      vertex 1.73894 0.0171051 0
      vertex 2 0 5
      vertex 1.73894 0.0171051 5
    endloop
  endfacet
  facet normal -0.0653815 -0.99786 -0
    outer loop
      vertex 2 0 5
      vertex 1.73894 0.0171051 0
      vertex 2 0 0
    endloop
  endfacet
  facet normal -0.831484 -0.555548 0
    outer loop
      vertex 0.413284 0.782471 0
      vertex 0.267944 1 5
      vertex 0.267944 1 0
    endloop
  endfacet
  facet normal -0.831484 -0.555548 0
    outer loop
      vertex 0.267944 1 5
      vertex 0.413284 0.782471 0
      vertex 0.413284 0.782471 5
    endloop
  endfacet
  facet normal -0.659372 -0.751817 0
    outer loop
      vertex 0.585785 0.585785 0
      vertex 0.782471 0.413284 5
      vertex 0.585785 0.585785 5
    endloop
  endfacet
  facet normal -0.659372 -0.751817 -0
    outer loop
      vertex 0.782471 0.413284 5
      vertex 0.585785 0.585785 0
      vertex 0.782471 0.413284 0
    endloop
  endfacet
  facet normal 0.946926 -0.321452 0
    outer loop
      vertex 44.8477 1.23462 5
      vertex 44.9318 1.48236 0
      vertex 44.9318 1.48236 5
    endloop
  endfacet
  facet normal 0.946926 -0.321452 0
    outer loop
      vertex 44.9318 1.48236 0
      vertex 44.8477 1.23462 5
      vertex 44.8477 1.23462 0
    endloop
  endfacet
  facet normal 0 0 1
    outer loop
      vertex 20.5417 6.38869 5
      vertex 21.4343 9.43431 5
      vertex 21.3653 9.51299 5
    endloop
  endfacet
  facet normal 0 0 1
    outer loop
      vertex 20.5417 6.38869 5
      vertex 21.3653 9.51299 5
      vertex 21.3072 9.6 5
    endloop
  endfacet
  facet normal 0 0 1
    outer loop
      vertex 20.5417 6.38869 5
      vertex 21.3072 9.6 5
      vertex 21.2609 9.69385 5
    endloop
  endfacet
  facet normal 0 0 1
    outer loop
      vertex 19.9771 6.00047 5
      vertex 21.2609 9.69385 5
      vertex 21.2273 9.79294 5
    endloop
  endfacet
  facet normal 0 0 1
    outer loop
      vertex 19.9771 6.00047 5
      vertex 21.2273 9.79294 5
      vertex 21.2068 9.89558 5
    endloop
  endfacet
  facet normal -0 0 1
    outer loop
      vertex 12.3486 10 5
      vertex 21.2068 9.89558 5
      vertex 21.2 10 5
    endloop
  endfacet
  facet normal 0 0 1
    outer loop
      vertex 21.4343 9.43431 5
      vertex 20.8231 6.38869 5
      vertex 21.4046 4.25937 5
    endloop
  endfacet
  facet normal 0 0 1
    outer loop
      vertex 21.4046 4.25937 5
      vertex 20.8231 6.38869 5
      vertex 20.8231 4.25937 5
    endloop
  endfacet
  facet normal -0 0 1
    outer loop
      vertex 19.9771 5.71227 5
      vertex 20.5162 4.25937 5
      vertex 20.5162 6.09709 5
    endloop
  endfacet
  facet normal 0 0 1
    outer loop
      vertex 20.5162 4.25937 5
      vertex 19.9771 5.71227 5
      vertex 19.9076 4.25937 5
    endloop
  endfacet
  facet normal 0 0 1
    outer loop
      vertex 22.8694 6.092 5
      vertex 21.6939 9.2609 5
      vertex 22.8105 5.99118 5
    endloop
  endfacet
  facet normal 0 0 1
    outer loop
      vertex 21.6 9.30718 5
      vertex 22.8105 5.99118 5
      vertex 21.6939 9.2609 5
    endloop
  endfacet
  facet normal 0 0 1
    outer loop
      vertex 22.8105 5.99118 5
      vertex 21.6 9.30718 5
      vertex 22.7607 5.8786 5
    endloop
  endfacet
  facet normal 0 0 1
    outer loop
      vertex 22.6882 5.61815 5
      vertex 21.846 4.37126 5
      vertex 22.1765 4.37126 5
    endloop
  endfacet
  facet normal 0 0 1
    outer loop
      vertex 22.6882 5.61815 5
      vertex 21.4046 4.25937 5
      vertex 21.846 4.37126 5
    endloop
  endfacet
  facet normal 0 0 1
    outer loop
      vertex 21.4046 4.25937 5
      vertex 22.7607 5.8786 5
      vertex 21.6 9.30718 5
    endloop
  endfacet
  facet normal 0 0 1
    outer loop
      vertex 28.5417 6.38869 5
      vertex 29.4826 9.32565 5
      vertex 29.399 9.39896 5
    endloop
  endfacet
  facet normal 0 0 1
    outer loop
      vertex 28.5417 6.38869 5
      vertex 29.399 9.39896 5
      vertex 29.3256 9.48255 5
    endloop
  endfacet
  facet normal 0 0 1
    outer loop
      vertex 28.5417 6.38869 5
      vertex 29.3256 9.48255 5
      vertex 29.2639 9.575 5
    endloop
  endfacet
  facet normal 0 0 1
    outer loop
      vertex 28.5417 6.38869 5
      vertex 29.2639 9.575 5
      vertex 29.2147 9.67472 5
    endloop
  endfacet
  facet normal 0 0 1
    outer loop
      vertex 27.9771 6.00047 5
      vertex 29.2147 9.67472 5
      vertex 29.179 9.78 5
    endloop
  endfacet
  facet normal -0 0 1
    outer loop
      vertex 22.7727 9.79294 5
      vertex 29.179 9.78 5
      vertex 29.1573 9.88905 5
    endloop
  endfacet
  facet normal -0 0 1
    outer loop
      vertex 22.7932 9.89558 5
      vertex 29.1573 9.88905 5
      vertex 29.15 10 5
    endloop
  endfacet
  facet normal 0 0 1
    outer loop
      vertex 29.4826 9.32565 5
      vertex 28.8231 6.38869 5
      vertex 29.4046 4.25937 5
    endloop
  endfacet
  facet normal 0 0 1
    outer loop
      vertex 29.4046 4.25937 5
      vertex 28.8231 6.38869 5
      vertex 28.8231 4.25937 5
    endloop
  endfacet
  facet normal -0 0 1
    outer loop
      vertex 27.9771 5.71227 5
      vertex 28.5162 4.25937 5
      vertex 28.5162 6.09709 5
    endloop
  endfacet
  facet normal 0 0 1
    outer loop
      vertex 28.5162 4.25937 5
      vertex 27.9771 5.71227 5
      vertex 27.9076 4.25937 5
    endloop
  endfacet
  facet normal 0 0 1
    outer loop
      vertex 24.1833 5.93774 5
      vertex 24.1504 5.20778 5
      vertex 24.186 5.13416 5
    endloop
  endfacet
  facet normal 0 0 1
    outer loop
      vertex 24.1833 5.93774 5
      vertex 24.1068 5.27559 5
      vertex 24.1504 5.20778 5
    endloop
  endfacet
  facet normal 0 0 1
    outer loop
      vertex 24.1833 5.93774 5
      vertex 24.0553 5.33759 5
      vertex 24.1068 5.27559 5
    endloop
  endfacet
  facet normal 0 0 1
    outer loop
      vertex 24.1833 5.93774 5
      vertex 23.997 5.39247 5
      vertex 24.0553 5.33759 5
    endloop
  endfacet
  facet normal 0 0 1
    outer loop
      vertex 24.1833 5.93774 5
      vertex 23.9332 5.43889 5
      vertex 23.997 5.39247 5
    endloop
  endfacet
  facet normal -0 0 1
    outer loop
      vertex 23.8917 5.88519 5
      vertex 23.9332 5.43889 5
      vertex 24.1833 5.93774 5
    endloop
  endfacet
  facet normal 0 0 1
    outer loop
      vertex 23.8917 5.88519 5
      vertex 23.8638 5.47688 5
      vertex 23.9332 5.43889 5
    endloop
  endfacet
  facet normal 0 0 1
    outer loop
      vertex 23.6223 5.54019 5
      vertex 23.8917 5.88519 5
      vertex 23.8617 5.96255 5
    endloop
  endfacet
  facet normal 0 0 1
    outer loop
      vertex 23.5306 5.54442 5
      vertex 23.8617 5.96255 5
      vertex 23.8229 6.028 5
    endloop
  endfacet
  facet normal 0 0 1
    outer loop
      vertex 23.8917 5.88519 5
      vertex 23.7889 5.50642 5
      vertex 23.8638 5.47688 5
    endloop
  endfacet
  facet normal 0 0 1
    outer loop
      vertex 23.5306 5.54442 5
      vertex 23.8229 6.028 5
      vertex 23.7755 6.08156 5
    endloop
  endfacet
  facet normal 0 0 1
    outer loop
      vertex 23.5306 5.54442 5
      vertex 23.7755 6.08156 5
      vertex 23.7193 6.12321 5
    endloop
  endfacet
  facet normal 0 0 1
    outer loop
      vertex 23.8917 5.88519 5
      vertex 23.7084 5.52753 5
      vertex 23.7889 5.50642 5
    endloop
  endfacet
  facet normal 0 0 1
    outer loop
      vertex 23.5306 5.54442 5
      vertex 23.7193 6.12321 5
      vertex 23.6544 6.15297 5
    endloop
  endfacet
  facet normal 0 0 1
    outer loop
      vertex 23.8917 5.88519 5
      vertex 23.6223 5.54019 5
      vertex 23.7084 5.52753 5
    endloop
  endfacet
  facet normal 0 0 1
    outer loop
      vertex 23.5306 5.54442 5
      vertex 23.6544 6.15297 5
      vertex 23.5807 6.17082 5
    endloop
  endfacet
  facet normal 0 0 1
    outer loop
      vertex 23.8617 5.96255 5
      vertex 23.5306 5.54442 5
      vertex 23.6223 5.54019 5
    endloop
  endfacet
  facet normal 0 0 1
    outer loop
      vertex 23.4984 6.17677 5
      vertex 23.5306 5.54442 5
      vertex 23.5807 6.17082 5
    endloop
  endfacet
  facet normal 0 0 1
    outer loop
      vertex 23.4984 6.17677 5
      vertex 23.4758 5.54277 5
      vertex 23.5306 5.54442 5
    endloop
  endfacet
  facet normal -0 0 1
    outer loop
      vertex 23.4262 6.1718 5
      vertex 23.4758 5.54277 5
      vertex 23.4984 6.17677 5
    endloop
  endfacet
  facet normal -0 0 1
    outer loop
      vertex 23.3588 6.15691 5
      vertex 23.4758 5.54277 5
      vertex 23.4262 6.1718 5
    endloop
  endfacet
  facet normal -0 0 1
    outer loop
      vertex 23.2962 6.13208 5
      vertex 23.4758 5.54277 5
      vertex 23.3588 6.15691 5
    endloop
  endfacet
  facet normal -0 0 1
    outer loop
      vertex 23.2385 6.09734 5
      vertex 23.4758 5.54277 5
      vertex 23.2962 6.13208 5
    endloop
  endfacet
  facet normal 0 0 1
    outer loop
      vertex 23.4758 5.54277 5
      vertex 23.2385 6.09734 5
      vertex 23.4228 5.53784 5
    endloop
  endfacet
  facet normal -0 0 1
    outer loop
      vertex 23.1855 6.05264 5
      vertex 23.4228 5.53784 5
      vertex 23.2385 6.09734 5
    endloop
  endfacet
  facet normal -0 0 1
    outer loop
      vertex 23.1374 5.99803 5
      vertex 23.4228 5.53784 5
      vertex 23.1855 6.05264 5
    endloop
  endfacet
  facet normal 0 0 1
    outer loop
      vertex 23.4228 5.53784 5
      vertex 23.1374 5.99803 5
      vertex 23.3716 5.52963 5
    endloop
  endfacet
  facet normal -0 0 1
    outer loop
      vertex 23.0941 5.93349 5
      vertex 23.3716 5.52963 5
      vertex 23.1374 5.99803 5
    endloop
  endfacet
  facet normal -0 0 1
    outer loop
      vertex 23.0561 5.85954 5
      vertex 23.3716 5.52963 5
      vertex 23.0941 5.93349 5
    endloop
  endfacet
  facet normal 0 0 1
    outer loop
      vertex 23.3716 5.52963 5
      vertex 23.0561 5.85954 5
      vertex 23.3222 5.51813 5
    endloop
  endfacet
  facet normal -0 0 1
    outer loop
      vertex 23.0239 5.77669 5
      vertex 23.3222 5.51813 5
      vertex 23.0561 5.85954 5
    endloop
  endfacet
  facet normal 0 0 1
    outer loop
      vertex 23.3222 5.51813 5
      vertex 23.0239 5.77669 5
      vertex 23.2746 5.50333 5
    endloop
  endfacet
  facet normal -0 0 1
    outer loop
      vertex 22.9976 5.68495 5
      vertex 23.2746 5.50333 5
      vertex 23.0239 5.77669 5
    endloop
  endfacet
  facet normal 0 0 1
    outer loop
      vertex 23.2746 5.50333 5
      vertex 22.9976 5.68495 5
      vertex 23.2288 5.48526 5
    endloop
  endfacet
  facet normal 0 0 1
    outer loop
      vertex 23.2288 5.48526 5
      vertex 22.9976 5.68495 5
      vertex 23.1848 5.4639 5
    endloop
  endfacet
  facet normal -0 0 1
    outer loop
      vertex 22.9771 5.58434 5
      vertex 23.1848 5.4639 5
      vertex 22.9976 5.68495 5
    endloop
  endfacet
  facet normal 0 0 1
    outer loop
      vertex 23.1848 5.4639 5
      vertex 22.9771 5.58434 5
      vertex 23.143 5.43938 5
    endloop
  endfacet
  facet normal -0 0 1
    outer loop
      vertex 22.9625 5.47481 5
      vertex 23.143 5.43938 5
      vertex 22.9771 5.58434 5
    endloop
  endfacet
  facet normal 0 0 1
    outer loop
      vertex 23.143 5.43938 5
      vertex 22.9625 5.47481 5
      vertex 23.1041 5.41187 5
    endloop
  endfacet
  facet normal 0 0 1
    outer loop
      vertex 23.1041 5.41187 5
      vertex 22.9625 5.47481 5
      vertex 23.0679 5.38133 5
    endloop
  endfacet
  facet normal 0 0 1
    outer loop
      vertex 23.0679 5.38133 5
      vertex 22.9625 5.47481 5
      vertex 23.0345 5.34778 5
    endloop
  endfacet
  facet normal -0 0 1
    outer loop
      vertex 22.9537 5.3564 5
      vertex 23.0345 5.34778 5
      vertex 22.9625 5.47481 5
    endloop
  endfacet
  facet normal 0 0 1
    outer loop
      vertex 23.0345 5.34778 5
      vertex 22.9537 5.3564 5
      vertex 23.0038 5.31123 5
    endloop
  endfacet
  facet normal 0 0 1
    outer loop
      vertex 23.0038 5.31123 5
      vertex 22.9537 5.3564 5
      vertex 22.9759 5.27167 5
    endloop
  endfacet
  facet normal 0 0 1
    outer loop
      vertex 22.9759 5.27167 5
      vertex 22.9537 5.3564 5
      vertex 22.9508 5.2291 5
    endloop
  endfacet
  facet normal -0 0 1
    outer loop
      vertex 22.4 9.30718 5
      vertex 23.3884 6.41751 5
      vertex 22.487 9.36532 5
    endloop
  endfacet
  facet normal 0 0 1
    outer loop
      vertex 23.3884 6.41751 5
      vertex 22.4 9.30718 5
      vertex 23.2827 6.39717 5
    endloop
  endfacet
  facet normal -0 0 1
    outer loop
      vertex 22.3061 9.2609 5
      vertex 23.2827 6.39717 5
      vertex 22.4 9.30718 5
    endloop
  endfacet
  facet normal 0 0 1
    outer loop
      vertex 23.2827 6.39717 5
      vertex 22.3061 9.2609 5
      vertex 23.1847 6.36325 5
    endloop
  endfacet
  facet normal -0 0 1
    outer loop
      vertex 22.2071 9.22726 5
      vertex 23.1847 6.36325 5
      vertex 22.3061 9.2609 5
    endloop
  endfacet
  facet normal -0 0 1
    outer loop
      vertex 22.1044 9.20684 5
      vertex 23.1847 6.36325 5
      vertex 22.2071 9.22726 5
    endloop
  endfacet
  facet normal 0 0 1
    outer loop
      vertex 23.1847 6.36325 5
      vertex 22.1044 9.20684 5
      vertex 23.0944 6.31578 5
    endloop
  endfacet
  facet normal -0 0 1
    outer loop
      vertex 22 9.2 5
      vertex 23.0944 6.31578 5
      vertex 22.1044 9.20684 5
    endloop
  endfacet
  facet normal 0 0 1
    outer loop
      vertex 23.0944 6.31578 5
      vertex 22 9.2 5
      vertex 23.0117 6.25475 5
    endloop
  endfacet
  facet normal 0 0 1
    outer loop
      vertex 21.8956 9.20684 5
      vertex 23.0117 6.25475 5
      vertex 22 9.2 5
    endloop
  endfacet
  facet normal 0 0 1
    outer loop
      vertex 23.0117 6.25475 5
      vertex 21.8956 9.20684 5
      vertex 22.9367 6.18016 5
    endloop
  endfacet
  facet normal -0 0 1
    outer loop
      vertex 30 9.15 5
      vertex 30.649 6.38869 5
      vertex 30.1109 9.15727 5
    endloop
  endfacet
  facet normal 0 0 1
    outer loop
      vertex 29.8891 9.15727 5
      vertex 30.649 6.38869 5
      vertex 30 9.15 5
    endloop
  endfacet
  facet normal 0 0 1
    outer loop
      vertex 29.78 9.17896 5
      vertex 30.649 6.38869 5
      vertex 29.8891 9.15727 5
    endloop
  endfacet
  facet normal 0 0 1
    outer loop
      vertex 30.649 6.38869 5
      vertex 29.846 4.37126 5
      vertex 30.1765 4.37126 5
    endloop
  endfacet
  facet normal 0 0 1
    outer loop
      vertex 30.649 6.38869 5
      vertex 29.4046 4.25937 5
      vertex 29.846 4.37126 5
    endloop
  endfacet
  facet normal 0 0 1
    outer loop
      vertex 29.6747 9.2147 5
      vertex 30.649 6.38869 5
      vertex 29.78 9.17896 5
    endloop
  endfacet
  facet normal 0 0 1
    outer loop
      vertex 31.1057 4.26549 5
      vertex 30.1765 4.37126 5
      vertex 31.0938 4.13176 5
    endloop
  endfacet
  facet normal 0 0 1
    outer loop
      vertex 31.1255 4.4012 5
      vertex 30.1765 4.37126 5
      vertex 31.1057 4.26549 5
    endloop
  endfacet
  facet normal 0 0 1
    outer loop
      vertex 31.1532 4.53888 5
      vertex 30.1765 4.37126 5
      vertex 31.1255 4.4012 5
    endloop
  endfacet
  facet normal 0 0 1
    outer loop
      vertex 31.1889 4.67854 5
      vertex 30.1765 4.37126 5
      vertex 31.1532 4.53888 5
    endloop
  endfacet
  facet normal 0 0 1
    outer loop
      vertex 31.2324 4.82018 5
      vertex 30.1765 4.37126 5
      vertex 31.1889 4.67854 5
    endloop
  endfacet
  facet normal 0 0 1
    outer loop
      vertex 31.2839 4.96376 5
      vertex 30.1765 4.37126 5
      vertex 31.2324 4.82018 5
    endloop
  endfacet
  facet normal 0 0 1
    outer loop
      vertex 30.1765 4.37126 5
      vertex 31.2839 4.96376 5
      vertex 30.649 6.12932 5
    endloop
  endfacet
  facet normal 0 0 1
    outer loop
      vertex 31.3447 5.11148 5
      vertex 30.649 6.12932 5
      vertex 31.2839 4.96376 5
    endloop
  endfacet
  facet normal 0 0 1
    outer loop
      vertex 31.4161 5.26547 5
      vertex 30.649 6.12932 5
      vertex 31.3447 5.11148 5
    endloop
  endfacet
  facet normal 0 0 1
    outer loop
      vertex 31.4981 5.4257 5
      vertex 30.649 6.12932 5
      vertex 31.4161 5.26547 5
    endloop
  endfacet
  facet normal 0 0 1
    outer loop
      vertex 31.5908 5.59221 5
      vertex 30.649 6.12932 5
      vertex 31.4981 5.4257 5
    endloop
  endfacet
  facet normal 0 0 1
    outer loop
      vertex 31.694 5.76498 5
      vertex 30.649 6.12932 5
      vertex 31.5908 5.59221 5
    endloop
  endfacet
  facet normal 0 0 1
    outer loop
      vertex 31.8079 5.94402 5
      vertex 30.649 6.12932 5
      vertex 31.694 5.76498 5
    endloop
  endfacet
  facet normal -0 0 1
    outer loop
      vertex 30.649 6.12932 5
      vertex 31.8079 5.94402 5
      vertex 31.9324 6.12932 5
    endloop
  endfacet
  facet normal 0 0 1
    outer loop
      vertex 36.5417 6.38869 5
      vertex 37.4521 9.28598 5
      vertex 37.3636 9.3636 5
    endloop
  endfacet
  facet normal 0 0 1
    outer loop
      vertex 36.5417 6.38869 5
      vertex 37.3636 9.3636 5
      vertex 37.286 9.45211 5
    endloop
  endfacet
  facet normal 0 0 1
    outer loop
      vertex 36.5417 6.38869 5
      vertex 37.286 9.45211 5
      vertex 37.2206 9.55 5
    endloop
  endfacet
  facet normal 0 0 1
    outer loop
      vertex 36.5417 6.38869 5
      vertex 37.2206 9.55 5
      vertex 37.1685 9.65558 5
    endloop
  endfacet
  facet normal 0 0 1
    outer loop
      vertex 32.2274 6.38869 5
      vertex 37.1685 9.65558 5
      vertex 37.1307 9.76706 5
    endloop
  endfacet
  facet normal -0 0 1
    outer loop
      vertex 30.821 9.78 5
      vertex 37.1307 9.76706 5
      vertex 37.1077 9.88253 5
    endloop
  endfacet
  facet normal -0 0 1
    outer loop
      vertex 30.8427 9.88905 5
      vertex 37.1077 9.88253 5
      vertex 37.1 10 5
    endloop
  endfacet
  facet normal 0 0 1
    outer loop
      vertex 37.4521 9.28598 5
      vertex 36.8231 6.38869 5
      vertex 37.4046 4.25937 5
    endloop
  endfacet
  facet normal 0 0 1
    outer loop
      vertex 37.4046 4.25937 5
      vertex 36.8231 6.38869 5
      vertex 36.8231 4.25937 5
    endloop
  endfacet
  facet normal -0 0 1
    outer loop
      vertex 35.9771 5.71227 5
      vertex 36.5162 4.25937 5
      vertex 36.5162 6.09709 5
    endloop
  endfacet
  facet normal 0 0 1
    outer loop
      vertex 36.5162 4.25937 5
      vertex 35.9771 5.71227 5
      vertex 35.9076 4.25937 5
    endloop
  endfacet
  facet normal 0 0 1
    outer loop
      vertex 37.1077 9.88253 5
      vertex 30.8427 9.88905 5
      vertex 30.821 9.78 5
    endloop
  endfacet
  facet normal 0 0 1
    outer loop
      vertex 37.1307 9.76706 5
      vertex 30.821 9.78 5
      vertex 32.2274 6.38869 5
    endloop
  endfacet
  facet normal -0 0 1
    outer loop
      vertex 30.7853 9.67472 5
      vertex 32.2274 6.38869 5
      vertex 30.821 9.78 5
    endloop
  endfacet
  facet normal -0 0 1
    outer loop
      vertex 30.7361 9.575 5
      vertex 32.2274 6.38869 5
      vertex 30.7853 9.67472 5
    endloop
  endfacet
  facet normal -0 0 1
    outer loop
      vertex 30.6744 9.48255 5
      vertex 32.2274 6.38869 5
      vertex 30.7361 9.575 5
    endloop
  endfacet
  facet normal -0 0 1
    outer loop
      vertex 30.601 9.39896 5
      vertex 32.2274 6.38869 5
      vertex 30.6744 9.48255 5
    endloop
  endfacet
  facet normal 0 0 1
    outer loop
      vertex 32.2274 6.38869 5
      vertex 30.5174 9.32565 5
      vertex 30.649 6.38869 5
    endloop
  endfacet
  facet normal -0 0 1
    outer loop
      vertex 30.5174 9.32565 5
      vertex 32.2274 6.38869 5
      vertex 30.601 9.39896 5
    endloop
  endfacet
  facet normal 0 0 1
    outer loop
      vertex 37.6556 9.16851 5
      vertex 38.7446 6.09044 5
      vertex 37.7671 9.13067 5
    endloop
  endfacet
  facet normal 0 0 1
    outer loop
      vertex 38.7446 6.09044 5
      vertex 37.6556 9.16851 5
      vertex 38.7154 6.02724 5
    endloop
  endfacet
  facet normal 0 0 1
    outer loop
      vertex 37.55 9.22058 5
      vertex 38.7154 6.02724 5
      vertex 37.6556 9.16851 5
    endloop
  endfacet
  facet normal 0 0 1
    outer loop
      vertex 38.682 5.88817 5
      vertex 37.846 4.37126 5
      vertex 38.1765 4.37126 5
    endloop
  endfacet
  facet normal 0 0 1
    outer loop
      vertex 38.682 5.88817 5
      vertex 37.4046 4.25937 5
      vertex 37.846 4.37126 5
    endloop
  endfacet
  facet normal 0 0 1
    outer loop
      vertex 38.7154 6.02724 5
      vertex 37.55 9.22058 5
      vertex 38.6945 5.95981 5
    endloop
  endfacet
  facet normal 0 0 1
    outer loop
      vertex 43 20 5
      vertex 45 18 5
      vertex 44.9829 18.261 5
    endloop
  endfacet
  facet normal 0 0 1
    outer loop
      vertex 45 18 5
      vertex 40.1251 6.09425 5
      vertex 45 2 5
    endloop
  endfacet
  facet normal 0 0 1
    outer loop
      vertex 43 20 5
      vertex 44.9829 18.261 5
      vertex 44.9318 18.5176 5
    endloop
  endfacet
  facet normal -0 -0 1
    outer loop
      vertex 40.1543 6.03008 5
      vertex 45 2 5
      vertex 40.1251 6.09425 5
    endloop
  endfacet
  facet normal 0 0 1
    outer loop
      vertex 43 20 5
      vertex 44.9318 18.5176 5
      vertex 44.8477 18.7654 5
    endloop
  endfacet
  facet normal -0 -0 1
    outer loop
      vertex 40.1751 5.96112 5
      vertex 45 2 5
      vertex 40.1543 6.03008 5
    endloop
  endfacet
  facet normal 0 0 1
    outer loop
      vertex 43 20 5
      vertex 44.8477 18.7654 5
      vertex 44.732 19 5
    endloop
  endfacet
  facet normal -0 -0 1
    outer loop
      vertex 40.1918 5.8089 5
      vertex 45 2 5
      vertex 40.1876 5.88739 5
    endloop
  endfacet
  facet normal 0 0 1
    outer loop
      vertex 43 20 5
      vertex 44.732 19 5
      vertex 44.5867 19.2175 5
    endloop
  endfacet
  facet normal -0 0 1
    outer loop
      vertex 40.1895 5.75136 5
      vertex 45 2 5
      vertex 40.1918 5.8089 5
    endloop
  endfacet
  facet normal 0 0 1
    outer loop
      vertex 43 20 5
      vertex 44.5867 19.2175 5
      vertex 44.4142 19.4142 5
    endloop
  endfacet
  facet normal -0 -0 1
    outer loop
      vertex 40.2407 4.79446 5
      vertex 45 2 5
      vertex 40.1895 5.75136 5
    endloop
  endfacet
  facet normal 0 0 1
    outer loop
      vertex 43 20 5
      vertex 44.4142 19.4142 5
      vertex 44.2175 19.5867 5
    endloop
  endfacet
  facet normal -0 -0 1
    outer loop
      vertex 40.2485 4.73196 5
      vertex 45 2 5
      vertex 40.2407 4.79446 5
    endloop
  endfacet
  facet normal 0 0 1
    outer loop
      vertex 43 20 5
      vertex 44.2175 19.5867 5
      vertex 44 19.732 5
    endloop
  endfacet
  facet normal -0 -0 1
    outer loop
      vertex 40.2511 4.66624 5
      vertex 45 2 5
      vertex 40.2485 4.73196 5
    endloop
  endfacet
  facet normal 0 0 1
    outer loop
      vertex 43 20 5
      vertex 44 19.732 5
      vertex 43.7654 19.8477 5
    endloop
  endfacet
  facet normal -0 0 1
    outer loop
      vertex 40.2468 4.57477 5
      vertex 45 2 5
      vertex 40.2511 4.66624 5
    endloop
  endfacet
  facet normal 0 0 1
    outer loop
      vertex 43 20 5
      vertex 43.7654 19.8477 5
      vertex 43.5176 19.9318 5
    endloop
  endfacet
  facet normal -0 0 1
    outer loop
      vertex 40.2339 4.48924 5
      vertex 45 2 5
      vertex 40.2468 4.57477 5
    endloop
  endfacet
  facet normal 0 0 1
    outer loop
      vertex 43 20 5
      vertex 43.5176 19.9318 5
      vertex 43.261 19.9829 5
    endloop
  endfacet
  facet normal -0 0 1
    outer loop
      vertex 40.1439 4.26837 5
      vertex 45 2 5
      vertex 40.1825 4.33604 5
    endloop
  endfacet
  facet normal 0 0 1
    outer loop
      vertex 38.3444 10.8315 5
      vertex 45 18 5
      vertex 43 20 5
    endloop
  endfacet
  facet normal 0 -0 1
    outer loop
      vertex 43 0 5
      vertex 45 2 5
      vertex 40.1439 4.26837 5
    endloop
  endfacet
  facet normal 0 0 1
    outer loop
      vertex 45 2 5
      vertex 43 0 5
      vertex 44.9829 1.73894 5
    endloop
  endfacet
  facet normal 0 0 1
    outer loop
      vertex 44.4142 0.585785 5
      vertex 43 0 5
      vertex 44.2175 0.413284 5
    endloop
  endfacet
  facet normal 0 0 1
    outer loop
      vertex 44.5867 0.782471 5
      vertex 43 0 5
      vertex 44.4142 0.585785 5
    endloop
  endfacet
  facet normal 0 0 1
    outer loop
      vertex 44.9318 1.48236 5
      vertex 43 0 5
      vertex 44.8477 1.23462 5
    endloop
  endfacet
  facet normal -0 0 1
    outer loop
      vertex 40.2125 4.40967 5
      vertex 45 2 5
      vertex 40.2339 4.48924 5
    endloop
  endfacet
  facet normal 0 0 1
    outer loop
      vertex 40.2407 4.79446 5
      vertex 40.1895 5.75136 5
      vertex 40.2278 4.85374 5
    endloop
  endfacet
  facet normal 0 0 1
    outer loop
      vertex 44.8477 1.23462 5
      vertex 43 0 5
      vertex 44.732 1 5
    endloop
  endfacet
  facet normal 0 0 1
    outer loop
      vertex 44.9829 1.73894 5
      vertex 43 0 5
      vertex 44.9318 1.48236 5
    endloop
  endfacet
  facet normal -0 0 1
    outer loop
      vertex 40.1825 4.33604 5
      vertex 45 2 5
      vertex 40.2125 4.40967 5
    endloop
  endfacet
  facet normal -0 -0 1
    outer loop
      vertex 40.1876 5.88739 5
      vertex 45 2 5
      vertex 40.1751 5.96112 5
    endloop
  endfacet
  facet normal 0 0 1
    outer loop
      vertex 45 18 5
      vertex 38.8923 10.1175 5
      vertex 38.9 10 5
    endloop
  endfacet
  facet normal 0 0 1
    outer loop
      vertex 45 18 5
      vertex 38.9 10 5
      vertex 40.1251 6.09425 5
    endloop
  endfacet
  facet normal 0 0 1
    outer loop
      vertex 40.1251 6.09425 5
      vertex 38.9 10 5
      vertex 40.0876 6.15366 5
    endloop
  endfacet
  facet normal -0 0 1
    outer loop
      vertex 38.8923 9.88253 5
      vertex 40.0876 6.15366 5
      vertex 38.9 10 5
    endloop
  endfacet
  facet normal 0 0 1
    outer loop
      vertex 40.0876 6.15366 5
      vertex 38.8923 9.88253 5
      vertex 40.0417 6.2083 5
    endloop
  endfacet
  facet normal -0 0 1
    outer loop
      vertex 38.8693 9.76706 5
      vertex 40.0417 6.2083 5
      vertex 38.8923 9.88253 5
    endloop
  endfacet
  facet normal 0 0 1
    outer loop
      vertex 40.0417 6.2083 5
      vertex 38.8693 9.76706 5
      vertex 39.9875 6.25815 5
    endloop
  endfacet
  facet normal -0 0 1
    outer loop
      vertex 38.8315 9.65558 5
      vertex 39.9261 6.30222 5
      vertex 38.8693 9.76706 5
    endloop
  endfacet
  facet normal 0 0 1
    outer loop
      vertex 39.9261 6.30222 5
      vertex 38.8315 9.65558 5
      vertex 39.8586 6.33952 5
    endloop
  endfacet
  facet normal -0 0 1
    outer loop
      vertex 38.7794 9.55 5
      vertex 39.8586 6.33952 5
      vertex 38.8315 9.65558 5
    endloop
  endfacet
  facet normal 0 0 1
    outer loop
      vertex 39.8586 6.33952 5
      vertex 38.7794 9.55 5
      vertex 39.7851 6.37004 5
    endloop
  endfacet
  facet normal -0 0 1
    outer loop
      vertex 38.714 9.45211 5
      vertex 39.7851 6.37004 5
      vertex 38.7794 9.55 5
    endloop
  endfacet
  facet normal 0 0 1
    outer loop
      vertex 39.7851 6.37004 5
      vertex 38.714 9.45211 5
      vertex 39.7056 6.39377 5
    endloop
  endfacet
  facet normal -0 0 1
    outer loop
      vertex 38.6364 9.3636 5
      vertex 39.7056 6.39377 5
      vertex 38.714 9.45211 5
    endloop
  endfacet
  facet normal 0 0 1
    outer loop
      vertex 39.7056 6.39377 5
      vertex 38.6364 9.3636 5
      vertex 39.62 6.41074 5
    endloop
  endfacet
  facet normal -0 0 1
    outer loop
      vertex 38.5479 9.28598 5
      vertex 39.5283 6.4209 5
      vertex 38.6364 9.3636 5
    endloop
  endfacet
  facet normal 0 0 1
    outer loop
      vertex 39.62 6.41074 5
      vertex 38.6364 9.3636 5
      vertex 39.5283 6.4209 5
    endloop
  endfacet
  facet normal 0 0 1
    outer loop
      vertex 39.9875 6.25815 5
      vertex 38.8693 9.76706 5
      vertex 39.9261 6.30222 5
    endloop
  endfacet
  facet normal 0 0 1
    outer loop
      vertex 45 18 5
      vertex 38.8693 10.2329 5
      vertex 38.8923 10.1175 5
    endloop
  endfacet
  facet normal 0 0 1
    outer loop
      vertex 45 18 5
      vertex 38.8315 10.3444 5
      vertex 38.8693 10.2329 5
    endloop
  endfacet
  facet normal 0 0 1
    outer loop
      vertex 45 18 5
      vertex 38.7794 10.45 5
      vertex 38.8315 10.3444 5
    endloop
  endfacet
  facet normal 0 0 1
    outer loop
      vertex 45 18 5
      vertex 38.714 10.5479 5
      vertex 38.7794 10.45 5
    endloop
  endfacet
  facet normal 0 0 1
    outer loop
      vertex 45 18 5
      vertex 38.6364 10.6364 5
      vertex 38.714 10.5479 5
    endloop
  endfacet
  facet normal 0 0 1
    outer loop
      vertex 45 18 5
      vertex 38.5479 10.714 5
      vertex 38.6364 10.6364 5
    endloop
  endfacet
  facet normal 0 0 1
    outer loop
      vertex 45 18 5
      vertex 38.45 10.7794 5
      vertex 38.5479 10.714 5
    endloop
  endfacet
  facet normal 0 0 1
    outer loop
      vertex 45 18 5
      vertex 38.3444 10.8315 5
      vertex 38.45 10.7794 5
    endloop
  endfacet
  facet normal 0 0 1
    outer loop
      vertex 43 20 5
      vertex 38.2329 10.8693 5
      vertex 38.3444 10.8315 5
    endloop
  endfacet
  facet normal 0 0 1
    outer loop
      vertex 43 20 5
      vertex 38.1175 10.8923 5
      vertex 38.2329 10.8693 5
    endloop
  endfacet
  facet normal 0 0 1
    outer loop
      vertex 43 20 5
      vertex 38 10.9 5
      vertex 38.1175 10.8923 5
    endloop
  endfacet
  facet normal 0 0 1
    outer loop
      vertex 43 20 5
      vertex 37.8825 10.8923 5
      vertex 38 10.9 5
    endloop
  endfacet
  facet normal 0 0 1
    outer loop
      vertex 43 20 5
      vertex 37.7671 10.8693 5
      vertex 37.8825 10.8923 5
    endloop
  endfacet
  facet normal 0 0 1
    outer loop
      vertex 43 20 5
      vertex 37.6556 10.8315 5
      vertex 37.7671 10.8693 5
    endloop
  endfacet
  facet normal 0 0 1
    outer loop
      vertex 30.3253 10.7853 5
      vertex 37.6556 10.8315 5
      vertex 43 20 5
    endloop
  endfacet
  facet normal 0 0 1
    outer loop
      vertex 37.6556 10.8315 5
      vertex 30.3253 10.7853 5
      vertex 37.55 10.7794 5
    endloop
  endfacet
  facet normal 0 -0 1
    outer loop
      vertex 30.425 10.7361 5
      vertex 37.55 10.7794 5
      vertex 30.3253 10.7853 5
    endloop
  endfacet
  facet normal 0 0 1
    outer loop
      vertex 37.55 10.7794 5
      vertex 30.425 10.7361 5
      vertex 37.4521 10.714 5
    endloop
  endfacet
  facet normal 0 -0 1
    outer loop
      vertex 30.5174 10.6743 5
      vertex 37.4521 10.714 5
      vertex 30.425 10.7361 5
    endloop
  endfacet
  facet normal 0 0 1
    outer loop
      vertex 30.85 10 5
      vertex 37.1 10 5
      vertex 37.1077 10.1175 5
    endloop
  endfacet
  facet normal 0 0 1
    outer loop
      vertex 37.4521 9.28598 5
      vertex 36.5417 6.38869 5
      vertex 36.8231 6.38869 5
    endloop
  endfacet
  facet normal 0 0 1
    outer loop
      vertex 37.1685 9.65558 5
      vertex 35.9771 6.00047 5
      vertex 36.5417 6.38869 5
    endloop
  endfacet
  facet normal 0 0 1
    outer loop
      vertex 30.8427 10.1109 5
      vertex 37.1077 10.1175 5
      vertex 37.1307 10.2329 5
    endloop
  endfacet
  facet normal 0 0 1
    outer loop
      vertex 32.2274 6.14117 5
      vertex 35.9771 5.71227 5
      vertex 35.9771 6.00047 5
    endloop
  endfacet
  facet normal 0 0 1
    outer loop
      vertex 35.9771 5.71227 5
      vertex 32.2274 6.14117 5
      vertex 35.9076 4.25937 5
    endloop
  endfacet
  facet normal -0 0 1
    outer loop
      vertex 32.2274 6.14117 5
      vertex 35.9771 6.00047 5
      vertex 32.2274 6.38869 5
    endloop
  endfacet
  facet normal 0 0 1
    outer loop
      vertex 37.1685 9.65558 5
      vertex 32.2274 6.38869 5
      vertex 35.9771 6.00047 5
    endloop
  endfacet
  facet normal 0 0 1
    outer loop
      vertex 30.821 10.22 5
      vertex 37.1307 10.2329 5
      vertex 37.1685 10.3444 5
    endloop
  endfacet
  facet normal 0 0 1
    outer loop
      vertex 30.7853 10.3253 5
      vertex 37.1685 10.3444 5
      vertex 37.2206 10.45 5
    endloop
  endfacet
  facet normal 0 0 1
    outer loop
      vertex 37.4521 10.714 5
      vertex 30.5174 10.6743 5
      vertex 37.3636 10.6364 5
    endloop
  endfacet
  facet normal 0 0 1
    outer loop
      vertex 37.1077 10.1175 5
      vertex 30.8427 10.1109 5
      vertex 30.85 10 5
    endloop
  endfacet
  facet normal 0 0 1
    outer loop
      vertex 30.8427 9.88905 5
      vertex 37.1 10 5
      vertex 30.85 10 5
    endloop
  endfacet
  facet normal 0 0 1
    outer loop
      vertex 37.1307 10.2329 5
      vertex 30.821 10.22 5
      vertex 30.8427 10.1109 5
    endloop
  endfacet
  facet normal 0 0 1
    outer loop
      vertex 37.1685 10.3444 5
      vertex 30.7853 10.3253 5
      vertex 30.821 10.22 5
    endloop
  endfacet
  facet normal 0 0 1
    outer loop
      vertex 37.2206 10.45 5
      vertex 30.7361 10.425 5
      vertex 30.7853 10.3253 5
    endloop
  endfacet
  facet normal 0 0 1
    outer loop
      vertex 37.2206 10.45 5
      vertex 30.6744 10.5174 5
      vertex 30.7361 10.425 5
    endloop
  endfacet
  facet normal 0 0 1
    outer loop
      vertex 37.286 10.5479 5
      vertex 30.6744 10.5174 5
      vertex 37.2206 10.45 5
    endloop
  endfacet
  facet normal 0 -0 1
    outer loop
      vertex 30.6744 10.5174 5
      vertex 37.286 10.5479 5
      vertex 30.601 10.601 5
    endloop
  endfacet
  facet normal 0 0 1
    outer loop
      vertex 37.3636 10.6364 5
      vertex 30.601 10.601 5
      vertex 37.286 10.5479 5
    endloop
  endfacet
  facet normal 0 -0 1
    outer loop
      vertex 30.601 10.601 5
      vertex 37.3636 10.6364 5
      vertex 30.5174 10.6743 5
    endloop
  endfacet
  facet normal 0 0 1
    outer loop
      vertex 43 20 5
      vertex 30.22 10.821 5
      vertex 30.3253 10.7853 5
    endloop
  endfacet
  facet normal 0 0 1
    outer loop
      vertex 43 20 5
      vertex 30.1109 10.8427 5
      vertex 30.22 10.821 5
    endloop
  endfacet
  facet normal 0 0 1
    outer loop
      vertex 43 20 5
      vertex 30 10.85 5
      vertex 30.1109 10.8427 5
    endloop
  endfacet
  facet normal 0 0 1
    outer loop
      vertex 43 20 5
      vertex 29.8891 10.8427 5
      vertex 30 10.85 5
    endloop
  endfacet
  facet normal 0 0 1
    outer loop
      vertex 43 20 5
      vertex 29.78 10.821 5
      vertex 29.8891 10.8427 5
    endloop
  endfacet
  facet normal 0 0 1
    outer loop
      vertex 22.1044 10.7932 5
      vertex 29.78 10.821 5
      vertex 43 20 5
    endloop
  endfacet
  facet normal 0 0 1
    outer loop
      vertex 29.78 10.821 5
      vertex 22.2071 10.7727 5
      vertex 29.6747 10.7853 5
    endloop
  endfacet
  facet normal 0 -0 1
    outer loop
      vertex 22.3061 10.7391 5
      vertex 29.6747 10.7853 5
      vertex 22.2071 10.7727 5
    endloop
  endfacet
  facet normal 0 0 1
    outer loop
      vertex 22.8 10 5
      vertex 29.15 10 5
      vertex 29.1573 10.1109 5
    endloop
  endfacet
  facet normal 0 0 1
    outer loop
      vertex 29.4826 9.32565 5
      vertex 28.5417 6.38869 5
      vertex 28.8231 6.38869 5
    endloop
  endfacet
  facet normal 0 0 1
    outer loop
      vertex 29.2147 9.67472 5
      vertex 27.9771 6.00047 5
      vertex 28.5417 6.38869 5
    endloop
  endfacet
  facet normal 0 0 1
    outer loop
      vertex 22.7932 10.1044 5
      vertex 29.1573 10.1109 5
      vertex 29.179 10.22 5
    endloop
  endfacet
  facet normal -0 0 1
    outer loop
      vertex 24.1833 5.93774 5
      vertex 27.9771 5.71227 5
      vertex 27.9771 6.00047 5
    endloop
  endfacet
  facet normal -0 0 1
    outer loop
      vertex 24.2452 4.67677 5
      vertex 27.9076 4.25937 5
      vertex 24.2494 4.78154 5
    endloop
  endfacet
  facet normal 0 -0 1
    outer loop
      vertex 24.2455 4.87842 5
      vertex 27.9771 5.71227 5
      vertex 24.2336 4.96948 5
    endloop
  endfacet
  facet normal 0 0 1
    outer loop
      vertex 29.179 9.78 5
      vertex 23.9892 6.26541 5
      vertex 27.9771 6.00047 5
    endloop
  endfacet
  facet normal 0 0 1
    outer loop
      vertex 22.7727 10.2071 5
      vertex 29.179 10.22 5
      vertex 29.2147 10.3253 5
    endloop
  endfacet
  facet normal 0 0 1
    outer loop
      vertex 22.7391 10.3061 5
      vertex 29.2147 10.3253 5
      vertex 29.2639 10.425 5
    endloop
  endfacet
  facet normal 0 0 1
    outer loop
      vertex 22.6928 10.4 5
      vertex 29.2639 10.425 5
      vertex 29.3256 10.5174 5
    endloop
  endfacet
  facet normal 0 0 1
    outer loop
      vertex 22.6347 10.487 5
      vertex 29.3256 10.5174 5
      vertex 29.399 10.601 5
    endloop
  endfacet
  facet normal 0 0 1
    outer loop
      vertex 27.9076 4.25937 5
      vertex 24.2455 4.87842 5
      vertex 24.2494 4.78154 5
    endloop
  endfacet
  facet normal 0 0 1
    outer loop
      vertex 27.9771 5.71227 5
      vertex 24.2455 4.87842 5
      vertex 27.9076 4.25937 5
    endloop
  endfacet
  facet normal 0 0 1
    outer loop
      vertex 27.9771 5.71227 5
      vertex 24.1833 5.93774 5
      vertex 24.2138 5.05472 5
    endloop
  endfacet
  facet normal 0 0 1
    outer loop
      vertex 27.9771 5.71227 5
      vertex 24.2138 5.05472 5
      vertex 24.2336 4.96948 5
    endloop
  endfacet
  facet normal 0 0 1
    outer loop
      vertex 24.2138 5.05472 5
      vertex 24.1833 5.93774 5
      vertex 24.186 5.13416 5
    endloop
  endfacet
  facet normal 0 0 1
    outer loop
      vertex 27.9771 6.00047 5
      vertex 24.1349 6.06683 5
      vertex 24.1833 5.93774 5
    endloop
  endfacet
  facet normal -0 0 1
    outer loop
      vertex 22.487 10.6347 5
      vertex 29.399 10.601 5
      vertex 29.4826 10.6743 5
    endloop
  endfacet
  facet normal 0 0 1
    outer loop
      vertex 27.9771 6.00047 5
      vertex 24.0702 6.17606 5
      vertex 24.1349 6.06683 5
    endloop
  endfacet
  facet normal 0 0 1
    outer loop
      vertex 27.9771 6.00047 5
      vertex 23.9892 6.26541 5
      vertex 24.0702 6.17606 5
    endloop
  endfacet
  facet normal 0 0 1
    outer loop
      vertex 22.7932 9.89558 5
      vertex 29.15 10 5
      vertex 22.8 10 5
    endloop
  endfacet
  facet normal 0 0 1
    outer loop
      vertex 29.1573 9.88905 5
      vertex 22.7932 9.89558 5
      vertex 22.7727 9.79294 5
    endloop
  endfacet
  facet normal 0 0 1
    outer loop
      vertex 29.179 9.78 5
      vertex 22.7727 9.79294 5
      vertex 23.9892 6.26541 5
    endloop
  endfacet
  facet normal 0 0 1
    outer loop
      vertex 23.9892 6.26541 5
      vertex 22.7727 9.79294 5
      vertex 23.8918 6.33493 5
    endloop
  endfacet
  facet normal -0 0 1
    outer loop
      vertex 22.7391 9.69385 5
      vertex 23.8918 6.33493 5
      vertex 22.7727 9.79294 5
    endloop
  endfacet
  facet normal -0 0 1
    outer loop
      vertex 22.6928 9.6 5
      vertex 23.8918 6.33493 5
      vertex 22.7391 9.69385 5
    endloop
  endfacet
  facet normal 0 0 1
    outer loop
      vertex 29.6747 10.7853 5
      vertex 22.3061 10.7391 5
      vertex 29.575 10.7361 5
    endloop
  endfacet
  facet normal 0 0 1
    outer loop
      vertex 23.8918 6.33493 5
      vertex 22.6928 9.6 5
      vertex 23.7782 6.38457 5
    endloop
  endfacet
  facet normal -0 0 1
    outer loop
      vertex 22.6347 9.51299 5
      vertex 23.7782 6.38457 5
      vertex 22.6928 9.6 5
    endloop
  endfacet
  facet normal 0 0 1
    outer loop
      vertex 23.5018 6.42429 5
      vertex 22.487 9.36532 5
      vertex 23.3884 6.41751 5
    endloop
  endfacet
  facet normal -0 0 1
    outer loop
      vertex 22.487 9.36532 5
      vertex 23.5018 6.42429 5
      vertex 22.5657 9.43431 5
    endloop
  endfacet
  facet normal 0 0 1
    outer loop
      vertex 23.6481 6.41437 5
      vertex 22.5657 9.43431 5
      vertex 23.5018 6.42429 5
    endloop
  endfacet
  facet normal -0 0 1
    outer loop
      vertex 22.5657 9.43431 5
      vertex 23.6481 6.41437 5
      vertex 22.6347 9.51299 5
    endloop
  endfacet
  facet normal 0 0 1
    outer loop
      vertex 23.7782 6.38457 5
      vertex 22.6347 9.51299 5
      vertex 23.6481 6.41437 5
    endloop
  endfacet
  facet normal 0 0 1
    outer loop
      vertex 29.1573 10.1109 5
      vertex 22.7932 10.1044 5
      vertex 22.8 10 5
    endloop
  endfacet
  facet normal 0 0 1
    outer loop
      vertex 29.179 10.22 5
      vertex 22.7727 10.2071 5
      vertex 22.7932 10.1044 5
    endloop
  endfacet
  facet normal 0 0 1
    outer loop
      vertex 29.2147 10.3253 5
      vertex 22.7391 10.3061 5
      vertex 22.7727 10.2071 5
    endloop
  endfacet
  facet normal 0 0 1
    outer loop
      vertex 29.2639 10.425 5
      vertex 22.6928 10.4 5
      vertex 22.7391 10.3061 5
    endloop
  endfacet
  facet normal 0 0 1
    outer loop
      vertex 29.3256 10.5174 5
      vertex 22.6347 10.487 5
      vertex 22.6928 10.4 5
    endloop
  endfacet
  facet normal 0 0 1
    outer loop
      vertex 29.399 10.601 5
      vertex 22.5657 10.5657 5
      vertex 22.6347 10.487 5
    endloop
  endfacet
  facet normal 0 0 1
    outer loop
      vertex 29.399 10.601 5
      vertex 22.487 10.6347 5
      vertex 22.5657 10.5657 5
    endloop
  endfacet
  facet normal 0 0 1
    outer loop
      vertex 29.4826 10.6743 5
      vertex 22.4 10.6928 5
      vertex 22.487 10.6347 5
    endloop
  endfacet
  facet normal 0 0 1
    outer loop
      vertex 29.575 10.7361 5
      vertex 22.4 10.6928 5
      vertex 29.4826 10.6743 5
    endloop
  endfacet
  facet normal 0 -0 1
    outer loop
      vertex 22.4 10.6928 5
      vertex 29.575 10.7361 5
      vertex 22.3061 10.7391 5
    endloop
  endfacet
  facet normal 0 0 1
    outer loop
      vertex 29.78 10.821 5
      vertex 22.1044 10.7932 5
      vertex 22.2071 10.7727 5
    endloop
  endfacet
  facet normal 0 0 1
    outer loop
      vertex 43 20 5
      vertex 22 10.8 5
      vertex 22.1044 10.7932 5
    endloop
  endfacet
  facet normal -0 0 1
    outer loop
      vertex 2 20 5
      vertex 22 10.8 5
      vertex 43 20 5
    endloop
  endfacet
  facet normal 0 0 1
    outer loop
      vertex 22 10.8 5
      vertex 2 20 5
      vertex 21.8956 10.7932 5
    endloop
  endfacet
  facet normal -0 -0 1
    outer loop
      vertex 10.6743 12.9 5
      vertex 21.8956 10.7932 5
      vertex 2 20 5
    endloop
  endfacet
  facet normal 0 0 1
    outer loop
      vertex 12.3486 10 5
      vertex 21.2 10 5
      vertex 21.2068 10.1044 5
    endloop
  endfacet
  facet normal 0 0 1
    outer loop
      vertex 21.4343 9.43431 5
      vertex 20.5417 6.38869 5
      vertex 20.8231 6.38869 5
    endloop
  endfacet
  facet normal 0 0 1
    outer loop
      vertex 21.2609 9.69385 5
      vertex 19.9771 6.00047 5
      vertex 20.5417 6.38869 5
    endloop
  endfacet
  facet normal 0 0 1
    outer loop
      vertex 12.3486 10 5
      vertex 21.2068 10.1044 5
      vertex 21.2273 10.2071 5
    endloop
  endfacet
  facet normal 0 0 1
    outer loop
      vertex 10.6743 7.1 5
      vertex 19.9771 5.71227 5
      vertex 19.9771 6.00047 5
    endloop
  endfacet
  facet normal 0 0 1
    outer loop
      vertex 19.9771 5.71227 5
      vertex 10.6743 7.1 5
      vertex 19.9076 4.25937 5
    endloop
  endfacet
  facet normal -0 0 1
    outer loop
      vertex 10.6743 7.1 5
      vertex 19.9771 6.00047 5
      vertex 12.3486 10 5
    endloop
  endfacet
  facet normal 0 0 1
    outer loop
      vertex 21.2068 9.89558 5
      vertex 12.3486 10 5
      vertex 19.9771 6.00047 5
    endloop
  endfacet
  facet normal 0 0 1
    outer loop
      vertex 21.2609 10.3061 5
      vertex 12.3486 10 5
      vertex 21.2273 10.2071 5
    endloop
  endfacet
  facet normal 0 0 1
    outer loop
      vertex 21.3072 10.4 5
      vertex 12.3486 10 5
      vertex 21.2609 10.3061 5
    endloop
  endfacet
  facet normal 0 0 1
    outer loop
      vertex 21.3653 10.487 5
      vertex 12.3486 10 5
      vertex 21.3072 10.4 5
    endloop
  endfacet
  facet normal 0 0 1
    outer loop
      vertex 10.6743 12.9 5
      vertex 21.3653 10.487 5
      vertex 21.4343 10.5657 5
    endloop
  endfacet
  facet normal 0 0 1
    outer loop
      vertex 10.6743 12.9 5
      vertex 21.4343 10.5657 5
      vertex 21.513 10.6347 5
    endloop
  endfacet
  facet normal 0 0 1
    outer loop
      vertex 10.6743 12.9 5
      vertex 21.513 10.6347 5
      vertex 21.6 10.6928 5
    endloop
  endfacet
  facet normal 0 0 1
    outer loop
      vertex 10.6743 12.9 5
      vertex 21.6 10.6928 5
      vertex 21.6939 10.7391 5
    endloop
  endfacet
  facet normal 0 0 1
    outer loop
      vertex 21.8956 10.7932 5
      vertex 10.6743 12.9 5
      vertex 21.7929 10.7727 5
    endloop
  endfacet
  facet normal 0 0 1
    outer loop
      vertex 21.3653 10.487 5
      vertex 10.6743 12.9 5
      vertex 12.3486 10 5
    endloop
  endfacet
  facet normal 0 0 1
    outer loop
      vertex 21.7929 10.7727 5
      vertex 10.6743 12.9 5
      vertex 21.6939 10.7391 5
    endloop
  endfacet
  facet normal -0 0 1
    outer loop
      vertex 0 18 5
      vertex 7.32568 12.9 5
      vertex 2 20 5
    endloop
  endfacet
  facet normal 0 0 1
    outer loop
      vertex 10.6743 12.9 5
      vertex 2 20 5
      vertex 7.32568 12.9 5
    endloop
  endfacet
  facet normal 0 0 1
    outer loop
      vertex 44.2175 0.413284 5
      vertex 43 0 5
      vertex 44 0.267944 5
    endloop
  endfacet
  facet normal 0 0 1
    outer loop
      vertex 44 0.267944 5
      vertex 43 0 5
      vertex 43.7654 0.152237 5
    endloop
  endfacet
  facet normal 0 0 1
    outer loop
      vertex 43.7654 0.152237 5
      vertex 43 0 5
      vertex 43.5176 0.0681458 5
    endloop
  endfacet
  facet normal 0 0 1
    outer loop
      vertex 43.5176 0.0681458 5
      vertex 43 0 5
      vertex 43.261 0.0171051 5
    endloop
  endfacet
  facet normal 0 0 1
    outer loop
      vertex 44.732 1 5
      vertex 43 0 5
      vertex 44.5867 0.782471 5
    endloop
  endfacet
  facet normal -0 0 1
    outer loop
      vertex 40.0967 4.20665 5
      vertex 43 0 5
      vertex 40.1439 4.26837 5
    endloop
  endfacet
  facet normal -0 0 1
    outer loop
      vertex 40.0409 4.15086 5
      vertex 43 0 5
      vertex 40.0967 4.20665 5
    endloop
  endfacet
  facet normal -0 0 1
    outer loop
      vertex 39.9771 4.10185 5
      vertex 43 0 5
      vertex 40.0409 4.15086 5
    endloop
  endfacet
  facet normal -0 0 1
    outer loop
      vertex 39.9058 4.06036 5
      vertex 43 0 5
      vertex 39.9771 4.10185 5
    endloop
  endfacet
  facet normal -0 0 1
    outer loop
      vertex 39.8271 4.02643 5
      vertex 43 0 5
      vertex 39.9058 4.06036 5
    endloop
  endfacet
  facet normal -0 0 1
    outer loop
      vertex 39.7409 4.00003 5
      vertex 43 0 5
      vertex 39.8271 4.02643 5
    endloop
  endfacet
  facet normal -0 0 1
    outer loop
      vertex 39.6472 3.98119 5
      vertex 43 0 5
      vertex 39.7409 4.00003 5
    endloop
  endfacet
  facet normal -0 0 1
    outer loop
      vertex 39.546 3.96988 5
      vertex 43 0 5
      vertex 39.6472 3.98119 5
    endloop
  endfacet
  facet normal -0 0 1
    outer loop
      vertex 39.4374 3.96611 5
      vertex 43 0 5
      vertex 39.546 3.96988 5
    endloop
  endfacet
  facet normal 0 0 1
    outer loop
      vertex 39.3313 3.9698 5
      vertex 43 0 5
      vertex 39.4374 3.96611 5
    endloop
  endfacet
  facet normal 0 0 1
    outer loop
      vertex 39.2321 3.98091 5
      vertex 43 0 5
      vertex 39.3313 3.9698 5
    endloop
  endfacet
  facet normal 0 0 1
    outer loop
      vertex 38.1765 4 5
      vertex 39.2321 3.98091 5
      vertex 39.1396 3.99942 5
    endloop
  endfacet
  facet normal -0 0 1
    outer loop
      vertex 38.1765 4 5
      vertex 39.1396 3.99942 5
      vertex 39.054 4.02533 5
    endloop
  endfacet
  facet normal 0 0 1
    outer loop
      vertex 38.1765 4 5
      vertex 39.054 4.02533 5
      vertex 38.9752 4.05864 5
    endloop
  endfacet
  facet normal 0 0 1
    outer loop
      vertex 38.1765 4 5
      vertex 38.9752 4.05864 5
      vertex 38.9032 4.09937 5
    endloop
  endfacet
  facet normal 0 0 1
    outer loop
      vertex 38.1765 4 5
      vertex 38.9032 4.09937 5
      vertex 38.8381 4.14749 5
    endloop
  endfacet
  facet normal 0 0 1
    outer loop
      vertex 38.1765 4 5
      vertex 38.8381 4.14749 5
      vertex 38.7807 4.20244 5
    endloop
  endfacet
  facet normal 0 0 1
    outer loop
      vertex 38.7821 6.14943 5
      vertex 37.7671 9.13067 5
      vertex 38.7446 6.09044 5
    endloop
  endfacet
  facet normal 0 0 1
    outer loop
      vertex 38.682 5.88817 5
      vertex 38.1765 4.37126 5
      vertex 38.6779 5.81229 5
    endloop
  endfacet
  facet normal 0 0 1
    outer loop
      vertex 38.6779 5.81229 5
      vertex 38.1765 4.37126 5
      vertex 38.6246 4.7282 5
    endloop
  endfacet
  facet normal 0 0 1
    outer loop
      vertex 38.6246 4.7282 5
      vertex 38.1765 4.37126 5
      vertex 38.6219 4.66287 5
    endloop
  endfacet
  facet normal 0 0 1
    outer loop
      vertex 38.6219 4.66287 5
      vertex 38.1765 4.37126 5
      vertex 38.6263 4.57056 5
    endloop
  endfacet
  facet normal 0 0 1
    outer loop
      vertex 38.1765 4.37126 5
      vertex 38.6396 4.48448 5
      vertex 38.6263 4.57056 5
    endloop
  endfacet
  facet normal 0 0 1
    outer loop
      vertex 38.1765 4.37126 5
      vertex 38.6616 4.40463 5
      vertex 38.6396 4.48448 5
    endloop
  endfacet
  facet normal -0 0 1
    outer loop
      vertex 38.1765 4.37126 5
      vertex 38.6925 4.33101 5
      vertex 38.6616 4.40463 5
    endloop
  endfacet
  facet normal 0 0 1
    outer loop
      vertex 38.1765 4 5
      vertex 38.6925 4.33101 5
      vertex 38.1765 4.37126 5
    endloop
  endfacet
  facet normal 0 0 1
    outer loop
      vertex 38.6925 4.33101 5
      vertex 38.1765 4 5
      vertex 38.7322 4.26361 5
    endloop
  endfacet
  facet normal 0 0 1
    outer loop
      vertex 38.7322 4.26361 5
      vertex 38.1765 4 5
      vertex 38.7807 4.20244 5
    endloop
  endfacet
  facet normal 0 0 1
    outer loop
      vertex 39.2321 3.98091 5
      vertex 38.1765 4 5
      vertex 43 0 5
    endloop
  endfacet
  facet normal -0 0 1
    outer loop
      vertex 37.846 4 5
      vertex 43 0 5
      vertex 38.1765 4 5
    endloop
  endfacet
  facet normal 0 0 1
    outer loop
      vertex 37.4046 4.25937 5
      vertex 38.6945 5.95981 5
      vertex 37.55 9.22058 5
    endloop
  endfacet
  facet normal 0 0 1
    outer loop
      vertex 38.6945 5.95981 5
      vertex 37.4046 4.25937 5
      vertex 38.682 5.88817 5
    endloop
  endfacet
  facet normal 0 0 1
    outer loop
      vertex 37.4046 4.25937 5
      vertex 37.55 9.22058 5
      vertex 37.4521 9.28598 5
    endloop
  endfacet
  facet normal 0 0 1
    outer loop
      vertex 37.846 4.37126 5
      vertex 37.4046 4.25937 5
      vertex 37.846 4 5
    endloop
  endfacet
  facet normal 0 0 1
    outer loop
      vertex 37.4046 4 5
      vertex 37.846 4 5
      vertex 37.4046 4.25937 5
    endloop
  endfacet
  facet normal 0 0 1
    outer loop
      vertex 37.846 4 5
      vertex 37.4046 4 5
      vertex 43 0 5
    endloop
  endfacet
  facet normal -0 0 1
    outer loop
      vertex 35.9076 4 5
      vertex 43 0 5
      vertex 37.4046 4 5
    endloop
  endfacet
  facet normal -0 0 1
    outer loop
      vertex 32.1272 5.98627 5
      vertex 35.9076 4.25937 5
      vertex 32.2274 6.14117 5
    endloop
  endfacet
  facet normal -0 0 1
    outer loop
      vertex 32.0357 5.84128 5
      vertex 35.9076 4.25937 5
      vertex 32.1272 5.98627 5
    endloop
  endfacet
  facet normal -0 0 1
    outer loop
      vertex 31.953 5.70616 5
      vertex 35.9076 4.25937 5
      vertex 32.0357 5.84128 5
    endloop
  endfacet
  facet normal -0 0 1
    outer loop
      vertex 31.8792 5.58095 5
      vertex 35.9076 4.25937 5
      vertex 31.953 5.70616 5
    endloop
  endfacet
  facet normal -0 0 1
    outer loop
      vertex 31.8141 5.46564 5
      vertex 35.9076 4.25937 5
      vertex 31.8792 5.58095 5
    endloop
  endfacet
  facet normal -0 0 1
    outer loop
      vertex 31.7578 5.36021 5
      vertex 35.9076 4.25937 5
      vertex 31.8141 5.46564 5
    endloop
  endfacet
  facet normal -0 0 1
    outer loop
      vertex 31.7103 5.26469 5
      vertex 35.9076 4.25937 5
      vertex 31.7578 5.36021 5
    endloop
  endfacet
  facet normal -0 0 1
    outer loop
      vertex 31.6687 5.17429 5
      vertex 35.9076 4.25937 5
      vertex 31.7103 5.26469 5
    endloop
  endfacet
  facet normal -0 0 1
    outer loop
      vertex 31.6302 5.08423 5
      vertex 35.9076 4.25937 5
      vertex 31.6687 5.17429 5
    endloop
  endfacet
  facet normal -0 0 1
    outer loop
      vertex 31.5948 4.99451 5
      vertex 35.9076 4.25937 5
      vertex 31.6302 5.08423 5
    endloop
  endfacet
  facet normal -0 0 1
    outer loop
      vertex 31.5625 4.90515 5
      vertex 35.9076 4.25937 5
      vertex 31.5948 4.99451 5
    endloop
  endfacet
  facet normal -0 0 1
    outer loop
      vertex 31.5333 4.81612 5
      vertex 35.9076 4.25937 5
      vertex 31.5625 4.90515 5
    endloop
  endfacet
  facet normal 0 0 1
    outer loop
      vertex 35.9076 4.25937 5
      vertex 31.5333 4.81612 5
      vertex 35.9076 4 5
    endloop
  endfacet
  facet normal -0 0 1
    outer loop
      vertex 31.5071 4.72745 5
      vertex 35.9076 4 5
      vertex 31.5333 4.81612 5
    endloop
  endfacet
  facet normal -0 0 1
    outer loop
      vertex 31.484 4.63911 5
      vertex 35.9076 4 5
      vertex 31.5071 4.72745 5
    endloop
  endfacet
  facet normal -0 0 1
    outer loop
      vertex 31.464 4.55051 5
      vertex 35.9076 4 5
      vertex 31.484 4.63911 5
    endloop
  endfacet
  facet normal -0 0 1
    outer loop
      vertex 31.447 4.461 5
      vertex 35.9076 4 5
      vertex 31.464 4.55051 5
    endloop
  endfacet
  facet normal -0 0 1
    outer loop
      vertex 31.4332 4.37061 5
      vertex 35.9076 4 5
      vertex 31.447 4.461 5
    endloop
  endfacet
  facet normal -0 0 1
    outer loop
      vertex 31.4224 4.2793 5
      vertex 35.9076 4 5
      vertex 31.4332 4.37061 5
    endloop
  endfacet
  facet normal -0 0 1
    outer loop
      vertex 31.4147 4.18709 5
      vertex 35.9076 4 5
      vertex 31.4224 4.2793 5
    endloop
  endfacet
  facet normal 0 0 1
    outer loop
      vertex 35.9076 4 5
      vertex 31.4147 4.18709 5
      vertex 31.4085 4 5
    endloop
  endfacet
  facet normal 0 0 1
    outer loop
      vertex 31.4085 4 5
      vertex 31.4147 4.18709 5
      vertex 31.4101 4.09399 5
    endloop
  endfacet
  facet normal 0 0 1
    outer loop
      vertex 35.9076 4 5
      vertex 31.4085 4 5
      vertex 43 0 5
    endloop
  endfacet
  facet normal -0 0 1
    outer loop
      vertex 31.0898 4 5
      vertex 43 0 5
      vertex 31.4085 4 5
    endloop
  endfacet
  facet normal -0 0 1
    outer loop
      vertex 30.425 9.26388 5
      vertex 30.649 6.38869 5
      vertex 30.5174 9.32565 5
    endloop
  endfacet
  facet normal -0 0 1
    outer loop
      vertex 30.3253 9.2147 5
      vertex 30.649 6.38869 5
      vertex 30.425 9.26388 5
    endloop
  endfacet
  facet normal -0 0 1
    outer loop
      vertex 30.22 9.17896 5
      vertex 30.649 6.38869 5
      vertex 30.3253 9.2147 5
    endloop
  endfacet
  facet normal -0 0 1
    outer loop
      vertex 30.1109 9.15727 5
      vertex 30.649 6.38869 5
      vertex 30.22 9.17896 5
    endloop
  endfacet
  facet normal 0 0 1
    outer loop
      vertex 30.649 6.38869 5
      vertex 30.1765 4.37126 5
      vertex 30.649 6.12932 5
    endloop
  endfacet
  facet normal 0 0 1
    outer loop
      vertex 30.1765 4 5
      vertex 31.0938 4.13176 5
      vertex 30.1765 4.37126 5
    endloop
  endfacet
  facet normal 0 0 1
    outer loop
      vertex 31.0938 4.13176 5
      vertex 30.1765 4 5
      vertex 31.0898 4 5
    endloop
  endfacet
  facet normal -0 0 1
    outer loop
      vertex 30.1765 4 5
      vertex 43 0 5
      vertex 31.0898 4 5
    endloop
  endfacet
  facet normal -0 0 1
    outer loop
      vertex 29.846 4 5
      vertex 43 0 5
      vertex 30.1765 4 5
    endloop
  endfacet
  facet normal 0 0 1
    outer loop
      vertex 29.575 9.26388 5
      vertex 30.649 6.38869 5
      vertex 29.6747 9.2147 5
    endloop
  endfacet
  facet normal 0 0 1
    outer loop
      vertex 29.4826 9.32565 5
      vertex 30.649 6.38869 5
      vertex 29.575 9.26388 5
    endloop
  endfacet
  facet normal 0 0 1
    outer loop
      vertex 30.649 6.38869 5
      vertex 29.4826 9.32565 5
      vertex 29.4046 4.25937 5
    endloop
  endfacet
  facet normal 0 0 1
    outer loop
      vertex 29.846 4.37126 5
      vertex 29.4046 4.25937 5
      vertex 29.846 4 5
    endloop
  endfacet
  facet normal 0 0 1
    outer loop
      vertex 29.4046 4 5
      vertex 29.846 4 5
      vertex 29.4046 4.25937 5
    endloop
  endfacet
  facet normal -0 0 1
    outer loop
      vertex 29.4046 4 5
      vertex 43 0 5
      vertex 29.846 4 5
    endloop
  endfacet
  facet normal -0 0 1
    outer loop
      vertex 27.9076 4 5
      vertex 43 0 5
      vertex 29.4046 4 5
    endloop
  endfacet
  facet normal -0 0 1
    outer loop
      vertex 24.2327 4.57851 5
      vertex 27.9076 4.25937 5
      vertex 24.2452 4.67677 5
    endloop
  endfacet
  facet normal 0 0 1
    outer loop
      vertex 27.9076 4.25937 5
      vertex 24.2327 4.57851 5
      vertex 27.9076 4 5
    endloop
  endfacet
  facet normal -0 0 1
    outer loop
      vertex 24.2117 4.48676 5
      vertex 27.9076 4 5
      vertex 24.2327 4.57851 5
    endloop
  endfacet
  facet normal -0 0 1
    outer loop
      vertex 24.1824 4.4015 5
      vertex 27.9076 4 5
      vertex 24.2117 4.48676 5
    endloop
  endfacet
  facet normal -0 0 1
    outer loop
      vertex 24.1448 4.32275 5
      vertex 27.9076 4 5
      vertex 24.1824 4.4015 5
    endloop
  endfacet
  facet normal -0 0 1
    outer loop
      vertex 24.0987 4.2505 5
      vertex 27.9076 4 5
      vertex 24.1448 4.32275 5
    endloop
  endfacet
  facet normal -0 0 1
    outer loop
      vertex 24.0443 4.18477 5
      vertex 27.9076 4 5
      vertex 24.0987 4.2505 5
    endloop
  endfacet
  facet normal -0 0 1
    outer loop
      vertex 23.9825 4.12675 5
      vertex 27.9076 4 5
      vertex 24.0443 4.18477 5
    endloop
  endfacet
  facet normal -0 0 1
    outer loop
      vertex 23.9143 4.07767 5
      vertex 27.9076 4 5
      vertex 23.9825 4.12675 5
    endloop
  endfacet
  facet normal -0 0 1
    outer loop
      vertex 23.8398 4.03749 5
      vertex 27.9076 4 5
      vertex 23.9143 4.07767 5
    endloop
  endfacet
  facet normal -0 0 1
    outer loop
      vertex 23.7589 4.00626 5
      vertex 27.9076 4 5
      vertex 23.8398 4.03749 5
    endloop
  endfacet
  facet normal 0 0 1
    outer loop
      vertex 23.6717 3.98396 5
      vertex 27.9076 4 5
      vertex 23.7589 4.00626 5
    endloop
  endfacet
  facet normal 0 0 1
    outer loop
      vertex 23.578 3.97057 5
      vertex 27.9076 4 5
      vertex 23.6717 3.98396 5
    endloop
  endfacet
  facet normal 0 0 1
    outer loop
      vertex 27.9076 4 5
      vertex 23.578 3.97057 5
      vertex 43 0 5
    endloop
  endfacet
  facet normal -0 0 1
    outer loop
      vertex 23.4781 3.96611 5
      vertex 43 0 5
      vertex 23.578 3.97057 5
    endloop
  endfacet
  facet normal 0 0 1
    outer loop
      vertex 22.1765 4 5
      vertex 23.4781 3.96611 5
      vertex 23.3667 3.97223 5
    endloop
  endfacet
  facet normal 0 0 1
    outer loop
      vertex 22.1765 4 5
      vertex 23.3667 3.97223 5
      vertex 23.263 3.9906 5
    endloop
  endfacet
  facet normal 0 0 1
    outer loop
      vertex 21.7929 9.22726 5
      vertex 22.9367 6.18016 5
      vertex 21.8956 9.20684 5
    endloop
  endfacet
  facet normal 0 0 1
    outer loop
      vertex 22.9367 6.18016 5
      vertex 21.7929 9.22726 5
      vertex 22.8694 6.092 5
    endloop
  endfacet
  facet normal 0 0 1
    outer loop
      vertex 21.6939 9.2609 5
      vertex 22.8694 6.092 5
      vertex 21.7929 9.22726 5
    endloop
  endfacet
  facet normal 0 0 1
    outer loop
      vertex 22.6882 5.61815 5
      vertex 22.1765 4.37126 5
      vertex 22.6655 5.47028 5
    endloop
  endfacet
  facet normal 0 0 1
    outer loop
      vertex 22.6655 5.47028 5
      vertex 22.1765 4.37126 5
      vertex 22.6519 5.31064 5
    endloop
  endfacet
  facet normal 0 0 1
    outer loop
      vertex 22.6519 5.31064 5
      vertex 22.1765 4.37126 5
      vertex 22.6474 5.13924 5
    endloop
  endfacet
  facet normal 0 0 1
    outer loop
      vertex 22.6474 5.13924 5
      vertex 22.1765 4.37126 5
      vertex 22.6517 4.98109 5
    endloop
  endfacet
  facet normal 0 0 1
    outer loop
      vertex 22.6517 4.98109 5
      vertex 22.1765 4.37126 5
      vertex 22.6648 4.83408 5
    endloop
  endfacet
  facet normal 0 0 1
    outer loop
      vertex 22.1765 4.37126 5
      vertex 22.6866 4.69821 5
      vertex 22.6648 4.83408 5
    endloop
  endfacet
  facet normal 0 0 1
    outer loop
      vertex 22.1765 4.37126 5
      vertex 22.7171 4.57349 5
      vertex 22.6866 4.69821 5
    endloop
  endfacet
  facet normal 0 0 1
    outer loop
      vertex 22.1765 4.37126 5
      vertex 22.7563 4.4599 5
      vertex 22.7171 4.57349 5
    endloop
  endfacet
  facet normal -0 0 1
    outer loop
      vertex 22.1765 4.37126 5
      vertex 22.8043 4.35745 5
      vertex 22.7563 4.4599 5
    endloop
  endfacet
  facet normal 0 0 1
    outer loop
      vertex 22.1765 4 5
      vertex 22.8043 4.35745 5
      vertex 22.1765 4.37126 5
    endloop
  endfacet
  facet normal 0 0 1
    outer loop
      vertex 22.8043 4.35745 5
      vertex 22.1765 4 5
      vertex 22.861 4.26614 5
    endloop
  endfacet
  facet normal 0 0 1
    outer loop
      vertex 22.861 4.26614 5
      vertex 22.1765 4 5
      vertex 22.9259 4.18654 5
    endloop
  endfacet
  facet normal 0 0 1
    outer loop
      vertex 22.9259 4.18654 5
      vertex 22.1765 4 5
      vertex 22.9985 4.11919 5
    endloop
  endfacet
  facet normal 0 0 1
    outer loop
      vertex 22.9985 4.11919 5
      vertex 22.1765 4 5
      vertex 23.0789 4.06407 5
    endloop
  endfacet
  facet normal 0 0 1
    outer loop
      vertex 23.0789 4.06407 5
      vertex 22.1765 4 5
      vertex 23.1671 4.02121 5
    endloop
  endfacet
  facet normal -0 0 1
    outer loop
      vertex 22.1765 4 5
      vertex 23.263 3.9906 5
      vertex 23.1671 4.02121 5
    endloop
  endfacet
  facet normal 0 0 1
    outer loop
      vertex 23.4781 3.96611 5
      vertex 22.1765 4 5
      vertex 21.846 4 5
    endloop
  endfacet
  facet normal 0 0 1
    outer loop
      vertex 23.4781 3.96611 5
      vertex 21.846 4 5
      vertex 2 0 5
    endloop
  endfacet
  facet normal 0 0 1
    outer loop
      vertex 22.7607 5.8786 5
      vertex 21.4046 4.25937 5
      vertex 22.7199 5.75426 5
    endloop
  endfacet
  facet normal 0 0 1
    outer loop
      vertex 22.7199 5.75426 5
      vertex 21.4046 4.25937 5
      vertex 22.6882 5.61815 5
    endloop
  endfacet
  facet normal 0 0 1
    outer loop
      vertex 21.4046 4.25937 5
      vertex 21.6 9.30718 5
      vertex 21.513 9.36532 5
    endloop
  endfacet
  facet normal 0 0 1
    outer loop
      vertex 21.4046 4.25937 5
      vertex 21.513 9.36532 5
      vertex 21.4343 9.43431 5
    endloop
  endfacet
  facet normal 0 0 1
    outer loop
      vertex 21.846 4.37126 5
      vertex 21.4046 4.25937 5
      vertex 21.846 4 5
    endloop
  endfacet
  facet normal 0 0 1
    outer loop
      vertex 21.4046 4 5
      vertex 21.846 4 5
      vertex 21.4046 4.25937 5
    endloop
  endfacet
  facet normal 0 0 1
    outer loop
      vertex 2 0 5
      vertex 21.846 4 5
      vertex 21.4046 4 5
    endloop
  endfacet
  facet normal 0 0 1
    outer loop
      vertex 2 0 5
      vertex 21.4046 4 5
      vertex 19.9076 4 5
    endloop
  endfacet
  facet normal 0 0 1
    outer loop
      vertex 19.9076 4.25937 5
      vertex 10.6743 7.1 5
      vertex 19.9076 4 5
    endloop
  endfacet
  facet normal 0 0 1
    outer loop
      vertex 2 0 5
      vertex 10.6743 7.1 5
      vertex 7.32568 7.1 5
    endloop
  endfacet
  facet normal 0 0 1
    outer loop
      vertex 23.4781 3.96611 5
      vertex 2 0 5
      vertex 43 0 5
    endloop
  endfacet
  facet normal 0 0 1
    outer loop
      vertex 10.6743 7.1 5
      vertex 2 0 5
      vertex 19.9076 4 5
    endloop
  endfacet
  facet normal 0 0 1
    outer loop
      vertex 0 2 5
      vertex 7.32568 7.1 5
      vertex 5.65137 10 5
    endloop
  endfacet
  facet normal 0 0 1
    outer loop
      vertex 7.32568 12.9 5
      vertex 0 18 5
      vertex 5.65137 10 5
    endloop
  endfacet
  facet normal 0 0 1
    outer loop
      vertex 0 18 5
      vertex 2 20 5
      vertex 1.73894 19.9829 5
    endloop
  endfacet
  facet normal 0 0 1
    outer loop
      vertex 0 2 5
      vertex 5.65137 10 5
      vertex 0 18 5
    endloop
  endfacet
  facet normal 0 0 1
    outer loop
      vertex 0 18 5
      vertex 1.73894 19.9829 5
      vertex 1.48236 19.9318 5
    endloop
  endfacet
  facet normal 0 0 1
    outer loop
      vertex 7.32568 7.1 5
      vertex 0 2 5
      vertex 2 0 5
    endloop
  endfacet
  facet normal 0 0 1
    outer loop
      vertex 0 18 5
      vertex 1.48236 19.9318 5
      vertex 1.23462 19.8477 5
    endloop
  endfacet
  facet normal 0 0 1
    outer loop
      vertex 2 0 5
      vertex 0 2 5
      vertex 1.73894 0.0171051 5
    endloop
  endfacet
  facet normal 0 0 1
    outer loop
      vertex 0 18 5
      vertex 1.23462 19.8477 5
      vertex 1 19.732 5
    endloop
  endfacet
  facet normal 0 0 1
    outer loop
      vertex 1.73894 0.0171051 5
      vertex 0 2 5
      vertex 1.48236 0.0681458 5
    endloop
  endfacet
  facet normal 0 0 1
    outer loop
      vertex 0 18 5
      vertex 1 19.732 5
      vertex 0.782471 19.5867 5
    endloop
  endfacet
  facet normal 0 0 1
    outer loop
      vertex 1.48236 0.0681458 5
      vertex 0 2 5
      vertex 1.23462 0.152237 5
    endloop
  endfacet
  facet normal 0 0 1
    outer loop
      vertex 0 18 5
      vertex 0.782471 19.5867 5
      vertex 0.585785 19.4142 5
    endloop
  endfacet
  facet normal 0 0 1
    outer loop
      vertex 1.23462 0.152237 5
      vertex 0 2 5
      vertex 1 0.267944 5
    endloop
  endfacet
  facet normal 0 0 1
    outer loop
      vertex 0 18 5
      vertex 0.585785 19.4142 5
      vertex 0.413284 19.2175 5
    endloop
  endfacet
  facet normal 0 0 1
    outer loop
      vertex 1 0.267944 5
      vertex 0 2 5
      vertex 0.782471 0.413284 5
    endloop
  endfacet
  facet normal 0 0 1
    outer loop
      vertex 0 18 5
      vertex 0.413284 19.2175 5
      vertex 0.267944 19 5
    endloop
  endfacet
  facet normal 0 0 1
    outer loop
      vertex 0.782471 0.413284 5
      vertex 0 2 5
      vertex 0.585785 0.585785 5
    endloop
  endfacet
  facet normal 0 0 1
    outer loop
      vertex 0 18 5
      vertex 0.267944 19 5
      vertex 0.152237 18.7654 5
    endloop
  endfacet
  facet normal 0 0 1
    outer loop
      vertex 0.585785 0.585785 5
      vertex 0 2 5
      vertex 0.413284 0.782471 5
    endloop
  endfacet
  facet normal 0 0 1
    outer loop
      vertex 0 18 5
      vertex 0.152237 18.7654 5
      vertex 0.0681458 18.5176 5
    endloop
  endfacet
  facet normal 0 0 1
    outer loop
      vertex 0.413284 0.782471 5
      vertex 0 2 5
      vertex 0.267944 1 5
    endloop
  endfacet
  facet normal 0 0 1
    outer loop
      vertex 0 18 5
      vertex 0.0681458 18.5176 5
      vertex 0.0171051 18.261 5
    endloop
  endfacet
  facet normal 0 0 1
    outer loop
      vertex 0.267944 1 5
      vertex 0 2 5
      vertex 0.152237 1.23462 5
    endloop
  endfacet
  facet normal 0 0 1
    outer loop
      vertex 0.152237 1.23462 5
      vertex 0 2 5
      vertex 0.0681458 1.48236 5
    endloop
  endfacet
  facet normal 0 0 1
    outer loop
      vertex 0.0681458 1.48236 5
      vertex 0 2 5
      vertex 0.0171051 1.73894 5
    endloop
  endfacet
  facet normal -0 0 1
    outer loop
      vertex 40.1825 5.69597 5
      vertex 40.2278 4.85374 5
      vertex 40.1895 5.75136 5
    endloop
  endfacet
  facet normal 0 0 1
    outer loop
      vertex 40.2278 4.85374 5
      vertex 40.1825 5.69597 5
      vertex 40.2096 4.90982 5
    endloop
  endfacet
  facet normal -0 0 1
    outer loop
      vertex 40.1709 5.64272 5
      vertex 40.2096 4.90982 5
      vertex 40.1825 5.69597 5
    endloop
  endfacet
  facet normal 0 0 1
    outer loop
      vertex 40.2096 4.90982 5
      vertex 40.1709 5.64272 5
      vertex 40.1862 4.96266 5
    endloop
  endfacet
  facet normal -0 0 1
    outer loop
      vertex 40.1547 5.59161 5
      vertex 40.1862 4.96266 5
      vertex 40.1709 5.64272 5
    endloop
  endfacet
  facet normal -0 0 1
    outer loop
      vertex 40.1338 5.54265 5
      vertex 40.1862 4.96266 5
      vertex 40.1547 5.59161 5
    endloop
  endfacet
  facet normal 0 0 1
    outer loop
      vertex 40.1862 4.96266 5
      vertex 40.1338 5.54265 5
      vertex 40.1577 5.0123 5
    endloop
  endfacet
  facet normal -0 0 1
    outer loop
      vertex 40.1083 5.49583 5
      vertex 40.1577 5.0123 5
      vertex 40.1338 5.54265 5
    endloop
  endfacet
  facet normal 0 0 1
    outer loop
      vertex 40.1577 5.0123 5
      vertex 40.1083 5.49583 5
      vertex 40.124 5.05872 5
    endloop
  endfacet
  facet normal -0 0 1
    outer loop
      vertex 40.0782 5.45117 5
      vertex 40.124 5.05872 5
      vertex 40.1083 5.49583 5
    endloop
  endfacet
  facet normal 0 0 1
    outer loop
      vertex 40.124 5.05872 5
      vertex 40.0782 5.45117 5
      vertex 40.0856 5.10109 5
    endloop
  endfacet
  facet normal -0 0 1
    outer loop
      vertex 40.044 5.4099 5
      vertex 40.0856 5.10109 5
      vertex 40.0782 5.45117 5
    endloop
  endfacet
  facet normal 0 0 1
    outer loop
      vertex 40.044 5.4099 5
      vertex 40.043 5.13857 5
      vertex 40.0856 5.10109 5
    endloop
  endfacet
  facet normal -0 0 1
    outer loop
      vertex 40.0065 5.37326 5
      vertex 40.043 5.13857 5
      vertex 40.044 5.4099 5
    endloop
  endfacet
  facet normal 0 0 1
    outer loop
      vertex 40.0065 5.37326 5
      vertex 39.9963 5.17117 5
      vertex 40.043 5.13857 5
    endloop
  endfacet
  facet normal -0 0 1
    outer loop
      vertex 39.9656 5.34125 5
      vertex 39.9963 5.17117 5
      vertex 40.0065 5.37326 5
    endloop
  endfacet
  facet normal 0 0 1
    outer loop
      vertex 39.9656 5.34125 5
      vertex 39.9454 5.19891 5
      vertex 39.9963 5.17117 5
    endloop
  endfacet
  facet normal -0 0 1
    outer loop
      vertex 39.9213 5.31389 5
      vertex 39.9454 5.19891 5
      vertex 39.9656 5.34125 5
    endloop
  endfacet
  facet normal 0 0 1
    outer loop
      vertex 39.9213 5.31389 5
      vertex 39.8904 5.22176 5
      vertex 39.9454 5.19891 5
    endloop
  endfacet
  facet normal -0 0 1
    outer loop
      vertex 39.8736 5.29117 5
      vertex 39.8904 5.22176 5
      vertex 39.9213 5.31389 5
    endloop
  endfacet
  facet normal 0 0 1
    outer loop
      vertex 39.8736 5.29117 5
      vertex 39.8313 5.23973 5
      vertex 39.8904 5.22176 5
    endloop
  endfacet
  facet normal -0 0 1
    outer loop
      vertex 39.8224 5.27307 5
      vertex 39.8313 5.23973 5
      vertex 39.8736 5.29117 5
    endloop
  endfacet
  facet normal 0 0 1
    outer loop
      vertex 39.768 5.25282 5
      vertex 39.8224 5.27307 5
      vertex 39.768 5.25961 5
    endloop
  endfacet
  facet normal 0 0 1
    outer loop
      vertex 39.8224 5.27307 5
      vertex 39.768 5.25282 5
      vertex 39.8313 5.23973 5
    endloop
  endfacet
  facet normal 0 0 1
    outer loop
      vertex 39.5283 6.4209 5
      vertex 38.5479 9.28598 5
      vertex 39.4306 6.42429 5
    endloop
  endfacet
  facet normal -0 0 1
    outer loop
      vertex 38.45 9.22058 5
      vertex 39.4306 6.42429 5
      vertex 38.5479 9.28598 5
    endloop
  endfacet
  facet normal 0 0 1
    outer loop
      vertex 39.4306 6.42429 5
      vertex 38.45 9.22058 5
      vertex 39.3351 6.42084 5
    endloop
  endfacet
  facet normal 0 0 1
    outer loop
      vertex 39.3351 6.42084 5
      vertex 38.45 9.22058 5
      vertex 39.2453 6.41045 5
    endloop
  endfacet
  facet normal -0 0 1
    outer loop
      vertex 38.3444 9.16851 5
      vertex 39.2453 6.41045 5
      vertex 38.45 9.22058 5
    endloop
  endfacet
  facet normal 0 0 1
    outer loop
      vertex 39.2453 6.41045 5
      vertex 38.3444 9.16851 5
      vertex 39.1613 6.39316 5
    endloop
  endfacet
  facet normal -0 0 1
    outer loop
      vertex 38.2329 9.13067 5
      vertex 39.1613 6.39316 5
      vertex 38.3444 9.16851 5
    endloop
  endfacet
  facet normal 0 0 1
    outer loop
      vertex 39.1613 6.39316 5
      vertex 38.2329 9.13067 5
      vertex 39.0829 6.36893 5
    endloop
  endfacet
  facet normal 0 0 1
    outer loop
      vertex 39.0829 6.36893 5
      vertex 38.2329 9.13067 5
      vertex 39.0103 6.33778 5
    endloop
  endfacet
  facet normal -0 0 1
    outer loop
      vertex 38.1175 9.1077 5
      vertex 39.0103 6.33778 5
      vertex 38.2329 9.13067 5
    endloop
  endfacet
  facet normal 0 0 1
    outer loop
      vertex 39.0103 6.33778 5
      vertex 38.1175 9.1077 5
      vertex 38.9434 6.29973 5
    endloop
  endfacet
  facet normal -0 0 1
    outer loop
      vertex 38 9.1 5
      vertex 38.9434 6.29973 5
      vertex 38.1175 9.1077 5
    endloop
  endfacet
  facet normal 0 0 1
    outer loop
      vertex 38.9434 6.29973 5
      vertex 38 9.1 5
      vertex 38.8821 6.25475 5
    endloop
  endfacet
  facet normal 0 0 1
    outer loop
      vertex 37.8825 9.1077 5
      vertex 38.8821 6.25475 5
      vertex 38 9.1 5
    endloop
  endfacet
  facet normal 0 0 1
    outer loop
      vertex 38.8821 6.25475 5
      vertex 37.8825 9.1077 5
      vertex 38.8279 6.20419 5
    endloop
  endfacet
  facet normal 0 0 1
    outer loop
      vertex 37.7671 9.13067 5
      vertex 38.8279 6.20419 5
      vertex 37.8825 9.1077 5
    endloop
  endfacet
  facet normal 0 0 1
    outer loop
      vertex 38.6779 5.81229 5
      vertex 38.6465 4.8497 5
      vertex 38.6656 4.90588 5
    endloop
  endfacet
  facet normal 0 0 1
    outer loop
      vertex 38.6779 5.81229 5
      vertex 38.6328 4.79047 5
      vertex 38.6465 4.8497 5
    endloop
  endfacet
  facet normal 0 0 1
    outer loop
      vertex 38.6779 5.81229 5
      vertex 38.6246 4.7282 5
      vertex 38.6328 4.79047 5
    endloop
  endfacet
  facet normal 0 0 1
    outer loop
      vertex 38.8279 6.20419 5
      vertex 37.7671 9.13067 5
      vertex 38.7821 6.14943 5
    endloop
  endfacet
  facet normal 0 0 1
    outer loop
      vertex 39.0443 5.27147 5
      vertex 39.0983 5.24944 5
      vertex 39.0983 5.25621 5
    endloop
  endfacet
  facet normal 0 0 1
    outer loop
      vertex 39.0443 5.27147 5
      vertex 39.0403 5.2372 5
      vertex 39.0983 5.24944 5
    endloop
  endfacet
  facet normal 0 0 1
    outer loop
      vertex 38.9936 5.29109 5
      vertex 39.0403 5.2372 5
      vertex 39.0443 5.27147 5
    endloop
  endfacet
  facet normal 0 0 1
    outer loop
      vertex 38.9936 5.29109 5
      vertex 38.9852 5.21983 5
      vertex 39.0403 5.2372 5
    endloop
  endfacet
  facet normal 0 0 1
    outer loop
      vertex 38.9463 5.31506 5
      vertex 38.9852 5.21983 5
      vertex 38.9936 5.29109 5
    endloop
  endfacet
  facet normal 0 0 1
    outer loop
      vertex 38.9463 5.31506 5
      vertex 38.9333 5.19734 5
      vertex 38.9852 5.21983 5
    endloop
  endfacet
  facet normal 0 0 1
    outer loop
      vertex 38.9023 5.3434 5
      vertex 38.9333 5.19734 5
      vertex 38.9463 5.31506 5
    endloop
  endfacet
  facet normal 0 0 1
    outer loop
      vertex 38.9023 5.3434 5
      vertex 38.8844 5.16972 5
      vertex 38.9333 5.19734 5
    endloop
  endfacet
  facet normal 0 0 1
    outer loop
      vertex 38.8617 5.3761 5
      vertex 38.8844 5.16972 5
      vertex 38.9023 5.3434 5
    endloop
  endfacet
  facet normal 0 0 1
    outer loop
      vertex 38.8617 5.3761 5
      vertex 38.8385 5.13699 5
      vertex 38.8844 5.16972 5
    endloop
  endfacet
  facet normal 0 0 1
    outer loop
      vertex 38.8245 5.41315 5
      vertex 38.8385 5.13699 5
      vertex 38.8617 5.3761 5
    endloop
  endfacet
  facet normal 0 0 1
    outer loop
      vertex 38.8245 5.41315 5
      vertex 38.7956 5.09914 5
      vertex 38.8385 5.13699 5
    endloop
  endfacet
  facet normal 0 0 1
    outer loop
      vertex 38.7906 5.45457 5
      vertex 38.7956 5.09914 5
      vertex 38.8245 5.41315 5
    endloop
  endfacet
  facet normal 0 0 1
    outer loop
      vertex 38.7558 5.05617 5
      vertex 38.7906 5.45457 5
      vertex 38.7607 5.49924 5
    endloop
  endfacet
  facet normal 0 0 1
    outer loop
      vertex 38.7906 5.45457 5
      vertex 38.7558 5.05617 5
      vertex 38.7956 5.09914 5
    endloop
  endfacet
  facet normal 0 0 1
    outer loop
      vertex 38.7203 5.00911 5
      vertex 38.7607 5.49924 5
      vertex 38.7354 5.54605 5
    endloop
  endfacet
  facet normal 0 0 1
    outer loop
      vertex 38.7607 5.49924 5
      vertex 38.7203 5.00911 5
      vertex 38.7558 5.05617 5
    endloop
  endfacet
  facet normal 0 0 1
    outer loop
      vertex 38.6902 4.95901 5
      vertex 38.7354 5.54605 5
      vertex 38.7147 5.595 5
    endloop
  endfacet
  facet normal 0 0 1
    outer loop
      vertex 38.6656 4.90588 5
      vertex 38.7147 5.595 5
      vertex 38.6986 5.6461 5
    endloop
  endfacet
  facet normal 0 0 1
    outer loop
      vertex 38.7354 5.54605 5
      vertex 38.6902 4.95901 5
      vertex 38.7203 5.00911 5
    endloop
  endfacet
  facet normal 0 0 1
    outer loop
      vertex 38.6656 4.90588 5
      vertex 38.6986 5.6461 5
      vertex 38.6871 5.69936 5
    endloop
  endfacet
  facet normal 0 0 1
    outer loop
      vertex 38.6656 4.90588 5
      vertex 38.6871 5.69936 5
      vertex 38.6802 5.75475 5
    endloop
  endfacet
  facet normal 0 0 1
    outer loop
      vertex 38.6656 4.90588 5
      vertex 38.6802 5.75475 5
      vertex 38.6779 5.81229 5
    endloop
  endfacet
  facet normal 0 0 1
    outer loop
      vertex 38.7147 5.595 5
      vertex 38.6656 4.90588 5
      vertex 38.6902 4.95901 5
    endloop
  endfacet
  facet normal 0 0 1
    outer loop
      vertex 22.9925 4.69113 5
      vertex 23.9392 4.76797 5
      vertex 23.9366 4.83965 5
    endloop
  endfacet
  facet normal 0 0 1
    outer loop
      vertex 23.9392 4.76797 5
      vertex 22.9925 4.69113 5
      vertex 23.9366 4.69612 5
    endloop
  endfacet
  facet normal 0 0 1
    outer loop
      vertex 22.9841 4.76396 5
      vertex 23.9366 4.83965 5
      vertex 23.9288 4.90649 5
    endloop
  endfacet
  facet normal 0 -0 1
    outer loop
      vertex 23.0064 4.62239 5
      vertex 23.9366 4.69612 5
      vertex 22.9925 4.69113 5
    endloop
  endfacet
  facet normal 0 0 1
    outer loop
      vertex 23.4577 5.30876 5
      vertex 23.9288 4.90649 5
      vertex 23.9158 4.96849 5
    endloop
  endfacet
  facet normal 0 -0 1
    outer loop
      vertex 23.0259 4.55772 5
      vertex 23.9366 4.69612 5
      vertex 23.0064 4.62239 5
    endloop
  endfacet
  facet normal 0 0 1
    outer loop
      vertex 23.5206 5.30589 5
      vertex 23.9158 4.96849 5
      vertex 23.8977 5.02565 5
    endloop
  endfacet
  facet normal 0 0 1
    outer loop
      vertex 23.9366 4.69612 5
      vertex 23.0259 4.55772 5
      vertex 23.9289 4.62881 5
    endloop
  endfacet
  facet normal 0 0 1
    outer loop
      vertex 23.5794 5.29729 5
      vertex 23.8977 5.02565 5
      vertex 23.8743 5.07796 5
    endloop
  endfacet
  facet normal 0 -0 1
    outer loop
      vertex 23.0509 4.49713 5
      vertex 23.9289 4.62881 5
      vertex 23.0259 4.55772 5
    endloop
  endfacet
  facet normal 0 0 1
    outer loop
      vertex 23.5794 5.29729 5
      vertex 23.8743 5.07796 5
      vertex 23.8458 5.12543 5
    endloop
  endfacet
  facet normal 0 0 1
    outer loop
      vertex 23.9289 4.62881 5
      vertex 23.0509 4.49713 5
      vertex 23.9161 4.56604 5
    endloop
  endfacet
  facet normal 0 0 1
    outer loop
      vertex 23.6341 5.28291 5
      vertex 23.8458 5.12543 5
      vertex 23.812 5.16805 5
    endloop
  endfacet
  facet normal 0 -0 1
    outer loop
      vertex 23.0816 4.44064 5
      vertex 23.9161 4.56604 5
      vertex 23.0509 4.49713 5
    endloop
  endfacet
  facet normal 0 0 1
    outer loop
      vertex 23.6341 5.28291 5
      vertex 23.812 5.16805 5
      vertex 23.7737 5.20538 5
    endloop
  endfacet
  facet normal 0 -0 1
    outer loop
      vertex 23.1178 4.38821 5
      vertex 23.8982 4.5078 5
      vertex 23.0816 4.44064 5
    endloop
  endfacet
  facet normal 0 0 1
    outer loop
      vertex 23.6341 5.28291 5
      vertex 23.7737 5.20538 5
      vertex 23.7312 5.23697 5
    endloop
  endfacet
  facet normal 0 -0 1
    outer loop
      vertex 23.5289 4.21495 5
      vertex 23.8982 4.5078 5
      vertex 23.1178 4.38821 5
    endloop
  endfacet
  facet normal 0 0 1
    outer loop
      vertex 23.6341 5.28291 5
      vertex 23.7312 5.23697 5
      vertex 23.6847 5.26282 5
    endloop
  endfacet
  facet normal 0 0 1
    outer loop
      vertex 23.8982 4.5078 5
      vertex 23.5289 4.21495 5
      vertex 23.8752 4.45407 5
    endloop
  endfacet
  facet normal 0 0 1
    outer loop
      vertex 23.8458 5.12543 5
      vertex 23.6341 5.28291 5
      vertex 23.5794 5.29729 5
    endloop
  endfacet
  facet normal 0 0 1
    outer loop
      vertex 23.8752 4.45407 5
      vertex 23.5289 4.21495 5
      vertex 23.847 4.40489 5
    endloop
  endfacet
  facet normal 0 0 1
    outer loop
      vertex 23.8977 5.02565 5
      vertex 23.5794 5.29729 5
      vertex 23.5206 5.30589 5
    endloop
  endfacet
  facet normal 0 0 1
    outer loop
      vertex 23.847 4.40489 5
      vertex 23.5861 4.22403 5
      vertex 23.8137 4.36024 5
    endloop
  endfacet
  facet normal 0 0 1
    outer loop
      vertex 23.9158 4.96849 5
      vertex 23.5206 5.30589 5
      vertex 23.4577 5.30876 5
    endloop
  endfacet
  facet normal 0 0 1
    outer loop
      vertex 23.8137 4.36024 5
      vertex 23.5861 4.22403 5
      vertex 23.7759 4.32089 5
    endloop
  endfacet
  facet normal 0 0 1
    outer loop
      vertex 23.9288 4.90649 5
      vertex 23.4577 5.30876 5
      vertex 22.9813 4.84087 5
    endloop
  endfacet
  facet normal 0 0 1
    outer loop
      vertex 23.7343 4.2876 5
      vertex 23.5861 4.22403 5
      vertex 23.6888 4.26035 5
    endloop
  endfacet
  facet normal 0 0 1
    outer loop
      vertex 22.9813 4.84087 5
      vertex 23.4577 5.30876 5
      vertex 23.3984 5.30623 5
    endloop
  endfacet
  facet normal 0 0 1
    outer loop
      vertex 23.6888 4.26035 5
      vertex 23.5861 4.22403 5
      vertex 23.6393 4.23917 5
    endloop
  endfacet
  facet normal 0 0 1
    outer loop
      vertex 22.984 4.90143 5
      vertex 23.3984 5.30623 5
      vertex 23.3424 5.2986 5
    endloop
  endfacet
  facet normal 0 0 1
    outer loop
      vertex 23.7759 4.32089 5
      vertex 23.5861 4.22403 5
      vertex 23.7343 4.2876 5
    endloop
  endfacet
  facet normal 0 0 1
    outer loop
      vertex 22.984 4.90143 5
      vertex 23.3424 5.2986 5
      vertex 23.2897 5.28589 5
    endloop
  endfacet
  facet normal 0 -0 1
    outer loop
      vertex 23.5861 4.22403 5
      vertex 23.847 4.40489 5
      vertex 23.5289 4.21495 5
    endloop
  endfacet
  facet normal 0 0 1
    outer loop
      vertex 22.9921 4.95816 5
      vertex 23.2897 5.28589 5
      vertex 23.2404 5.26808 5
    endloop
  endfacet
  facet normal 0 0 1
    outer loop
      vertex 23.5289 4.21495 5
      vertex 23.1178 4.38821 5
      vertex 23.4679 4.21191 5
    endloop
  endfacet
  facet normal 0 0 1
    outer loop
      vertex 22.9921 4.95816 5
      vertex 23.2404 5.26808 5
      vertex 23.1945 5.24519 5
    endloop
  endfacet
  facet normal -0 -0 1
    outer loop
      vertex 23.1584 4.34145 5
      vertex 23.4679 4.21191 5
      vertex 23.1178 4.38821 5
    endloop
  endfacet
  facet normal 0 0 1
    outer loop
      vertex 22.9921 4.95816 5
      vertex 23.1945 5.24519 5
      vertex 23.1519 5.21722 5
    endloop
  endfacet
  facet normal 0 0 1
    outer loop
      vertex 23.4679 4.21191 5
      vertex 23.1584 4.34145 5
      vertex 23.4084 4.21552 5
    endloop
  endfacet
  facet normal 0 0 1
    outer loop
      vertex 22.9921 4.95816 5
      vertex 23.1519 5.21722 5
      vertex 23.1127 5.18417 5
    endloop
  endfacet
  facet normal 0 0 1
    outer loop
      vertex 23.2489 4.26949 5
      vertex 23.1584 4.34145 5
      vertex 23.2021 4.30186 5
    endloop
  endfacet
  facet normal 0 0 1
    outer loop
      vertex 22.9921 4.95816 5
      vertex 23.1127 5.18417 5
      vertex 23.0779 5.14665 5
    endloop
  endfacet
  facet normal 0 0 1
    outer loop
      vertex 23.299 4.24429 5
      vertex 23.1584 4.34145 5
      vertex 23.2489 4.26949 5
    endloop
  endfacet
  facet normal 0 0 1
    outer loop
      vertex 22.9921 4.95816 5
      vertex 23.0779 5.14665 5
      vertex 23.0484 5.10529 5
    endloop
  endfacet
  facet normal 0 0 1
    outer loop
      vertex 23.4084 4.21552 5
      vertex 23.1584 4.34145 5
      vertex 23.3521 4.2263 5
    endloop
  endfacet
  facet normal 0 0 1
    outer loop
      vertex 22.9921 4.95816 5
      vertex 23.0484 5.10529 5
      vertex 23.0242 5.06009 5
    endloop
  endfacet
  facet normal 0 0 1
    outer loop
      vertex 23.3521 4.2263 5
      vertex 23.1584 4.34145 5
      vertex 23.299 4.24429 5
    endloop
  endfacet
  facet normal 0 0 1
    outer loop
      vertex 22.9921 4.95816 5
      vertex 23.0242 5.06009 5
      vertex 23.0055 5.01105 5
    endloop
  endfacet
  facet normal 0 0 1
    outer loop
      vertex 23.9161 4.56604 5
      vertex 23.0816 4.44064 5
      vertex 23.8982 4.5078 5
    endloop
  endfacet
  facet normal 0 0 1
    outer loop
      vertex 23.2897 5.28589 5
      vertex 22.9921 4.95816 5
      vertex 22.984 4.90143 5
    endloop
  endfacet
  facet normal 0 0 1
    outer loop
      vertex 23.9366 4.83965 5
      vertex 22.9841 4.76396 5
      vertex 22.9925 4.69113 5
    endloop
  endfacet
  facet normal 0 0 1
    outer loop
      vertex 23.3984 5.30623 5
      vertex 22.984 4.90143 5
      vertex 22.9813 4.84087 5
    endloop
  endfacet
  facet normal 0 0 1
    outer loop
      vertex 23.9288 4.90649 5
      vertex 22.9813 4.84087 5
      vertex 22.9841 4.76396 5
    endloop
  endfacet
  facet normal 0 0 1
    outer loop
      vertex 39.5585 5.13344 5
      vertex 39.9341 4.69507 5
      vertex 39.9314 4.75629 5
    endloop
  endfacet
  facet normal 0 0 1
    outer loop
      vertex 39.4967 5.14034 5
      vertex 39.9341 4.69507 5
      vertex 39.5585 5.13344 5
    endloop
  endfacet
  facet normal 0 0 1
    outer loop
      vertex 39.6158 5.12193 5
      vertex 39.9314 4.75629 5
      vertex 39.9233 4.81305 5
    endloop
  endfacet
  facet normal 0 0 1
    outer loop
      vertex 39.9341 4.69507 5
      vertex 39.4967 5.14034 5
      vertex 39.9316 4.62337 5
    endloop
  endfacet
  facet normal 0 0 1
    outer loop
      vertex 39.7176 5.08511 5
      vertex 39.9233 4.81305 5
      vertex 39.9098 4.86536 5
    endloop
  endfacet
  facet normal 0 -0 1
    outer loop
      vertex 39.5094 4.19739 5
      vertex 39.9316 4.62337 5
      vertex 39.4967 5.14034 5
    endloop
  endfacet
  facet normal 0 0 1
    outer loop
      vertex 39.7619 5.0598 5
      vertex 39.9098 4.86536 5
      vertex 39.8909 4.91318 5
    endloop
  endfacet
  facet normal 0 -0 1
    outer loop
      vertex 39.5728 4.2047 5
      vertex 39.9241 4.55743 5
      vertex 39.5094 4.19739 5
    endloop
  endfacet
  facet normal 0 0 1
    outer loop
      vertex 39.7619 5.0598 5
      vertex 39.8909 4.91318 5
      vertex 39.8666 4.95654 5
    endloop
  endfacet
  facet normal 0 0 1
    outer loop
      vertex 39.9314 4.75629 5
      vertex 39.6158 5.12193 5
      vertex 39.5585 5.13344 5
    endloop
  endfacet
  facet normal 0 0 1
    outer loop
      vertex 39.8018 5.02989 5
      vertex 39.8666 4.95654 5
      vertex 39.8369 4.99545 5
    endloop
  endfacet
  facet normal 0 0 1
    outer loop
      vertex 39.9241 4.55743 5
      vertex 39.5728 4.2047 5
      vertex 39.9117 4.49728 5
    endloop
  endfacet
  facet normal 0 0 1
    outer loop
      vertex 39.7619 5.0598 5
      vertex 39.8666 4.95654 5
      vertex 39.8018 5.02989 5
    endloop
  endfacet
  facet normal 0 -0 1
    outer loop
      vertex 39.7319 4.25592 5
      vertex 39.8718 4.39432 5
      vertex 39.6841 4.23398 5
    endloop
  endfacet
  facet normal 0 0 1
    outer loop
      vertex 39.9098 4.86536 5
      vertex 39.7619 5.0598 5
      vertex 39.7176 5.08511 5
    endloop
  endfacet
  facet normal 0 0 1
    outer loop
      vertex 39.8444 4.3515 5
      vertex 39.7746 4.28276 5
      vertex 39.812 4.31447 5
    endloop
  endfacet
  facet normal 0 0 1
    outer loop
      vertex 39.9233 4.81305 5
      vertex 39.7176 5.08511 5
      vertex 39.6689 5.10582 5
    endloop
  endfacet
  facet normal 0 0 1
    outer loop
      vertex 39.8444 4.3515 5
      vertex 39.7319 4.25592 5
      vertex 39.7746 4.28276 5
    endloop
  endfacet
  facet normal 0 0 1
    outer loop
      vertex 39.9233 4.81305 5
      vertex 39.6689 5.10582 5
      vertex 39.6158 5.12193 5
    endloop
  endfacet
  facet normal 0 0 1
    outer loop
      vertex 39.8718 4.39432 5
      vertex 39.7319 4.25592 5
      vertex 39.8444 4.3515 5
    endloop
  endfacet
  facet normal 0 -0 1
    outer loop
      vertex 39.6841 4.23398 5
      vertex 39.8942 4.44292 5
      vertex 39.631 4.21689 5
    endloop
  endfacet
  facet normal 0 0 1
    outer loop
      vertex 39.8942 4.44292 5
      vertex 39.6841 4.23398 5
      vertex 39.8718 4.39432 5
    endloop
  endfacet
  facet normal 0 0 1
    outer loop
      vertex 39.9117 4.49728 5
      vertex 39.631 4.21689 5
      vertex 39.8942 4.44292 5
    endloop
  endfacet
  facet normal 0 -0 1
    outer loop
      vertex 39.631 4.21689 5
      vertex 39.9117 4.49728 5
      vertex 39.5728 4.2047 5
    endloop
  endfacet
  facet normal 0 0 1
    outer loop
      vertex 39.9316 4.62337 5
      vertex 39.5094 4.19739 5
      vertex 39.9241 4.55743 5
    endloop
  endfacet
  facet normal 0 0 1
    outer loop
      vertex 39.4967 5.14034 5
      vertex 39.4408 4.19495 5
      vertex 39.5094 4.19739 5
    endloop
  endfacet
  facet normal 0 0 1
    outer loop
      vertex 39.4306 5.14264 5
      vertex 39.4408 4.19495 5
      vertex 39.4967 5.14034 5
    endloop
  endfacet
  facet normal -0 0 1
    outer loop
      vertex 39.3663 5.14017 5
      vertex 39.4408 4.19495 5
      vertex 39.4306 5.14264 5
    endloop
  endfacet
  facet normal 0 0 1
    outer loop
      vertex 39.3663 5.14017 5
      vertex 39.3072 4.20502 5
      vertex 39.4408 4.19495 5
    endloop
  endfacet
  facet normal 0 0 1
    outer loop
      vertex 38.9372 4.68829 5
      vertex 39.3663 5.14017 5
      vertex 39.3062 5.13275 5
    endloop
  endfacet
  facet normal 0 0 1
    outer loop
      vertex 38.9399 4.74698 5
      vertex 39.3062 5.13275 5
      vertex 39.2502 5.12038 5
    endloop
  endfacet
  facet normal 0 0 1
    outer loop
      vertex 38.9399 4.74698 5
      vertex 39.2502 5.12038 5
      vertex 39.1984 5.10306 5
    endloop
  endfacet
  facet normal 0 0 1
    outer loop
      vertex 39.3663 5.14017 5
      vertex 38.9372 4.68829 5
      vertex 39.3072 4.20502 5
    endloop
  endfacet
  facet normal 0 0 1
    outer loop
      vertex 38.9479 4.80197 5
      vertex 39.1984 5.10306 5
      vertex 39.1507 5.0808 5
    endloop
  endfacet
  facet normal 0 0 1
    outer loop
      vertex 38.9479 4.80197 5
      vertex 39.1507 5.0808 5
      vertex 39.1072 5.05357 5
    endloop
  endfacet
  facet normal -0 -0 1
    outer loop
      vertex 38.9475 4.5574 5
      vertex 39.3072 4.20502 5
      vertex 38.9372 4.68829 5
    endloop
  endfacet
  facet normal 0 0 1
    outer loop
      vertex 38.9612 4.85327 5
      vertex 39.1072 5.05357 5
      vertex 39.0678 5.02142 5
    endloop
  endfacet
  facet normal 0 0 1
    outer loop
      vertex 38.9612 4.85327 5
      vertex 39.0678 5.02142 5
      vertex 39.0332 4.98492 5
    endloop
  endfacet
  facet normal 0 0 1
    outer loop
      vertex 39.3072 4.20502 5
      vertex 38.9475 4.5574 5
      vertex 39.1941 4.23521 5
    endloop
  endfacet
  facet normal 0 0 1
    outer loop
      vertex 38.9612 4.85327 5
      vertex 39.0332 4.98492 5
      vertex 39.0038 4.94475 5
    endloop
  endfacet
  facet normal 0 0 1
    outer loop
      vertex 38.9612 4.85327 5
      vertex 39.0038 4.94475 5
      vertex 38.9799 4.90085 5
    endloop
  endfacet
  facet normal -0 -0 1
    outer loop
      vertex 38.9783 4.44666 5
      vertex 39.1941 4.23521 5
      vertex 38.9475 4.5574 5
    endloop
  endfacet
  facet normal 0 0 1
    outer loop
      vertex 39.1072 5.05357 5
      vertex 38.9612 4.85327 5
      vertex 38.9479 4.80197 5
    endloop
  endfacet
  facet normal 0 0 1
    outer loop
      vertex 39.1984 5.10306 5
      vertex 38.9479 4.80197 5
      vertex 38.9399 4.74698 5
    endloop
  endfacet
  facet normal 0 0 1
    outer loop
      vertex 39.1941 4.23521 5
      vertex 38.9783 4.44666 5
      vertex 39.1017 4.28555 5
    endloop
  endfacet
  facet normal 0 0 1
    outer loop
      vertex 39.3062 5.13275 5
      vertex 38.9399 4.74698 5
      vertex 38.9372 4.68829 5
    endloop
  endfacet
  facet normal 0 0 1
    outer loop
      vertex 39.1017 4.28555 5
      vertex 38.9783 4.44666 5
      vertex 39.0297 4.35603 5
    endloop
  endfacet
  facet normal 0 0 1
    outer loop
      vertex 39.5484 6.18884 5
      vertex 39.8748 5.79195 5
      vertex 39.8657 5.89944 5
    endloop
  endfacet
  facet normal 0 0 1
    outer loop
      vertex 39.4934 5.37352 5
      vertex 39.8748 5.79195 5
      vertex 39.5484 6.18884 5
    endloop
  endfacet
  facet normal 0 -0 1
    outer loop
      vertex 39.5486 5.37959 5
      vertex 39.8725 5.73099 5
      vertex 39.4934 5.37352 5
    endloop
  endfacet
  facet normal 0 0 1
    outer loop
      vertex 39.6481 6.16405 5
      vertex 39.8657 5.89944 5
      vertex 39.8385 5.9904 5
    endloop
  endfacet
  facet normal 0 0 1
    outer loop
      vertex 39.8748 5.79195 5
      vertex 39.4934 5.37352 5
      vertex 39.8725 5.73099 5
    endloop
  endfacet
  facet normal 0 0 1
    outer loop
      vertex 39.8656 5.67506 5
      vertex 39.5997 5.38971 5
      vertex 39.854 5.62415 5
    endloop
  endfacet
  facet normal 0 0 1
    outer loop
      vertex 39.7297 6.1227 5
      vertex 39.8385 5.9904 5
      vertex 39.7932 6.06482 5
    endloop
  endfacet
  facet normal 0 -0 1
    outer loop
      vertex 39.5997 5.38971 5
      vertex 39.8656 5.67506 5
      vertex 39.5486 5.37959 5
    endloop
  endfacet
  facet normal 0 0 1
    outer loop
      vertex 39.854 5.62415 5
      vertex 39.6892 5.42209 5
      vertex 39.838 5.57825 5
    endloop
  endfacet
  facet normal 0 0 1
    outer loop
      vertex 39.8385 5.9904 5
      vertex 39.7297 6.1227 5
      vertex 39.6481 6.16405 5
    endloop
  endfacet
  facet normal 0 0 1
    outer loop
      vertex 39.8657 5.89944 5
      vertex 39.6481 6.16405 5
      vertex 39.5484 6.18884 5
    endloop
  endfacet
  facet normal 0 0 1
    outer loop
      vertex 39.7919 5.50151 5
      vertex 39.7277 5.44435 5
      vertex 39.762 5.47067 5
    endloop
  endfacet
  facet normal 0 0 1
    outer loop
      vertex 39.838 5.57825 5
      vertex 39.7277 5.44435 5
      vertex 39.8172 5.53737 5
    endloop
  endfacet
  facet normal 0 0 1
    outer loop
      vertex 39.8172 5.53737 5
      vertex 39.7277 5.44435 5
      vertex 39.7919 5.50151 5
    endloop
  endfacet
  facet normal 0 -0 1
    outer loop
      vertex 39.7277 5.44435 5
      vertex 39.838 5.57825 5
      vertex 39.6892 5.42209 5
    endloop
  endfacet
  facet normal 0 -0 1
    outer loop
      vertex 39.6892 5.42209 5
      vertex 39.854 5.62415 5
      vertex 39.6465 5.40387 5
    endloop
  endfacet
  facet normal 0 -0 1
    outer loop
      vertex 39.6465 5.40387 5
      vertex 39.854 5.62415 5
      vertex 39.5997 5.38971 5
    endloop
  endfacet
  facet normal 0 0 1
    outer loop
      vertex 39.8725 5.73099 5
      vertex 39.5486 5.37959 5
      vertex 39.8656 5.67506 5
    endloop
  endfacet
  facet normal 0 0 1
    outer loop
      vertex 39.4306 6.19711 5
      vertex 39.4934 5.37352 5
      vertex 39.5484 6.18884 5
    endloop
  endfacet
  facet normal 0 0 1
    outer loop
      vertex 39.4934 5.37352 5
      vertex 39.4306 6.19711 5
      vertex 39.434 5.37149 5
    endloop
  endfacet
  facet normal 0 0 1
    outer loop
      vertex 39.4306 6.19711 5
      vertex 39.3754 5.37369 5
      vertex 39.434 5.37149 5
    endloop
  endfacet
  facet normal -0 0 1
    outer loop
      vertex 39.3712 6.19504 5
      vertex 39.3754 5.37369 5
      vertex 39.4306 6.19711 5
    endloop
  endfacet
  facet normal -0 0 1
    outer loop
      vertex 38.9898 5.79195 5
      vertex 39.3754 5.37369 5
      vertex 39.3712 6.19504 5
    endloop
  endfacet
  facet normal 0 0 1
    outer loop
      vertex 38.9898 5.79195 5
      vertex 39.3712 6.19504 5
      vertex 39.3159 6.18881 5
    endloop
  endfacet
  facet normal 0 0 1
    outer loop
      vertex 39.3754 5.37369 5
      vertex 38.9898 5.79195 5
      vertex 39.3207 5.38028 5
    endloop
  endfacet
  facet normal 0 0 1
    outer loop
      vertex 38.9921 5.84755 5
      vertex 39.3159 6.18881 5
      vertex 39.2649 6.17844 5
    endloop
  endfacet
  facet normal -0 -0 1
    outer loop
      vertex 38.9922 5.73532 5
      vertex 39.3207 5.38028 5
      vertex 38.9898 5.79195 5
    endloop
  endfacet
  facet normal 0 0 1
    outer loop
      vertex 38.999 5.89906 5
      vertex 39.2649 6.17844 5
      vertex 39.218 6.16389 5
    endloop
  endfacet
  facet normal 0 0 1
    outer loop
      vertex 39.3207 5.38028 5
      vertex 38.9922 5.73532 5
      vertex 39.2699 5.39127 5
    endloop
  endfacet
  facet normal 0 0 1
    outer loop
      vertex 39.0105 5.94649 5
      vertex 39.218 6.16389 5
      vertex 39.1753 6.14522 5
    endloop
  endfacet
  facet normal -0 -0 1
    outer loop
      vertex 38.9993 5.68268 5
      vertex 39.2699 5.39127 5
      vertex 38.9922 5.73532 5
    endloop
  endfacet
  facet normal 0 0 1
    outer loop
      vertex 39.0105 5.94649 5
      vertex 39.1753 6.14522 5
      vertex 39.1368 6.12238 5
    endloop
  endfacet
  facet normal 0 0 1
    outer loop
      vertex 39.2699 5.39127 5
      vertex 38.9993 5.68268 5
      vertex 39.2231 5.40665 5
    endloop
  endfacet
  facet normal 0 0 1
    outer loop
      vertex 39.0105 5.94649 5
      vertex 39.1368 6.12238 5
      vertex 39.1025 6.0954 5
    endloop
  endfacet
  facet normal -0 -0 1
    outer loop
      vertex 39.0111 5.63402 5
      vertex 39.2231 5.40665 5
      vertex 38.9993 5.68268 5
    endloop
  endfacet
  facet normal 0 0 1
    outer loop
      vertex 39.0105 5.94649 5
      vertex 39.1025 6.0954 5
      vertex 39.0726 6.0643 5
    endloop
  endfacet
  facet normal 0 0 1
    outer loop
      vertex 39.2231 5.40665 5
      vertex 39.0111 5.63402 5
      vertex 39.1801 5.42642 5
    endloop
  endfacet
  facet normal 0 0 1
    outer loop
      vertex 39.0105 5.94649 5
      vertex 39.0726 6.0643 5
      vertex 39.0473 6.02911 5
    endloop
  endfacet
  facet normal 0 0 1
    outer loop
      vertex 39.1801 5.42642 5
      vertex 39.0111 5.63402 5
      vertex 39.1411 5.45058 5
    endloop
  endfacet
  facet normal 0 0 1
    outer loop
      vertex 39.0105 5.94649 5
      vertex 39.0473 6.02911 5
      vertex 39.0266 5.98984 5
    endloop
  endfacet
  facet normal 0 0 1
    outer loop
      vertex 39.1411 5.45058 5
      vertex 39.0111 5.63402 5
      vertex 39.1059 5.47914 5
    endloop
  endfacet
  facet normal 0 0 1
    outer loop
      vertex 39.218 6.16389 5
      vertex 39.0105 5.94649 5
      vertex 38.999 5.89906 5
    endloop
  endfacet
  facet normal 0 0 1
    outer loop
      vertex 39.0751 5.5119 5
      vertex 39.0111 5.63402 5
      vertex 39.0491 5.54863 5
    endloop
  endfacet
  facet normal 0 0 1
    outer loop
      vertex 39.2649 6.17844 5
      vertex 38.999 5.89906 5
      vertex 38.9921 5.84755 5
    endloop
  endfacet
  facet normal 0 0 1
    outer loop
      vertex 39.0491 5.54863 5
      vertex 39.0111 5.63402 5
      vertex 39.0277 5.58934 5
    endloop
  endfacet
  facet normal 0 0 1
    outer loop
      vertex 39.3159 6.18881 5
      vertex 38.9921 5.84755 5
      vertex 38.9898 5.79195 5
    endloop
  endfacet
  facet normal 0 0 1
    outer loop
      vertex 39.1059 5.47914 5
      vertex 39.0111 5.63402 5
      vertex 39.0751 5.5119 5
    endloop
  endfacet
  facet normal 0.896875 -0.442283 0
    outer loop
      vertex 44.732 1 5
      vertex 44.8477 1.23462 0
      vertex 44.8477 1.23462 5
    endloop
  endfacet
  facet normal 0.896875 -0.442283 0
    outer loop
      vertex 44.8477 1.23462 0
      vertex 44.732 1 5
      vertex 44.732 1 0
    endloop
  endfacet
  facet normal -0.442305 -0.896865 0
    outer loop
      vertex 1 0.267944 0
      vertex 1.23462 0.152237 5
      vertex 1 0.267944 5
    endloop
  endfacet
  facet normal -0.442305 -0.896865 -0
    outer loop
      vertex 1.23462 0.152237 5
      vertex 1 0.267944 0
      vertex 1.23462 0.152237 0
    endloop
  endfacet
  facet normal 0 1 -0
    outer loop
      vertex 10.6743 7.1 2
      vertex 7.32568 7.1 5
      vertex 10.6743 7.1 5
    endloop
  endfacet
  facet normal 0 1 0
    outer loop
      vertex 7.32568 7.1 5
      vertex 10.6743 7.1 2
      vertex 7.32568 7.1 2
    endloop
  endfacet
  facet normal 0 -1 0
    outer loop
      vertex 7.32568 12.9 2
      vertex 10.6743 12.9 5
      vertex 7.32568 12.9 5
    endloop
  endfacet
  facet normal 0 -1 -0
    outer loop
      vertex 10.6743 12.9 5
      vertex 7.32568 12.9 2
      vertex 10.6743 12.9 2
    endloop
  endfacet
  facet normal -0.866027 -0.499996 0
    outer loop
      vertex 12.3486 10 2
      vertex 10.6743 12.9 5
      vertex 10.6743 12.9 2
    endloop
  endfacet
  facet normal -0.866027 -0.499996 0
    outer loop
      vertex 10.6743 12.9 5
      vertex 12.3486 10 2
      vertex 12.3486 10 5
    endloop
  endfacet
  facet normal 0 0 1
    outer loop
      vertex 12.3486 10 2
      vertex 10.6855 10.2219 2
      vertex 10.7 10 2
    endloop
  endfacet
  facet normal -0 0 1
    outer loop
      vertex 10.4722 10.85 2
      vertex 12.3486 10 2
      vertex 10.6743 12.9 2
    endloop
  endfacet
  facet normal 0 0 1
    outer loop
      vertex 12.3486 10 2
      vertex 10.6421 10.44 2
      vertex 10.6855 10.2219 2
    endloop
  endfacet
  facet normal 0 0 1
    outer loop
      vertex 12.3486 10 2
      vertex 10.5706 10.6506 2
      vertex 10.6421 10.44 2
    endloop
  endfacet
  facet normal 0 0 1
    outer loop
      vertex 12.3486 10 2
      vertex 10.4722 10.85 2
      vertex 10.5706 10.6506 2
    endloop
  endfacet
  facet normal 0 0 1
    outer loop
      vertex 10.6743 12.9 2
      vertex 10.3487 11.0349 2
      vertex 10.4722 10.85 2
    endloop
  endfacet
  facet normal 0 0 1
    outer loop
      vertex 10.6743 12.9 2
      vertex 10.2021 11.2021 2
      vertex 10.3487 11.0349 2
    endloop
  endfacet
  facet normal 0 0 1
    outer loop
      vertex 10.6743 12.9 2
      vertex 10.0349 11.3487 2
      vertex 10.2021 11.2021 2
    endloop
  endfacet
  facet normal 0 0 1
    outer loop
      vertex 10.6743 12.9 2
      vertex 9.85 11.4722 2
      vertex 10.0349 11.3487 2
    endloop
  endfacet
  facet normal 0 0 1
    outer loop
      vertex 10.6743 12.9 2
      vertex 9.65056 11.5706 2
      vertex 9.85 11.4722 2
    endloop
  endfacet
  facet normal 0 0 1
    outer loop
      vertex 10.6743 12.9 2
      vertex 9.43999 11.6421 2
      vertex 9.65056 11.5706 2
    endloop
  endfacet
  facet normal 0 0 1
    outer loop
      vertex 10.6743 12.9 2
      vertex 9.22189 11.6855 2
      vertex 9.43999 11.6421 2
    endloop
  endfacet
  facet normal 0 0 1
    outer loop
      vertex 10.6743 12.9 2
      vertex 9 11.7 2
      vertex 9.22189 11.6855 2
    endloop
  endfacet
  facet normal -0 0 1
    outer loop
      vertex 7.32568 12.9 2
      vertex 9 11.7 2
      vertex 10.6743 12.9 2
    endloop
  endfacet
  facet normal 0 0 1
    outer loop
      vertex 9 11.7 2
      vertex 7.32568 12.9 2
      vertex 8.7781 11.6855 2
    endloop
  endfacet
  facet normal 0 0 1
    outer loop
      vertex 8.7781 11.6855 2
      vertex 7.32568 12.9 2
      vertex 8.56001 11.6421 2
    endloop
  endfacet
  facet normal 0 0 1
    outer loop
      vertex 8.56001 11.6421 2
      vertex 7.32568 12.9 2
      vertex 8.34944 11.5706 2
    endloop
  endfacet
  facet normal 0 0 1
    outer loop
      vertex 8.34944 11.5706 2
      vertex 7.32568 12.9 2
      vertex 8.15 11.4722 2
    endloop
  endfacet
  facet normal 0 0 1
    outer loop
      vertex 7.32568 12.9 2
      vertex 7.96511 11.3487 2
      vertex 8.15 11.4722 2
    endloop
  endfacet
  facet normal 0 0 1
    outer loop
      vertex 7.32568 12.9 2
      vertex 7.79792 11.2021 2
      vertex 7.96511 11.3487 2
    endloop
  endfacet
  facet normal 0 0 1
    outer loop
      vertex 7.32568 12.9 2
      vertex 7.6513 11.0349 2
      vertex 7.79792 11.2021 2
    endloop
  endfacet
  facet normal 0 0 1
    outer loop
      vertex 7.32568 12.9 2
      vertex 7.52776 10.85 2
      vertex 7.6513 11.0349 2
    endloop
  endfacet
  facet normal 0 0 1
    outer loop
      vertex 5.65137 10 2
      vertex 7.52776 10.85 2
      vertex 7.32568 12.9 2
    endloop
  endfacet
  facet normal 0 0 1
    outer loop
      vertex 7.52776 10.85 2
      vertex 5.65137 10 2
      vertex 7.4294 10.6506 2
    endloop
  endfacet
  facet normal 0 0 1
    outer loop
      vertex 7.4294 10.6506 2
      vertex 5.65137 10 2
      vertex 7.35793 10.44 2
    endloop
  endfacet
  facet normal 0 0 1
    outer loop
      vertex 7.35793 10.44 2
      vertex 5.65137 10 2
      vertex 7.31454 10.2219 2
    endloop
  endfacet
  facet normal 0 0 1
    outer loop
      vertex 7.31454 10.2219 2
      vertex 5.65137 10 2
      vertex 7.3 10 2
    endloop
  endfacet
  facet normal 0 0 1
    outer loop
      vertex 10.6855 9.7781 2
      vertex 12.3486 10 2
      vertex 10.7 10 2
    endloop
  endfacet
  facet normal 0 0 1
    outer loop
      vertex 10.6421 9.56001 2
      vertex 12.3486 10 2
      vertex 10.6855 9.7781 2
    endloop
  endfacet
  facet normal 0 0 1
    outer loop
      vertex 10.5706 9.34944 2
      vertex 12.3486 10 2
      vertex 10.6421 9.56001 2
    endloop
  endfacet
  facet normal 0 0 1
    outer loop
      vertex 10.4722 9.15 2
      vertex 12.3486 10 2
      vertex 10.5706 9.34944 2
    endloop
  endfacet
  facet normal 0 0 1
    outer loop
      vertex 12.3486 10 2
      vertex 10.4722 9.15 2
      vertex 10.6743 7.1 2
    endloop
  endfacet
  facet normal -0 0 1
    outer loop
      vertex 10.3487 8.96511 2
      vertex 10.6743 7.1 2
      vertex 10.4722 9.15 2
    endloop
  endfacet
  facet normal -0 0 1
    outer loop
      vertex 10.2021 8.79792 2
      vertex 10.6743 7.1 2
      vertex 10.3487 8.96511 2
    endloop
  endfacet
  facet normal -0 0 1
    outer loop
      vertex 10.0349 8.6513 2
      vertex 10.6743 7.1 2
      vertex 10.2021 8.79792 2
    endloop
  endfacet
  facet normal -0 0 1
    outer loop
      vertex 9.85 8.52776 2
      vertex 10.6743 7.1 2
      vertex 10.0349 8.6513 2
    endloop
  endfacet
  facet normal -0 0 1
    outer loop
      vertex 9.65056 8.4294 2
      vertex 10.6743 7.1 2
      vertex 9.85 8.52776 2
    endloop
  endfacet
  facet normal -0 0 1
    outer loop
      vertex 9.43999 8.35793 2
      vertex 10.6743 7.1 2
      vertex 9.65056 8.4294 2
    endloop
  endfacet
  facet normal -0 0 1
    outer loop
      vertex 9.22189 8.31454 2
      vertex 10.6743 7.1 2
      vertex 9.43999 8.35793 2
    endloop
  endfacet
  facet normal -0 0 1
    outer loop
      vertex 9 8.3 2
      vertex 10.6743 7.1 2
      vertex 9.22189 8.31454 2
    endloop
  endfacet
  facet normal 0 0 1
    outer loop
      vertex 7.32568 7.1 2
      vertex 9 8.3 2
      vertex 8.7781 8.31454 2
    endloop
  endfacet
  facet normal 0 0 1
    outer loop
      vertex 7.32568 7.1 2
      vertex 8.7781 8.31454 2
      vertex 8.56001 8.35793 2
    endloop
  endfacet
  facet normal 0 0 1
    outer loop
      vertex 7.32568 7.1 2
      vertex 8.56001 8.35793 2
      vertex 8.34944 8.4294 2
    endloop
  endfacet
  facet normal 0 0 1
    outer loop
      vertex 7.32568 7.1 2
      vertex 8.34944 8.4294 2
      vertex 8.15 8.52776 2
    endloop
  endfacet
  facet normal 0 0 1
    outer loop
      vertex 9 8.3 2
      vertex 7.32568 7.1 2
      vertex 10.6743 7.1 2
    endloop
  endfacet
  facet normal 0 0 1
    outer loop
      vertex 7.96511 8.6513 2
      vertex 7.32568 7.1 2
      vertex 8.15 8.52776 2
    endloop
  endfacet
  facet normal 0 0 1
    outer loop
      vertex 7.79792 8.79792 2
      vertex 7.32568 7.1 2
      vertex 7.96511 8.6513 2
    endloop
  endfacet
  facet normal 0 0 1
    outer loop
      vertex 7.6513 8.96511 2
      vertex 7.32568 7.1 2
      vertex 7.79792 8.79792 2
    endloop
  endfacet
  facet normal 0 0 1
    outer loop
      vertex 7.52776 9.15 2
      vertex 7.32568 7.1 2
      vertex 7.6513 8.96511 2
    endloop
  endfacet
  facet normal 0 0 1
    outer loop
      vertex 5.65137 10 2
      vertex 7.52776 9.15 2
      vertex 7.4294 9.34944 2
    endloop
  endfacet
  facet normal 0 0 1
    outer loop
      vertex 5.65137 10 2
      vertex 7.4294 9.34944 2
      vertex 7.35793 9.56001 2
    endloop
  endfacet
  facet normal 0 0 1
    outer loop
      vertex 5.65137 10 2
      vertex 7.35793 9.56001 2
      vertex 7.31454 9.7781 2
    endloop
  endfacet
  facet normal -0 0 1
    outer loop
      vertex 5.65137 10 2
      vertex 7.31454 9.7781 2
      vertex 7.3 10 2
    endloop
  endfacet
  facet normal 0 0 1
    outer loop
      vertex 7.52776 9.15 2
      vertex 5.65137 10 2
      vertex 7.32568 7.1 2
    endloop
  endfacet
  facet normal 0.866026 -0.499999 0
    outer loop
      vertex 5.65137 10 5
      vertex 7.32568 12.9 2
      vertex 7.32568 12.9 5
    endloop
  endfacet
  facet normal 0.866026 -0.499999 0
    outer loop
      vertex 7.32568 12.9 2
      vertex 5.65137 10 5
      vertex 5.65137 10 2
    endloop
  endfacet
  facet normal -0.866027 0.499996 0
    outer loop
      vertex 10.6743 7.1 2
      vertex 12.3486 10 5
      vertex 12.3486 10 2
    endloop
  endfacet
  facet normal -0.866027 0.499996 0
    outer loop
      vertex 12.3486 10 5
      vertex 10.6743 7.1 2
      vertex 10.6743 7.1 5
    endloop
  endfacet
  facet normal 0.866026 0.499999 0
    outer loop
      vertex 7.32568 7.1 5
      vertex 5.65137 10 2
      vertex 5.65137 10 5
    endloop
  endfacet
  facet normal 0.866026 0.499999 0
    outer loop
      vertex 5.65137 10 2
      vertex 7.32568 7.1 5
      vertex 7.32568 7.1 2
    endloop
  endfacet
  facet normal -0.98077 -0.195165 0
    outer loop
      vertex 10.6855 10.2219 0
      vertex 10.6421 10.44 2
      vertex 10.6421 10.44 0
    endloop
  endfacet
  facet normal -0.98077 -0.195165 0
    outer loop
      vertex 10.6421 10.44 2
      vertex 10.6855 10.2219 0
      vertex 10.6855 10.2219 2
    endloop
  endfacet
  facet normal -0.997872 -0.0652057 0
    outer loop
      vertex 10.7 10 0
      vertex 10.6855 10.2219 2
      vertex 10.6855 10.2219 0
    endloop
  endfacet
  facet normal -0.997872 -0.0652057 0
    outer loop
      vertex 10.6855 10.2219 2
      vertex 10.7 10 0
      vertex 10.7 10 2
    endloop
  endfacet
  facet normal 0.442459 -0.896789 0
    outer loop
      vertex 8.15 11.4722 0
      vertex 8.34944 11.5706 2
      vertex 8.15 11.4722 2
    endloop
  endfacet
  facet normal 0.442459 -0.896789 0
    outer loop
      vertex 8.34944 11.5706 2
      vertex 8.15 11.4722 0
      vertex 8.34944 11.5706 0
    endloop
  endfacet
  facet normal -0.555426 -0.831566 0
    outer loop
      vertex 9.85 11.4722 0
      vertex 10.0349 11.3487 2
      vertex 9.85 11.4722 2
    endloop
  endfacet
  facet normal -0.555426 -0.831566 -0
    outer loop
      vertex 10.0349 11.3487 2
      vertex 9.85 11.4722 0
      vertex 10.0349 11.3487 0
    endloop
  endfacet
  facet normal 0.659291 -0.751888 0
    outer loop
      vertex 7.79792 11.2021 0
      vertex 7.96511 11.3487 2
      vertex 7.79792 11.2021 2
    endloop
  endfacet
  facet normal 0.659291 -0.751888 0
    outer loop
      vertex 7.96511 11.3487 2
      vertex 7.79792 11.2021 0
      vertex 7.96511 11.3487 0
    endloop
  endfacet
  facet normal -0.321404 0.946942 0
    outer loop
      vertex 9.65056 8.4294 0
      vertex 9.43999 8.35793 2
      vertex 9.65056 8.4294 2
    endloop
  endfacet
  facet normal -0.321404 0.946942 0
    outer loop
      vertex 9.43999 8.35793 2
      vertex 9.65056 8.4294 0
      vertex 9.43999 8.35793 0
    endloop
  endfacet
  facet normal -0.946901 0.321525 0
    outer loop
      vertex 10.5706 9.34944 0
      vertex 10.6421 9.56001 2
      vertex 10.6421 9.56001 0
    endloop
  endfacet
  facet normal -0.946901 0.321525 0
    outer loop
      vertex 10.6421 9.56001 2
      vertex 10.5706 9.34944 0
      vertex 10.5706 9.34944 2
    endloop
  endfacet
  facet normal -0.321525 -0.946901 0
    outer loop
      vertex 9.43999 11.6421 0
      vertex 9.65056 11.5706 2
      vertex 9.43999 11.6421 2
    endloop
  endfacet
  facet normal -0.321525 -0.946901 -0
    outer loop
      vertex 9.65056 11.5706 2
      vertex 9.43999 11.6421 0
      vertex 9.65056 11.5706 0
    endloop
  endfacet
  facet normal 0.555447 -0.831552 0
    outer loop
      vertex 7.96511 11.3487 0
      vertex 8.15 11.4722 2
      vertex 7.96511 11.3487 2
    endloop
  endfacet
  facet normal 0.555447 -0.831552 0
    outer loop
      vertex 8.15 11.4722 2
      vertex 7.96511 11.3487 0
      vertex 8.15 11.4722 0
    endloop
  endfacet
  facet normal -0.896789 0.442459 0
    outer loop
      vertex 10.4722 9.15 0
      vertex 10.5706 9.34944 2
      vertex 10.5706 9.34944 0
    endloop
  endfacet
  facet normal -0.896789 0.442459 0
    outer loop
      vertex 10.5706 9.34944 2
      vertex 10.4722 9.15 0
      vertex 10.4722 9.15 2
    endloop
  endfacet
  facet normal -0.659268 -0.751908 0
    outer loop
      vertex 10.0349 11.3487 0
      vertex 10.2021 11.2021 2
      vertex 10.0349 11.3487 2
    endloop
  endfacet
  facet normal -0.659268 -0.751908 -0
    outer loop
      vertex 10.2021 11.2021 2
      vertex 10.0349 11.3487 0
      vertex 10.2021 11.2021 0
    endloop
  endfacet
  facet normal -0.555551 0.831483 0
    outer loop
      vertex 10.0349 8.6513 0
      vertex 9.85 8.52776 2
      vertex 10.0349 8.6513 2
    endloop
  endfacet
  facet normal -0.555551 0.831483 0
    outer loop
      vertex 9.85 8.52776 2
      vertex 10.0349 8.6513 0
      vertex 9.85 8.52776 0
    endloop
  endfacet
  facet normal -0.442459 -0.896789 0
    outer loop
      vertex 9.65056 11.5706 0
      vertex 9.85 11.4722 2
      vertex 9.65056 11.5706 2
    endloop
  endfacet
  facet normal -0.442459 -0.896789 -0
    outer loop
      vertex 9.85 11.4722 2
      vertex 9.65056 11.5706 0
      vertex 9.85 11.4722 0
    endloop
  endfacet
  facet normal 0.99786 -0.0653848 0
    outer loop
      vertex 7.3 10 2
      vertex 7.31454 10.2219 0
      vertex 7.31454 10.2219 2
    endloop
  endfacet
  facet normal 0.99786 -0.0653848 0
    outer loop
      vertex 7.31454 10.2219 0
      vertex 7.3 10 2
      vertex 7.3 10 0
    endloop
  endfacet
  facet normal 0.659342 0.751844 -0
    outer loop
      vertex 7.96511 8.6513 0
      vertex 7.79792 8.79792 2
      vertex 7.96511 8.6513 2
    endloop
  endfacet
  facet normal 0.659342 0.751844 0
    outer loop
      vertex 7.79792 8.79792 2
      vertex 7.96511 8.6513 0
      vertex 7.79792 8.79792 0
    endloop
  endfacet
  facet normal 0.751844 0.659342 0
    outer loop
      vertex 7.79792 8.79792 2
      vertex 7.6513 8.96511 0
      vertex 7.6513 8.96511 2
    endloop
  endfacet
  facet normal 0.751844 0.659342 0
    outer loop
      vertex 7.6513 8.96511 0
      vertex 7.79792 8.79792 2
      vertex 7.79792 8.79792 0
    endloop
  endfacet
  facet normal 0.831469 0.555572 0
    outer loop
      vertex 7.6513 8.96511 2
      vertex 7.52776 9.15 0
      vertex 7.52776 9.15 2
    endloop
  endfacet
  facet normal 0.831469 0.555572 0
    outer loop
      vertex 7.52776 9.15 0
      vertex 7.6513 8.96511 2
      vertex 7.6513 8.96511 0
    endloop
  endfacet
  facet normal -0.831566 -0.555426 0
    outer loop
      vertex 10.4722 10.85 0
      vertex 10.3487 11.0349 2
      vertex 10.3487 11.0349 0
    endloop
  endfacet
  facet normal -0.831566 -0.555426 0
    outer loop
      vertex 10.3487 11.0349 2
      vertex 10.4722 10.85 0
      vertex 10.4722 10.85 2
    endloop
  endfacet
  facet normal -0.195122 0.980779 0
    outer loop
      vertex 9.43999 8.35793 0
      vertex 9.22189 8.31454 2
      vertex 9.43999 8.35793 2
    endloop
  endfacet
  facet normal -0.195122 0.980779 0
    outer loop
      vertex 9.22189 8.31454 2
      vertex 9.43999 8.35793 0
      vertex 9.22189 8.31454 0
    endloop
  endfacet
  facet normal -0.980769 0.195173 0
    outer loop
      vertex 10.6421 9.56001 0
      vertex 10.6855 9.7781 2
      vertex 10.6855 9.7781 0
    endloop
  endfacet
  facet normal -0.980769 0.195173 0
    outer loop
      vertex 10.6855 9.7781 2
      vertex 10.6421 9.56001 0
      vertex 10.6421 9.56001 2
    endloop
  endfacet
  facet normal 0.946942 0.321404 0
    outer loop
      vertex 7.4294 9.34944 2
      vertex 7.35793 9.56001 0
      vertex 7.35793 9.56001 2
    endloop
  endfacet
  facet normal 0.946942 0.321404 0
    outer loop
      vertex 7.35793 9.56001 0
      vertex 7.4294 9.34944 2
      vertex 7.4294 9.34944 0
    endloop
  endfacet
  facet normal -0.442314 0.89686 0
    outer loop
      vertex 9.85 8.52776 0
      vertex 9.65056 8.4294 2
      vertex 9.85 8.52776 2
    endloop
  endfacet
  facet normal -0.442314 0.89686 0
    outer loop
      vertex 9.65056 8.4294 2
      vertex 9.85 8.52776 0
      vertex 9.65056 8.4294 0
    endloop
  endfacet
  facet normal -0.0652086 -0.997872 0
    outer loop
      vertex 9 11.7 0
      vertex 9.22189 11.6855 2
      vertex 9 11.7 2
    endloop
  endfacet
  facet normal -0.0652086 -0.997872 -0
    outer loop
      vertex 9.22189 11.6855 2
      vertex 9 11.7 0
      vertex 9.22189 11.6855 0
    endloop
  endfacet
  facet normal 0.321525 -0.946901 0
    outer loop
      vertex 8.34944 11.5706 0
      vertex 8.56001 11.6421 2
      vertex 8.34944 11.5706 2
    endloop
  endfacet
  facet normal 0.321525 -0.946901 0
    outer loop
      vertex 8.56001 11.6421 2
      vertex 8.34944 11.5706 0
      vertex 8.56001 11.6421 0
    endloop
  endfacet
  facet normal 0.195173 -0.980769 0
    outer loop
      vertex 8.56001 11.6421 0
      vertex 8.7781 11.6855 2
      vertex 8.56001 11.6421 2
    endloop
  endfacet
  facet normal 0.195173 -0.980769 0
    outer loop
      vertex 8.7781 11.6855 2
      vertex 8.56001 11.6421 0
      vertex 8.7781 11.6855 0
    endloop
  endfacet
  facet normal -0.896754 -0.44253 0
    outer loop
      vertex 10.5706 10.6506 0
      vertex 10.4722 10.85 2
      vertex 10.4722 10.85 0
    endloop
  endfacet
  facet normal -0.896754 -0.44253 0
    outer loop
      vertex 10.4722 10.85 2
      vertex 10.5706 10.6506 0
      vertex 10.5706 10.6506 2
    endloop
  endfacet
  facet normal -0.997872 0.0652057 0
    outer loop
      vertex 10.6855 9.7781 0
      vertex 10.7 10 2
      vertex 10.7 10 0
    endloop
  endfacet
  facet normal -0.997872 0.0652057 0
    outer loop
      vertex 10.7 10 2
      vertex 10.6855 9.7781 0
      vertex 10.6855 9.7781 2
    endloop
  endfacet
  facet normal -0.0653877 0.99786 0
    outer loop
      vertex 9.22189 8.31454 0
      vertex 9 8.3 2
      vertex 9.22189 8.31454 2
    endloop
  endfacet
  facet normal -0.0653877 0.99786 0
    outer loop
      vertex 9 8.3 2
      vertex 9.22189 8.31454 0
      vertex 9 8.3 0
    endloop
  endfacet
  facet normal -0.751908 -0.659268 0
    outer loop
      vertex 10.3487 11.0349 0
      vertex 10.2021 11.2021 2
      vertex 10.2021 11.2021 0
    endloop
  endfacet
  facet normal -0.751908 -0.659268 0
    outer loop
      vertex 10.2021 11.2021 2
      vertex 10.3487 11.0349 0
      vertex 10.3487 11.0349 2
    endloop
  endfacet
  facet normal 0.99786 0.0653848 0
    outer loop
      vertex 7.31454 9.7781 2
      vertex 7.3 10 0
      vertex 7.3 10 2
    endloop
  endfacet
  facet normal 0.99786 0.0653848 0
    outer loop
      vertex 7.3 10 0
      vertex 7.31454 9.7781 2
      vertex 7.31454 9.7781 0
    endloop
  endfacet
  facet normal -0.751888 0.659291 0
    outer loop
      vertex 10.2021 8.79792 0
      vertex 10.3487 8.96511 2
      vertex 10.3487 8.96511 0
    endloop
  endfacet
  facet normal -0.751888 0.659291 0
    outer loop
      vertex 10.3487 8.96511 2
      vertex 10.2021 8.79792 0
      vertex 10.2021 8.79792 2
    endloop
  endfacet
  facet normal 0.751863 -0.659319 0
    outer loop
      vertex 7.6513 11.0349 2
      vertex 7.79792 11.2021 0
      vertex 7.79792 11.2021 2
    endloop
  endfacet
  facet normal 0.751863 -0.659319 0
    outer loop
      vertex 7.79792 11.2021 0
      vertex 7.6513 11.0349 2
      vertex 7.6513 11.0349 0
    endloop
  endfacet
  facet normal 0.831483 -0.555551 0
    outer loop
      vertex 7.52776 10.85 2
      vertex 7.6513 11.0349 0
      vertex 7.6513 11.0349 2
    endloop
  endfacet
  facet normal 0.831483 -0.555551 0
    outer loop
      vertex 7.6513 11.0349 0
      vertex 7.52776 10.85 2
      vertex 7.52776 10.85 0
    endloop
  endfacet
  facet normal 0.0652057 -0.997872 0
    outer loop
      vertex 8.7781 11.6855 0
      vertex 9 11.7 2
      vertex 8.7781 11.6855 2
    endloop
  endfacet
  facet normal 0.0652057 -0.997872 0
    outer loop
      vertex 9 11.7 2
      vertex 8.7781 11.6855 0
      vertex 9 11.7 0
    endloop
  endfacet
  facet normal 0.980777 0.19513 0
    outer loop
      vertex 7.35793 9.56001 2
      vertex 7.31454 9.7781 0
      vertex 7.31454 9.7781 2
    endloop
  endfacet
  facet normal 0.980777 0.19513 0
    outer loop
      vertex 7.31454 9.7781 0
      vertex 7.35793 9.56001 2
      vertex 7.35793 9.56001 0
    endloop
  endfacet
  facet normal 0.321404 0.946942 -0
    outer loop
      vertex 8.56001 8.35793 0
      vertex 8.34944 8.4294 2
      vertex 8.56001 8.35793 2
    endloop
  endfacet
  facet normal 0.321404 0.946942 0
    outer loop
      vertex 8.34944 8.4294 2
      vertex 8.56001 8.35793 0
      vertex 8.34944 8.4294 0
    endloop
  endfacet
  facet normal -0.946915 -0.321484 0
    outer loop
      vertex 10.6421 10.44 0
      vertex 10.5706 10.6506 2
      vertex 10.5706 10.6506 0
    endloop
  endfacet
  facet normal -0.946915 -0.321484 0
    outer loop
      vertex 10.5706 10.6506 2
      vertex 10.6421 10.44 0
      vertex 10.6421 10.44 2
    endloop
  endfacet
  facet normal 0.442314 0.89686 -0
    outer loop
      vertex 8.34944 8.4294 0
      vertex 8.15 8.52776 2
      vertex 8.34944 8.4294 2
    endloop
  endfacet
  facet normal 0.442314 0.89686 0
    outer loop
      vertex 8.15 8.52776 2
      vertex 8.34944 8.4294 0
      vertex 8.15 8.52776 0
    endloop
  endfacet
  facet normal -0.831552 0.555447 0
    outer loop
      vertex 10.3487 8.96511 0
      vertex 10.4722 9.15 2
      vertex 10.4722 9.15 0
    endloop
  endfacet
  facet normal -0.831552 0.555447 0
    outer loop
      vertex 10.4722 9.15 2
      vertex 10.3487 8.96511 0
      vertex 10.3487 8.96511 2
    endloop
  endfacet
  facet normal 0.555572 0.831469 -0
    outer loop
      vertex 8.15 8.52776 0
      vertex 7.96511 8.6513 2
      vertex 8.15 8.52776 2
    endloop
  endfacet
  facet normal 0.555572 0.831469 0
    outer loop
      vertex 7.96511 8.6513 2
      vertex 8.15 8.52776 0
      vertex 7.96511 8.6513 0
    endloop
  endfacet
  facet normal 0.0653848 0.99786 -0
    outer loop
      vertex 9 8.3 0
      vertex 8.7781 8.31454 2
      vertex 9 8.3 2
    endloop
  endfacet
  facet normal 0.0653848 0.99786 0
    outer loop
      vertex 8.7781 8.31454 2
      vertex 9 8.3 0
      vertex 8.7781 8.31454 0
    endloop
  endfacet
  facet normal 0.19513 0.980777 -0
    outer loop
      vertex 8.7781 8.31454 0
      vertex 8.56001 8.35793 2
      vertex 8.7781 8.31454 2
    endloop
  endfacet
  facet normal 0.19513 0.980777 0
    outer loop
      vertex 8.56001 8.35793 2
      vertex 8.7781 8.31454 0
      vertex 8.56001 8.35793 0
    endloop
  endfacet
  facet normal 0.896825 -0.442386 0
    outer loop
      vertex 7.4294 10.6506 2
      vertex 7.52776 10.85 0
      vertex 7.52776 10.85 2
    endloop
  endfacet
  facet normal 0.896825 -0.442386 0
    outer loop
      vertex 7.52776 10.85 0
      vertex 7.4294 10.6506 2
      vertex 7.4294 10.6506 0
    endloop
  endfacet
  facet normal 0.89686 0.442314 0
    outer loop
      vertex 7.52776 9.15 2
      vertex 7.4294 9.34944 0
      vertex 7.4294 9.34944 2
    endloop
  endfacet
  facet normal 0.89686 0.442314 0
    outer loop
      vertex 7.4294 9.34944 0
      vertex 7.52776 9.15 2
      vertex 7.52776 9.15 0
    endloop
  endfacet
  facet normal 0.980779 -0.195122 0
    outer loop
      vertex 7.31454 10.2219 2
      vertex 7.35793 10.44 0
      vertex 7.35793 10.44 2
    endloop
  endfacet
  facet normal 0.980779 -0.195122 0
    outer loop
      vertex 7.35793 10.44 0
      vertex 7.31454 10.2219 2
      vertex 7.31454 10.2219 0
    endloop
  endfacet
  facet normal 0.946956 -0.321363 0
    outer loop
      vertex 7.35793 10.44 2
      vertex 7.4294 10.6506 0
      vertex 7.4294 10.6506 2
    endloop
  endfacet
  facet normal 0.946956 -0.321363 0
    outer loop
      vertex 7.4294 10.6506 0
      vertex 7.35793 10.44 2
      vertex 7.35793 10.44 0
    endloop
  endfacet
  facet normal -0.195165 -0.98077 0
    outer loop
      vertex 9.22189 11.6855 0
      vertex 9.43999 11.6421 2
      vertex 9.22189 11.6855 2
    endloop
  endfacet
  facet normal -0.195165 -0.98077 -0
    outer loop
      vertex 9.43999 11.6421 2
      vertex 9.22189 11.6855 0
      vertex 9.43999 11.6421 0
    endloop
  endfacet
  facet normal -0.659319 0.751863 0
    outer loop
      vertex 10.2021 8.79792 0
      vertex 10.0349 8.6513 2
      vertex 10.2021 8.79792 2
    endloop
  endfacet
  facet normal -0.659319 0.751863 0
    outer loop
      vertex 10.0349 8.6513 2
      vertex 10.2021 8.79792 0
      vertex 10.0349 8.6513 0
    endloop
  endfacet
endsolid OpenSCAD_Model
