solid OpenSCAD_Model
  facet normal 1 -0 0
    outer loop
      vertex 25.85 75.1 5.4
      vertex 25.85 76.7 3
      vertex 25.85 76.7 5.4
    endloop
  endfacet
  facet normal 1 0 0
    outer loop
      vertex 25.85 76.7 3
      vertex 25.85 75.1 5.4
      vertex 25.85 75.1 3
    endloop
  endfacet
  facet normal -0 0 1
    outer loop
      vertex 18 76.7 5.4
      vertex 25.85 75.1 5.4
      vertex 25.85 76.7 5.4
    endloop
  endfacet
  facet normal 0 0 1
    outer loop
      vertex 25.85 75.1 5.4
      vertex 18 76.7 5.4
      vertex 18 75.1 5.4
    endloop
  endfacet
  facet normal -1 0 0
    outer loop
      vertex 18 75.1 3
      vertex 18 76.7 5.4
      vertex 18 76.7 3
    endloop
  endfacet
  facet normal -1 -0 0
    outer loop
      vertex 18 76.7 5.4
      vertex 18 75.1 3
      vertex 18 75.1 5.4
    endloop
  endfacet
  facet normal 0 -1 0
    outer loop
      vertex 18 75.1 3
      vertex 25.85 75.1 5.4
      vertex 18 75.1 5.4
    endloop
  endfacet
  facet normal 0 -1 -0
    outer loop
      vertex 25.85 75.1 5.4
      vertex 18 75.1 3
      vertex 25.85 75.1 3
    endloop
  endfacet
  facet normal 0 1 -0
    outer loop
      vertex 25.85 76.7 3
      vertex 18 76.7 5.4
      vertex 25.85 76.7 5.4
    endloop
  endfacet
  facet normal 0 1 0
    outer loop
      vertex 18 76.7 5.4
      vertex 25.85 76.7 3
      vertex 18 76.7 3
    endloop
  endfacet
  facet normal 1 -0 0
    outer loop
      vertex 90 75.1 5.4
      vertex 90 76.7 3
      vertex 90 76.7 5.4
    endloop
  endfacet
  facet normal 1 0 0
    outer loop
      vertex 90 76.7 3
      vertex 90 75.1 5.4
      vertex 90 75.1 3
    endloop
  endfacet
  facet normal -0 0 1
    outer loop
      vertex 82.15 76.7 5.4
      vertex 90 75.1 5.4
      vertex 90 76.7 5.4
    endloop
  endfacet
  facet normal 0 0 1
    outer loop
      vertex 90 75.1 5.4
      vertex 82.15 76.7 5.4
      vertex 82.15 75.1 5.4
    endloop
  endfacet
  facet normal -1 0 0
    outer loop
      vertex 82.15 75.1 3
      vertex 82.15 76.7 5.4
      vertex 82.15 76.7 3
    endloop
  endfacet
  facet normal -1 -0 0
    outer loop
      vertex 82.15 76.7 5.4
      vertex 82.15 75.1 3
      vertex 82.15 75.1 5.4
    endloop
  endfacet
  facet normal 0 -1 0
    outer loop
      vertex 82.15 75.1 3
      vertex 90 75.1 5.4
      vertex 82.15 75.1 5.4
    endloop
  endfacet
  facet normal 0 -1 -0
    outer loop
      vertex 90 75.1 5.4
      vertex 82.15 75.1 3
      vertex 90 75.1 3
    endloop
  endfacet
  facet normal 0 1 -0
    outer loop
      vertex 90 76.7 3
      vertex 82.15 76.7 5.4
      vertex 90 76.7 5.4
    endloop
  endfacet
  facet normal 0 1 0
    outer loop
      vertex 82.15 76.7 5.4
      vertex 90 76.7 3
      vertex 82.15 76.7 3
    endloop
  endfacet
  facet normal 1 -0 0
    outer loop
      vertex 4.9 16 5.4
      vertex 4.9 25 3
      vertex 4.9 25 5.4
    endloop
  endfacet
  facet normal 1 0 0
    outer loop
      vertex 4.9 25 3
      vertex 4.9 16 5.4
      vertex 4.9 16 3
    endloop
  endfacet
  facet normal -0 0 1
    outer loop
      vertex 3.3 25 5.4
      vertex 4.9 16 5.4
      vertex 4.9 25 5.4
    endloop
  endfacet
  facet normal 0 0 1
    outer loop
      vertex 4.9 16 5.4
      vertex 3.3 25 5.4
      vertex 3.3 16 5.4
    endloop
  endfacet
  facet normal -1 0 0
    outer loop
      vertex 3.3 16 3
      vertex 3.3 25 5.4
      vertex 3.3 25 3
    endloop
  endfacet
  facet normal -1 -0 0
    outer loop
      vertex 3.3 25 5.4
      vertex 3.3 16 3
      vertex 3.3 16 5.4
    endloop
  endfacet
  facet normal 0 -1 0
    outer loop
      vertex 3.3 16 3
      vertex 4.9 16 5.4
      vertex 3.3 16 5.4
    endloop
  endfacet
  facet normal 0 -1 -0
    outer loop
      vertex 4.9 16 5.4
      vertex 3.3 16 3
      vertex 4.9 16 3
    endloop
  endfacet
  facet normal 0 1 -0
    outer loop
      vertex 4.9 25 3
      vertex 3.3 25 5.4
      vertex 4.9 25 5.4
    endloop
  endfacet
  facet normal 0 1 0
    outer loop
      vertex 3.3 25 5.4
      vertex 4.9 25 3
      vertex 3.3 25 3
    endloop
  endfacet
  facet normal 1 -0 0
    outer loop
      vertex 104.7 16 5.4
      vertex 104.7 25 3
      vertex 104.7 25 5.4
    endloop
  endfacet
  facet normal 1 0 0
    outer loop
      vertex 104.7 25 3
      vertex 104.7 16 5.4
      vertex 104.7 16 3
    endloop
  endfacet
  facet normal -0 0 1
    outer loop
      vertex 103.1 25 5.4
      vertex 104.7 16 5.4
      vertex 104.7 25 5.4
    endloop
  endfacet
  facet normal 0 0 1
    outer loop
      vertex 104.7 16 5.4
      vertex 103.1 25 5.4
      vertex 103.1 16 5.4
    endloop
  endfacet
  facet normal -1 0 0
    outer loop
      vertex 103.1 16 3
      vertex 103.1 25 5.4
      vertex 103.1 25 3
    endloop
  endfacet
  facet normal -1 -0 0
    outer loop
      vertex 103.1 25 5.4
      vertex 103.1 16 3
      vertex 103.1 16 5.4
    endloop
  endfacet
  facet normal 0 -1 0
    outer loop
      vertex 103.1 16 3
      vertex 104.7 16 5.4
      vertex 103.1 16 5.4
    endloop
  endfacet
  facet normal 0 -1 -0
    outer loop
      vertex 104.7 16 5.4
      vertex 103.1 16 3
      vertex 104.7 16 3
    endloop
  endfacet
  facet normal 0 1 -0
    outer loop
      vertex 104.7 25 3
      vertex 103.1 25 5.4
      vertex 104.7 25 5.4
    endloop
  endfacet
  facet normal 0 1 0
    outer loop
      vertex 103.1 25 5.4
      vertex 104.7 25 3
      vertex 103.1 25 3
    endloop
  endfacet
  facet normal 1 -0 0
    outer loop
      vertex 28.15 74.9 8.78
      vertex 28.15 76.5 3
      vertex 28.15 76.5 8.78
    endloop
  endfacet
  facet normal 1 0 0
    outer loop
      vertex 28.15 76.5 3
      vertex 28.15 74.9 8.78
      vertex 28.15 74.9 3
    endloop
  endfacet
  facet normal -0 0 1
    outer loop
      vertex 26.55 76.5 8.78
      vertex 28.15 74.9 8.78
      vertex 28.15 76.5 8.78
    endloop
  endfacet
  facet normal 0 0 1
    outer loop
      vertex 28.15 74.9 8.78
      vertex 26.55 76.5 8.78
      vertex 26.55 74.9 8.78
    endloop
  endfacet
  facet normal -1 0 0
    outer loop
      vertex 26.55 74.9 3
      vertex 26.55 76.5 8.78
      vertex 26.55 76.5 3
    endloop
  endfacet
  facet normal -1 -0 0
    outer loop
      vertex 26.55 76.5 8.78
      vertex 26.55 74.9 3
      vertex 26.55 74.9 8.78
    endloop
  endfacet
  facet normal 0 -1 0
    outer loop
      vertex 26.55 74.9 3
      vertex 28.15 74.9 8.78
      vertex 26.55 74.9 8.78
    endloop
  endfacet
  facet normal 0 -1 -0
    outer loop
      vertex 28.15 74.9 8.78
      vertex 26.55 74.9 3
      vertex 28.15 74.9 3
    endloop
  endfacet
  facet normal 0 1 -0
    outer loop
      vertex 28.15 76.5 3
      vertex 26.55 76.5 8.78
      vertex 28.15 76.5 8.78
    endloop
  endfacet
  facet normal 0 1 0
    outer loop
      vertex 26.55 76.5 8.78
      vertex 28.15 76.5 3
      vertex 26.55 76.5 3
    endloop
  endfacet
  facet normal 1 -0 0
    outer loop
      vertex 81.45 74.9 8.78
      vertex 81.45 76.5 3
      vertex 81.45 76.5 8.78
    endloop
  endfacet
  facet normal 1 0 0
    outer loop
      vertex 81.45 76.5 3
      vertex 81.45 74.9 8.78
      vertex 81.45 74.9 3
    endloop
  endfacet
  facet normal -0 0 1
    outer loop
      vertex 79.85 76.5 8.78
      vertex 81.45 74.9 8.78
      vertex 81.45 76.5 8.78
    endloop
  endfacet
  facet normal 0 0 1
    outer loop
      vertex 81.45 74.9 8.78
      vertex 79.85 76.5 8.78
      vertex 79.85 74.9 8.78
    endloop
  endfacet
  facet normal -1 0 0
    outer loop
      vertex 79.85 74.9 3
      vertex 79.85 76.5 8.78
      vertex 79.85 76.5 3
    endloop
  endfacet
  facet normal -1 -0 0
    outer loop
      vertex 79.85 76.5 8.78
      vertex 79.85 74.9 3
      vertex 79.85 74.9 8.78
    endloop
  endfacet
  facet normal 0 -1 0
    outer loop
      vertex 79.85 74.9 3
      vertex 81.45 74.9 8.78
      vertex 79.85 74.9 8.78
    endloop
  endfacet
  facet normal 0 -1 -0
    outer loop
      vertex 81.45 74.9 8.78
      vertex 79.85 74.9 3
      vertex 81.45 74.9 3
    endloop
  endfacet
  facet normal 0 1 -0
    outer loop
      vertex 81.45 76.5 3
      vertex 79.85 76.5 8.78
      vertex 81.45 76.5 8.78
    endloop
  endfacet
  facet normal 0 1 0
    outer loop
      vertex 79.85 76.5 8.78
      vertex 81.45 76.5 3
      vertex 79.85 76.5 3
    endloop
  endfacet
  facet normal -0.321443 -0.946929 0
    outer loop
      vertex 4.32121 0.532852 0
      vertex 5.18826 0.238525 3
      vertex 4.32121 0.532852 3
    endloop
  endfacet
  facet normal -0.321443 -0.946929 -0
    outer loop
      vertex 5.18826 0.238525 3
      vertex 4.32121 0.532852 0
      vertex 5.18826 0.238525 0
    endloop
  endfacet
  facet normal -0.980783 0.195102 0
    outer loop
      vertex 0.0598755 73.9137 0
      vertex 0.23851 74.8117 3
      vertex 0.23851 74.8117 0
    endloop
  endfacet
  facet normal -0.980783 0.195102 0
    outer loop
      vertex 0.23851 74.8117 3
      vertex 0.0598755 73.9137 0
      vertex 0.0598755 73.9137 3
    endloop
  endfacet
  facet normal -0.0654172 0.997858 0
    outer loop
      vertex 7 80 0
      vertex 6.0863 79.9401 3
      vertex 7 80 3
    endloop
  endfacet
  facet normal -0.0654172 0.997858 0
    outer loop
      vertex 6.0863 79.9401 3
      vertex 7 80 0
      vertex 6.0863 79.9401 0
    endloop
  endfacet
  facet normal -1 0 0
    outer loop
      vertex 0 7 0
      vertex 0 73 3
      vertex 0 73 0
    endloop
  endfacet
  facet normal -1 -0 0
    outer loop
      vertex 0 73 3
      vertex 0 7 0
      vertex 0 7 3
    endloop
  endfacet
  facet normal -0.99786 0.0653906 0
    outer loop
      vertex 0 73 0
      vertex 0.0598755 73.9137 3
      vertex 0.0598755 73.9137 0
    endloop
  endfacet
  facet normal -0.99786 0.0653906 0
    outer loop
      vertex 0.0598755 73.9137 3
      vertex 0 73 0
      vertex 0 73 3
    endloop
  endfacet
  facet normal -0.555557 -0.831478 0
    outer loop
      vertex 2.73866 1.44653 0
      vertex 3.5 0.937836 3
      vertex 2.73866 1.44653 3
    endloop
  endfacet
  facet normal -0.555557 -0.831478 -0
    outer loop
      vertex 3.5 0.937836 3
      vertex 2.73866 1.44653 0
      vertex 3.5 0.937836 0
    endloop
  endfacet
  facet normal -0.659352 -0.751834 0
    outer loop
      vertex 2.05025 2.05026 0
      vertex 2.73866 1.44653 3
      vertex 2.05025 2.05026 3
    endloop
  endfacet
  facet normal -0.659352 -0.751834 -0
    outer loop
      vertex 2.73866 1.44653 3
      vertex 2.05025 2.05026 0
      vertex 2.73866 1.44653 0
    endloop
  endfacet
  facet normal 0 -1 0
    outer loop
      vertex 7 0 0
      vertex 101 0 3
      vertex 7 0 3
    endloop
  endfacet
  facet normal 0 -1 -0
    outer loop
      vertex 101 0 3
      vertex 7 0 0
      vertex 101 0 0
    endloop
  endfacet
  facet normal 0.195066 0.98079 -0
    outer loop
      vertex 102.812 79.7615 0
      vertex 101.914 79.9401 3
      vertex 102.812 79.7615 3
    endloop
  endfacet
  facet normal 0.195066 0.98079 0
    outer loop
      vertex 101.914 79.9401 3
      vertex 102.812 79.7615 0
      vertex 101.914 79.9401 0
    endloop
  endfacet
  facet normal -0.831462 0.555582 0
    outer loop
      vertex 0.93782 76.5 0
      vertex 1.44652 77.2613 3
      vertex 1.44652 77.2613 0
    endloop
  endfacet
  facet normal -0.831462 0.555582 0
    outer loop
      vertex 1.44652 77.2613 3
      vertex 0.93782 76.5 0
      vertex 0.93782 76.5 3
    endloop
  endfacet
  facet normal 0.195102 -0.980783 0
    outer loop
      vertex 101.914 0.0598907 0
      vertex 102.812 0.238525 3
      vertex 101.914 0.0598907 3
    endloop
  endfacet
  facet normal 0.195102 -0.980783 0
    outer loop
      vertex 102.812 0.238525 3
      vertex 101.914 0.0598907 0
      vertex 102.812 0.238525 0
    endloop
  endfacet
  facet normal 0 1 -0
    outer loop
      vertex 101 80 0
      vertex 7 80 3
      vertex 101 80 3
    endloop
  endfacet
  facet normal 0 1 0
    outer loop
      vertex 7 80 3
      vertex 101 80 0
      vertex 7 80 0
    endloop
  endfacet
  facet normal 0.997851 -0.0655274 0
    outer loop
      vertex 107.94 6.08632 3
      vertex 108 7 0
      vertex 108 7 3
    endloop
  endfacet
  facet normal 0.997851 -0.0655274 0
    outer loop
      vertex 108 7 0
      vertex 107.94 6.08632 3
      vertex 107.94 6.08632 0
    endloop
  endfacet
  facet normal -0.659334 0.75185 0
    outer loop
      vertex 2.73866 78.5535 0
      vertex 2.05025 77.9498 3
      vertex 2.73866 78.5535 3
    endloop
  endfacet
  facet normal -0.659334 0.75185 0
    outer loop
      vertex 2.05025 77.9498 3
      vertex 2.73866 78.5535 0
      vertex 2.05025 77.9498 0
    endloop
  endfacet
  facet normal -0.195057 0.980792 0
    outer loop
      vertex 6.0863 79.9401 0
      vertex 5.18826 79.7615 3
      vertex 6.0863 79.9401 3
    endloop
  endfacet
  facet normal -0.195057 0.980792 0
    outer loop
      vertex 5.18826 79.7615 3
      vertex 6.0863 79.9401 0
      vertex 5.18826 79.7615 0
    endloop
  endfacet
  facet normal 0.89686 0.442314 0
    outer loop
      vertex 107.467 75.6788 3
      vertex 107.062 76.5 0
      vertex 107.062 76.5 3
    endloop
  endfacet
  facet normal 0.89686 0.442314 0
    outer loop
      vertex 107.062 76.5 0
      vertex 107.467 75.6788 3
      vertex 107.467 75.6788 0
    endloop
  endfacet
  facet normal -0.980785 -0.195094 0
    outer loop
      vertex 0.23851 5.18828 0
      vertex 0.0598755 6.08632 3
      vertex 0.0598755 6.08632 0
    endloop
  endfacet
  facet normal -0.980785 -0.195094 0
    outer loop
      vertex 0.0598755 6.08632 3
      vertex 0.23851 5.18828 0
      vertex 0.23851 5.18828 3
    endloop
  endfacet
  facet normal 0.947043 0.321106 0
    outer loop
      vertex 107.761 74.8117 3
      vertex 107.467 75.6788 0
      vertex 107.467 75.6788 3
    endloop
  endfacet
  facet normal 0.947043 0.321106 0
    outer loop
      vertex 107.467 75.6788 0
      vertex 107.761 74.8117 3
      vertex 107.761 74.8117 0
    endloop
  endfacet
  facet normal -0.751839 -0.659347 0
    outer loop
      vertex 2.05025 2.05026 0
      vertex 1.44652 2.73868 3
      vertex 1.44652 2.73868 0
    endloop
  endfacet
  facet normal -0.751839 -0.659347 0
    outer loop
      vertex 1.44652 2.73868 3
      vertex 2.05025 2.05026 0
      vertex 2.05025 2.05026 3
    endloop
  endfacet
  facet normal 0.659015 0.75213 -0
    outer loop
      vertex 105.95 77.9498 0
      vertex 105.261 78.5535 3
      vertex 105.95 77.9498 3
    endloop
  endfacet
  facet normal 0.659015 0.75213 0
    outer loop
      vertex 105.261 78.5535 3
      vertex 105.95 77.9498 0
      vertex 105.261 78.5535 0
    endloop
  endfacet
  facet normal -0.946929 -0.321443 0
    outer loop
      vertex 0.532837 4.32123 0
      vertex 0.23851 5.18828 3
      vertex 0.23851 5.18828 0
    endloop
  endfacet
  facet normal -0.946929 -0.321443 0
    outer loop
      vertex 0.23851 5.18828 3
      vertex 0.532837 4.32123 0
      vertex 0.532837 4.32123 3
    endloop
  endfacet
  facet normal 0.752272 0.658853 0
    outer loop
      vertex 106.553 77.2613 3
      vertex 105.95 77.9498 0
      vertex 105.95 77.9498 3
    endloop
  endfacet
  facet normal 0.752272 0.658853 0
    outer loop
      vertex 105.95 77.9498 0
      vertex 106.553 77.2613 3
      vertex 106.553 77.2613 0
    endloop
  endfacet
  facet normal -0.896868 0.442299 0
    outer loop
      vertex 0.532837 75.6788 0
      vertex 0.93782 76.5 3
      vertex 0.93782 76.5 0
    endloop
  endfacet
  facet normal -0.896868 0.442299 0
    outer loop
      vertex 0.93782 76.5 3
      vertex 0.532837 75.6788 0
      vertex 0.532837 75.6788 3
    endloop
  endfacet
  facet normal -0.321416 0.946938 0
    outer loop
      vertex 5.18826 79.7615 0
      vertex 4.32121 79.4672 3
      vertex 5.18826 79.7615 3
    endloop
  endfacet
  facet normal -0.321416 0.946938 0
    outer loop
      vertex 4.32121 79.4672 3
      vertex 5.18826 79.7615 0
      vertex 4.32121 79.4672 0
    endloop
  endfacet
  facet normal 1 -0 0
    outer loop
      vertex 108 7 3
      vertex 108 73 0
      vertex 108 73 3
    endloop
  endfacet
  facet normal 1 0 0
    outer loop
      vertex 108 73 0
      vertex 108 7 3
      vertex 108 7 0
    endloop
  endfacet
  facet normal 0.321459 -0.946923 0
    outer loop
      vertex 102.812 0.238525 0
      vertex 103.679 0.532852 3
      vertex 102.812 0.238525 3
    endloop
  endfacet
  facet normal 0.321459 -0.946923 0
    outer loop
      vertex 103.679 0.532852 3
      vertex 102.812 0.238525 0
      vertex 103.679 0.532852 0
    endloop
  endfacet
  facet normal -0.44231 0.896862 0
    outer loop
      vertex 4.32121 79.4672 0
      vertex 3.5 79.0622 3
      vertex 4.32121 79.4672 3
    endloop
  endfacet
  facet normal -0.44231 0.896862 0
    outer loop
      vertex 3.5 79.0622 3
      vertex 4.32121 79.4672 0
      vertex 3.5 79.0622 0
    endloop
  endfacet
  facet normal 0.0653857 -0.99786 0
    outer loop
      vertex 101 0 0
      vertex 101.914 0.0598907 3
      vertex 101 0 3
    endloop
  endfacet
  facet normal 0.0653857 -0.99786 0
    outer loop
      vertex 101.914 0.0598907 3
      vertex 101 0 0
      vertex 101.914 0.0598907 0
    endloop
  endfacet
  facet normal -0.946935 0.321426 0
    outer loop
      vertex 0.23851 74.8117 0
      vertex 0.532837 75.6788 3
      vertex 0.532837 75.6788 0
    endloop
  endfacet
  facet normal -0.946935 0.321426 0
    outer loop
      vertex 0.532837 75.6788 3
      vertex 0.23851 74.8117 0
      vertex 0.23851 74.8117 3
    endloop
  endfacet
  facet normal 0.442387 -0.896824 0
    outer loop
      vertex 103.679 0.532852 0
      vertex 104.5 0.937836 3
      vertex 103.679 0.532852 3
    endloop
  endfacet
  facet normal 0.442387 -0.896824 0
    outer loop
      vertex 104.5 0.937836 3
      vertex 103.679 0.532852 0
      vertex 104.5 0.937836 0
    endloop
  endfacet
  facet normal -0.896874 -0.442286 0
    outer loop
      vertex 0.93782 3.5 0
      vertex 0.532837 4.32123 3
      vertex 0.532837 4.32123 0
    endloop
  endfacet
  facet normal -0.896874 -0.442286 0
    outer loop
      vertex 0.532837 4.32123 3
      vertex 0.93782 3.5 0
      vertex 0.93782 3.5 3
    endloop
  endfacet
  facet normal 0.831317 -0.555798 0
    outer loop
      vertex 106.553 2.73868 3
      vertex 107.062 3.5 0
      vertex 107.062 3.5 3
    endloop
  endfacet
  facet normal 0.831317 -0.555798 0
    outer loop
      vertex 107.062 3.5 0
      vertex 106.553 2.73868 3
      vertex 106.553 2.73868 0
    endloop
  endfacet
  facet normal -0.831468 -0.555572 0
    outer loop
      vertex 1.44652 2.73868 0
      vertex 0.93782 3.5 3
      vertex 0.93782 3.5 0
    endloop
  endfacet
  facet normal -0.831468 -0.555572 0
    outer loop
      vertex 0.93782 3.5 3
      vertex 1.44652 2.73868 0
      vertex 1.44652 2.73868 3
    endloop
  endfacet
  facet normal 0.997851 0.0655259 0
    outer loop
      vertex 108 73 3
      vertex 107.94 73.9137 0
      vertex 107.94 73.9137 3
    endloop
  endfacet
  facet normal 0.997851 0.0655259 0
    outer loop
      vertex 107.94 73.9137 0
      vertex 108 73 3
      vertex 108 73 0
    endloop
  endfacet
  facet normal 0.555733 0.831361 -0
    outer loop
      vertex 105.261 78.5535 0
      vertex 104.5 79.0622 3
      vertex 105.261 78.5535 3
    endloop
  endfacet
  facet normal 0.555733 0.831361 0
    outer loop
      vertex 104.5 79.0622 3
      vertex 105.261 78.5535 0
      vertex 104.5 79.0622 0
    endloop
  endfacet
  facet normal 0.0653958 0.997859 -0
    outer loop
      vertex 101.914 79.9401 0
      vertex 101 80 3
      vertex 101.914 79.9401 3
    endloop
  endfacet
  facet normal 0.0653958 0.997859 0
    outer loop
      vertex 101 80 3
      vertex 101.914 79.9401 0
      vertex 101 80 0
    endloop
  endfacet
  facet normal -0 0 1
    outer loop
      vertex 0.299999 44.87 3
      vertex 3.3 25 3
      vertex 2.7 44.87 3
    endloop
  endfacet
  facet normal 0 0 1
    outer loop
      vertex 3.3 25 3
      vertex 0 7 3
      vertex 2.73866 1.44653 3
    endloop
  endfacet
  facet normal 0 0 1
    outer loop
      vertex 2.73866 1.44653 3
      vertex 0 7 3
      vertex 2.05025 2.05026 3
    endloop
  endfacet
  facet normal 0 0 1
    outer loop
      vertex 2.05025 2.05026 3
      vertex 0 7 3
      vertex 1.44652 2.73868 3
    endloop
  endfacet
  facet normal 0 0 1
    outer loop
      vertex 1.44652 2.73868 3
      vertex 0 7 3
      vertex 0.93782 3.5 3
    endloop
  endfacet
  facet normal 0 0 1
    outer loop
      vertex 3.3 25 3
      vertex 0.299999 44.87 3
      vertex 0 7 3
    endloop
  endfacet
  facet normal 0 0 1
    outer loop
      vertex 0.93782 3.5 3
      vertex 0 7 3
      vertex 0.532837 4.32123 3
    endloop
  endfacet
  facet normal 0 0 1
    outer loop
      vertex 0.299999 60.27 3
      vertex 0 73 3
      vertex 0.299999 44.87 3
    endloop
  endfacet
  facet normal 0 0 1
    outer loop
      vertex 0 73 3
      vertex 0.23851 74.8117 3
      vertex 0.0598755 73.9137 3
    endloop
  endfacet
  facet normal 0 0 1
    outer loop
      vertex 0 7 3
      vertex 0.299999 44.87 3
      vertex 0 73 3
    endloop
  endfacet
  facet normal 0 0 1
    outer loop
      vertex 0.532837 4.32123 3
      vertex 0 7 3
      vertex 0.23851 5.18828 3
    endloop
  endfacet
  facet normal 0 0 1
    outer loop
      vertex 0.23851 5.18828 3
      vertex 0 7 3
      vertex 0.0598755 6.08632 3
    endloop
  endfacet
  facet normal 0 0 1
    outer loop
      vertex 2.73866 1.44653 3
      vertex 5.31454 7.22189 3
      vertex 3.3 16 3
    endloop
  endfacet
  facet normal 0 -0 1
    outer loop
      vertex 3.5 0.937836 3
      vertex 5.3 7 3
      vertex 2.73866 1.44653 3
    endloop
  endfacet
  facet normal 0 0 1
    outer loop
      vertex 5.3 7 3
      vertex 4.32121 0.532852 3
      vertex 5.18826 0.238525 3
    endloop
  endfacet
  facet normal 0 0 1
    outer loop
      vertex 5.31454 7.22189 3
      vertex 2.73866 1.44653 3
      vertex 5.3 7 3
    endloop
  endfacet
  facet normal 0 0 1
    outer loop
      vertex 5.3 7 3
      vertex 3.5 0.937836 3
      vertex 4.32121 0.532852 3
    endloop
  endfacet
  facet normal 0 0 1
    outer loop
      vertex 3.3 25 3
      vertex 2.73866 1.44653 3
      vertex 3.3 16 3
    endloop
  endfacet
  facet normal 0 0 1
    outer loop
      vertex 4.9 25 3
      vertex 2.7 44.87 3
      vertex 3.3 25 3
    endloop
  endfacet
  facet normal 0 0 1
    outer loop
      vertex 0.23851 74.8117 3
      vertex 2.73866 78.5535 3
      vertex 2.05025 77.9498 3
    endloop
  endfacet
  facet normal 0 0 1
    outer loop
      vertex 0.23851 74.8117 3
      vertex 2.05025 77.9498 3
      vertex 1.44652 77.2613 3
    endloop
  endfacet
  facet normal 0 0 1
    outer loop
      vertex 0.23851 74.8117 3
      vertex 1.44652 77.2613 3
      vertex 0.93782 76.5 3
    endloop
  endfacet
  facet normal 0 0 1
    outer loop
      vertex 0.23851 74.8117 3
      vertex 0.93782 76.5 3
      vertex 0.532837 75.6788 3
    endloop
  endfacet
  facet normal 0 0 1
    outer loop
      vertex 0 73 3
      vertex 2.73866 78.5535 3
      vertex 0.23851 74.8117 3
    endloop
  endfacet
  facet normal 0 0 1
    outer loop
      vertex 2.7 60.27 3
      vertex 0 73 3
      vertex 0.299999 60.27 3
    endloop
  endfacet
  facet normal 0 0 1
    outer loop
      vertex 5.96511 71.6513 3
      vertex 0 73 3
      vertex 2.7 60.27 3
    endloop
  endfacet
  facet normal 0 0 1
    outer loop
      vertex 8.47224 72.15 3
      vertex 18 75.1 3
      vertex 8.57059 72.3494 3
    endloop
  endfacet
  facet normal 0 0 1
    outer loop
      vertex 18 4.9 3
      vertex 8.68546 7.22189 3
      vertex 8.7 7 3
    endloop
  endfacet
  facet normal 0 0 1
    outer loop
      vertex 8.3487 71.9651 3
      vertex 18 75.1 3
      vertex 8.47224 72.15 3
    endloop
  endfacet
  facet normal 0 0 1
    outer loop
      vertex 18 4.9 3
      vertex 8.64207 7.43999 3
      vertex 8.68546 7.22189 3
    endloop
  endfacet
  facet normal 0 0 1
    outer loop
      vertex 8.20208 71.7979 3
      vertex 18 75.1 3
      vertex 8.3487 71.9651 3
    endloop
  endfacet
  facet normal -0 0 1
    outer loop
      vertex 4.9 16 3
      vertex 18 4.9 3
      vertex 4.9 25 3
    endloop
  endfacet
  facet normal 0 0 1
    outer loop
      vertex 26.55 74.9 3
      vertex 4.9 25 3
      vertex 18 4.9 3
    endloop
  endfacet
  facet normal 0 0 1
    outer loop
      vertex 18 4.9 3
      vertex 8.57059 7.65056 3
      vertex 8.64207 7.43999 3
    endloop
  endfacet
  facet normal 0 0 1
    outer loop
      vertex 8.03489 71.6513 3
      vertex 18 75.1 3
      vertex 8.20208 71.7979 3
    endloop
  endfacet
  facet normal 0 0 1
    outer loop
      vertex 18 4.9 3
      vertex 8.47224 7.85 3
      vertex 8.57059 7.65056 3
    endloop
  endfacet
  facet normal 0 0 1
    outer loop
      vertex 2.7 60.27 3
      vertex 8.03489 71.6513 3
      vertex 7.85 71.5278 3
    endloop
  endfacet
  facet normal 0 0 1
    outer loop
      vertex 18 4.9 3
      vertex 8.3487 8.03489 3
      vertex 8.47224 7.85 3
    endloop
  endfacet
  facet normal -0 0 1
    outer loop
      vertex 8.03489 71.6513 3
      vertex 2.7 60.27 3
      vertex 18 75.1 3
    endloop
  endfacet
  facet normal 0 0 1
    outer loop
      vertex 18 4.9 3
      vertex 8.20208 8.20208 3
      vertex 8.3487 8.03489 3
    endloop
  endfacet
  facet normal 0 0 1
    outer loop
      vertex 18 75.1 3
      vertex 2.7 60.27 3
      vertex 26.55 74.9 3
    endloop
  endfacet
  facet normal 0 0 1
    outer loop
      vertex 18 4.9 3
      vertex 4.9 16 3
      vertex 8.20208 8.20208 3
    endloop
  endfacet
  facet normal 0 0 1
    outer loop
      vertex 2.7 60.27 3
      vertex 7.85 71.5278 3
      vertex 7.65056 71.4294 3
    endloop
  endfacet
  facet normal 0 0 1
    outer loop
      vertex 8.20208 8.20208 3
      vertex 4.9 16 3
      vertex 8.03489 8.3487 3
    endloop
  endfacet
  facet normal 0 0 1
    outer loop
      vertex 2.7 60.27 3
      vertex 7.65056 71.4294 3
      vertex 7.43999 71.3579 3
    endloop
  endfacet
  facet normal 0 0 1
    outer loop
      vertex 8.03489 8.3487 3
      vertex 4.9 16 3
      vertex 7.85 8.47224 3
    endloop
  endfacet
  facet normal 0 0 1
    outer loop
      vertex 2.7 60.27 3
      vertex 7.43999 71.3579 3
      vertex 7.22189 71.3145 3
    endloop
  endfacet
  facet normal 0 0 1
    outer loop
      vertex 7.85 8.47224 3
      vertex 4.9 16 3
      vertex 7.65056 8.57059 3
    endloop
  endfacet
  facet normal 0 0 1
    outer loop
      vertex 2.7 60.27 3
      vertex 7.22189 71.3145 3
      vertex 7 71.3 3
    endloop
  endfacet
  facet normal 0 0 1
    outer loop
      vertex 7.65056 8.57059 3
      vertex 4.9 16 3
      vertex 7.43999 8.64207 3
    endloop
  endfacet
  facet normal 0 0 1
    outer loop
      vertex 2.7 60.27 3
      vertex 7 71.3 3
      vertex 6.77811 71.3145 3
    endloop
  endfacet
  facet normal 0 0 1
    outer loop
      vertex 7.43999 8.64207 3
      vertex 4.9 16 3
      vertex 7.22189 8.68546 3
    endloop
  endfacet
  facet normal 0 0 1
    outer loop
      vertex 2.7 60.27 3
      vertex 6.77811 71.3145 3
      vertex 6.56001 71.3579 3
    endloop
  endfacet
  facet normal 0 0 1
    outer loop
      vertex 7.22189 8.68546 3
      vertex 4.9 16 3
      vertex 7 8.7 3
    endloop
  endfacet
  facet normal 0 0 1
    outer loop
      vertex 2.7 60.27 3
      vertex 6.56001 71.3579 3
      vertex 6.34944 71.4294 3
    endloop
  endfacet
  facet normal 0 0 1
    outer loop
      vertex 7 8.7 3
      vertex 4.9 16 3
      vertex 6.77811 8.68546 3
    endloop
  endfacet
  facet normal 0 0 1
    outer loop
      vertex 2.7 60.27 3
      vertex 6.34944 71.4294 3
      vertex 6.15 71.5278 3
    endloop
  endfacet
  facet normal 0 0 1
    outer loop
      vertex 6.77811 8.68546 3
      vertex 4.9 16 3
      vertex 6.56001 8.64207 3
    endloop
  endfacet
  facet normal 0 0 1
    outer loop
      vertex 2.7 60.27 3
      vertex 6.15 71.5278 3
      vertex 5.96511 71.6513 3
    endloop
  endfacet
  facet normal 0 0 1
    outer loop
      vertex 6.56001 8.64207 3
      vertex 4.9 16 3
      vertex 6.34944 8.57059 3
    endloop
  endfacet
  facet normal 0 0 1
    outer loop
      vertex 0 73 3
      vertex 5.96511 71.6513 3
      vertex 5.79792 71.7979 3
    endloop
  endfacet
  facet normal 0 0 1
    outer loop
      vertex 6.34944 8.57059 3
      vertex 4.9 16 3
      vertex 6.15 8.47224 3
    endloop
  endfacet
  facet normal 0 0 1
    outer loop
      vertex 0 73 3
      vertex 5.79792 71.7979 3
      vertex 5.6513 71.9651 3
    endloop
  endfacet
  facet normal -0 0 1
    outer loop
      vertex 3.3 16 3
      vertex 6.15 8.47224 3
      vertex 4.9 16 3
    endloop
  endfacet
  facet normal 0 0 1
    outer loop
      vertex 0 73 3
      vertex 5.6513 71.9651 3
      vertex 5.52776 72.15 3
    endloop
  endfacet
  facet normal 0 0 1
    outer loop
      vertex 6.15 8.47224 3
      vertex 3.3 16 3
      vertex 5.96511 8.3487 3
    endloop
  endfacet
  facet normal 0 0 1
    outer loop
      vertex 0 73 3
      vertex 5.52776 72.15 3
      vertex 5.42941 72.3494 3
    endloop
  endfacet
  facet normal 0 0 1
    outer loop
      vertex 5.96511 8.3487 3
      vertex 3.3 16 3
      vertex 5.79792 8.20208 3
    endloop
  endfacet
  facet normal 0 0 1
    outer loop
      vertex 0 73 3
      vertex 5.42941 72.3494 3
      vertex 5.35793 72.56 3
    endloop
  endfacet
  facet normal 0 0 1
    outer loop
      vertex 5.79792 8.20208 3
      vertex 3.3 16 3
      vertex 5.6513 8.03489 3
    endloop
  endfacet
  facet normal 0 0 1
    outer loop
      vertex 0 73 3
      vertex 5.35793 72.56 3
      vertex 5.31454 72.7781 3
    endloop
  endfacet
  facet normal 0 0 1
    outer loop
      vertex 5.6513 8.03489 3
      vertex 3.3 16 3
      vertex 5.52776 7.85 3
    endloop
  endfacet
  facet normal -0 0 1
    outer loop
      vertex 0 73 3
      vertex 5.31454 72.7781 3
      vertex 5.3 73 3
    endloop
  endfacet
  facet normal 0 0 1
    outer loop
      vertex 5.52776 7.85 3
      vertex 3.3 16 3
      vertex 5.42941 7.65056 3
    endloop
  endfacet
  facet normal 0 0 1
    outer loop
      vertex 100.15 71.5278 3
      vertex 81.45 74.9 3
      vertex 103.1 25 3
    endloop
  endfacet
  facet normal 0 0 1
    outer loop
      vertex 81.45 74.9 3
      vertex 82.15 75.1 3
      vertex 81.45 76.5 3
    endloop
  endfacet
  facet normal -0 0 1
    outer loop
      vertex 79.85 74.9 3
      vertex 103.1 25 3
      vertex 81.45 74.9 3
    endloop
  endfacet
  facet normal -0 0 1
    outer loop
      vertex 79.55 74.9 3
      vertex 103.1 25 3
      vertex 79.85 74.9 3
    endloop
  endfacet
  facet normal 0 0 1
    outer loop
      vertex 79.55 74.9 3
      vertex 79.85 74.9 3
      vertex 79.55 76.5 3
    endloop
  endfacet
  facet normal 0 0 1
    outer loop
      vertex 103.1 25 3
      vertex 79.55 74.9 3
      vertex 90 4.9 3
    endloop
  endfacet
  facet normal -0 0 1
    outer loop
      vertex 28.45 74.9 3
      vertex 90 4.9 3
      vertex 79.55 74.9 3
    endloop
  endfacet
  facet normal 0 0 1
    outer loop
      vertex 28.15 74.9 3
      vertex 28.45 74.9 3
      vertex 28.15 76.5 3
    endloop
  endfacet
  facet normal 0 0 1
    outer loop
      vertex 18 4.9 3
      vertex 28.45 74.9 3
      vertex 28.15 74.9 3
    endloop
  endfacet
  facet normal 0 0 1
    outer loop
      vertex 18 4.9 3
      vertex 28.15 74.9 3
      vertex 26.55 74.9 3
    endloop
  endfacet
  facet normal 0 0 1
    outer loop
      vertex 26.55 76.5 3
      vertex 25.85 75.1 3
      vertex 26.55 74.9 3
    endloop
  endfacet
  facet normal -0 0 1
    outer loop
      vertex 18 75.1 3
      vertex 26.55 74.9 3
      vertex 25.85 75.1 3
    endloop
  endfacet
  facet normal 0 0 1
    outer loop
      vertex 8.57059 72.3494 3
      vertex 18 75.1 3
      vertex 8.64207 72.56 3
    endloop
  endfacet
  facet normal 0 0 1
    outer loop
      vertex 28.45 74.9 3
      vertex 18 4.9 3
      vertex 90 4.9 3
    endloop
  endfacet
  facet normal 0 0 1
    outer loop
      vertex 102.472 72.15 3
      vertex 108 73 3
      vertex 102.571 72.3494 3
    endloop
  endfacet
  facet normal 0 0 1
    outer loop
      vertex 103.1 25 3
      vertex 102.685 7.22189 3
      vertex 102.7 7 3
    endloop
  endfacet
  facet normal 0 0 1
    outer loop
      vertex 102.349 71.9651 3
      vertex 108 73 3
      vertex 102.472 72.15 3
    endloop
  endfacet
  facet normal 0 0 1
    outer loop
      vertex 103.1 25 3
      vertex 102.642 7.43999 3
      vertex 102.685 7.22189 3
    endloop
  endfacet
  facet normal 0 0 1
    outer loop
      vertex 102.202 71.7979 3
      vertex 108 73 3
      vertex 102.349 71.9651 3
    endloop
  endfacet
  facet normal 0 0 1
    outer loop
      vertex 103.1 25 3
      vertex 102.571 7.65056 3
      vertex 102.642 7.43999 3
    endloop
  endfacet
  facet normal 0 0 1
    outer loop
      vertex 102.035 71.6513 3
      vertex 108 73 3
      vertex 102.202 71.7979 3
    endloop
  endfacet
  facet normal 0 0 1
    outer loop
      vertex 103.1 25 3
      vertex 102.472 7.85 3
      vertex 102.571 7.65056 3
    endloop
  endfacet
  facet normal 0 0 1
    outer loop
      vertex 101.85 71.5278 3
      vertex 108 73 3
      vertex 102.035 71.6513 3
    endloop
  endfacet
  facet normal 0 0 1
    outer loop
      vertex 103.1 25 3
      vertex 102.349 8.03489 3
      vertex 102.472 7.85 3
    endloop
  endfacet
  facet normal 0 0 1
    outer loop
      vertex 101.651 71.4294 3
      vertex 108 73 3
      vertex 101.85 71.5278 3
    endloop
  endfacet
  facet normal 0 0 1
    outer loop
      vertex 103.1 25 3
      vertex 102.202 8.20208 3
      vertex 102.349 8.03489 3
    endloop
  endfacet
  facet normal 0 0 1
    outer loop
      vertex 108 73 3
      vertex 101.651 71.4294 3
      vertex 104.7 25 3
    endloop
  endfacet
  facet normal 0 0 1
    outer loop
      vertex 103.1 25 3
      vertex 102.035 8.3487 3
      vertex 102.202 8.20208 3
    endloop
  endfacet
  facet normal -0 0 1
    outer loop
      vertex 101.44 71.3579 3
      vertex 104.7 25 3
      vertex 101.651 71.4294 3
    endloop
  endfacet
  facet normal 0 0 1
    outer loop
      vertex 103.1 25 3
      vertex 101.85 8.47224 3
      vertex 102.035 8.3487 3
    endloop
  endfacet
  facet normal -0 0 1
    outer loop
      vertex 101.222 71.3145 3
      vertex 104.7 25 3
      vertex 101.44 71.3579 3
    endloop
  endfacet
  facet normal 0 0 1
    outer loop
      vertex 103.1 25 3
      vertex 101.651 8.57059 3
      vertex 101.85 8.47224 3
    endloop
  endfacet
  facet normal 0 0 1
    outer loop
      vertex 104.7 25 3
      vertex 101.222 71.3145 3
      vertex 103.1 25 3
    endloop
  endfacet
  facet normal 0 0 1
    outer loop
      vertex 103.1 25 3
      vertex 101.44 8.64207 3
      vertex 101.651 8.57059 3
    endloop
  endfacet
  facet normal -0 0 1
    outer loop
      vertex 101 71.3 3
      vertex 103.1 25 3
      vertex 101.222 71.3145 3
    endloop
  endfacet
  facet normal 0 0 1
    outer loop
      vertex 103.1 25 3
      vertex 101.222 8.68546 3
      vertex 101.44 8.64207 3
    endloop
  endfacet
  facet normal 0 0 1
    outer loop
      vertex 100.778 71.3145 3
      vertex 103.1 25 3
      vertex 101 71.3 3
    endloop
  endfacet
  facet normal 0 0 1
    outer loop
      vertex 103.1 25 3
      vertex 101 8.7 3
      vertex 101.222 8.68546 3
    endloop
  endfacet
  facet normal 0 0 1
    outer loop
      vertex 100.56 71.3579 3
      vertex 103.1 25 3
      vertex 100.778 71.3145 3
    endloop
  endfacet
  facet normal 0 0 1
    outer loop
      vertex 103.1 25 3
      vertex 100.778 8.68546 3
      vertex 101 8.7 3
    endloop
  endfacet
  facet normal 0 0 1
    outer loop
      vertex 100.349 71.4294 3
      vertex 103.1 25 3
      vertex 100.56 71.3579 3
    endloop
  endfacet
  facet normal 0 0 1
    outer loop
      vertex 103.1 25 3
      vertex 100.56 8.64207 3
      vertex 100.778 8.68546 3
    endloop
  endfacet
  facet normal 0 0 1
    outer loop
      vertex 100.15 71.5278 3
      vertex 103.1 25 3
      vertex 100.349 71.4294 3
    endloop
  endfacet
  facet normal 0 0 1
    outer loop
      vertex 103.1 25 3
      vertex 100.349 8.57059 3
      vertex 100.56 8.64207 3
    endloop
  endfacet
  facet normal -0 0 1
    outer loop
      vertex 81.45 74.9 3
      vertex 100.15 71.5278 3
      vertex 90 75.1 3
    endloop
  endfacet
  facet normal 0 0 1
    outer loop
      vertex 103.1 25 3
      vertex 100.15 8.47224 3
      vertex 100.349 8.57059 3
    endloop
  endfacet
  facet normal 0 0 1
    outer loop
      vertex 90 75.1 3
      vertex 100.15 71.5278 3
      vertex 99.9651 71.6513 3
    endloop
  endfacet
  facet normal 0 0 1
    outer loop
      vertex 81.45 74.9 3
      vertex 90 75.1 3
      vertex 82.15 75.1 3
    endloop
  endfacet
  facet normal 0 0 1
    outer loop
      vertex 90 75.1 3
      vertex 99.9651 71.6513 3
      vertex 99.7979 71.7979 3
    endloop
  endfacet
  facet normal 0 -0 1
    outer loop
      vertex 99.9651 8.3487 3
      vertex 103.1 25 3
      vertex 90 4.9 3
    endloop
  endfacet
  facet normal 0 0 1
    outer loop
      vertex 90 75.1 3
      vertex 99.7979 71.7979 3
      vertex 99.6513 71.9651 3
    endloop
  endfacet
  facet normal 0 0 1
    outer loop
      vertex 103.1 25 3
      vertex 99.9651 8.3487 3
      vertex 100.15 8.47224 3
    endloop
  endfacet
  facet normal 0 0 1
    outer loop
      vertex 90 75.1 3
      vertex 99.6513 71.9651 3
      vertex 99.5278 72.15 3
    endloop
  endfacet
  facet normal 0 0 1
    outer loop
      vertex 99.9651 8.3487 3
      vertex 90 4.9 3
      vertex 99.7979 8.20208 3
    endloop
  endfacet
  facet normal 0 0 1
    outer loop
      vertex 90 75.1 3
      vertex 99.5278 72.15 3
      vertex 99.4294 72.3494 3
    endloop
  endfacet
  facet normal 0 0 1
    outer loop
      vertex 99.7979 8.20208 3
      vertex 90 4.9 3
      vertex 99.6513 8.03489 3
    endloop
  endfacet
  facet normal 0 0 1
    outer loop
      vertex 90 75.1 3
      vertex 99.4294 72.3494 3
      vertex 99.3579 72.56 3
    endloop
  endfacet
  facet normal 0 0 1
    outer loop
      vertex 99.6513 8.03489 3
      vertex 90 4.9 3
      vertex 99.5278 7.85 3
    endloop
  endfacet
  facet normal 0 0 1
    outer loop
      vertex 90 75.1 3
      vertex 99.3579 72.56 3
      vertex 99.3145 72.7781 3
    endloop
  endfacet
  facet normal 0 0 1
    outer loop
      vertex 99.5278 7.85 3
      vertex 90 4.9 3
      vertex 99.4294 7.65056 3
    endloop
  endfacet
  facet normal 0 0 1
    outer loop
      vertex 90 75.1 3
      vertex 99.3145 72.7781 3
      vertex 99.3 73 3
    endloop
  endfacet
  facet normal 0 0 1
    outer loop
      vertex 99.4294 7.65056 3
      vertex 90 4.9 3
      vertex 99.3579 7.43999 3
    endloop
  endfacet
  facet normal -0 0 1
    outer loop
      vertex 102.349 5.96511 3
      vertex 106.553 2.73868 3
      vertex 102.472 6.15 3
    endloop
  endfacet
  facet normal 0 0 1
    outer loop
      vertex 106.553 2.73868 3
      vertex 102.349 5.96511 3
      vertex 105.95 2.05026 3
    endloop
  endfacet
  facet normal -0 0 1
    outer loop
      vertex 102.202 5.79792 3
      vertex 105.95 2.05026 3
      vertex 102.349 5.96511 3
    endloop
  endfacet
  facet normal 0 0 1
    outer loop
      vertex 105.95 2.05026 3
      vertex 102.202 5.79792 3
      vertex 105.261 1.44653 3
    endloop
  endfacet
  facet normal -0 0 1
    outer loop
      vertex 102.035 5.6513 3
      vertex 105.261 1.44653 3
      vertex 102.202 5.79792 3
    endloop
  endfacet
  facet normal 0 0 1
    outer loop
      vertex 105.261 1.44653 3
      vertex 102.035 5.6513 3
      vertex 104.5 0.937836 3
    endloop
  endfacet
  facet normal -0 0 1
    outer loop
      vertex 101.85 5.52776 3
      vertex 104.5 0.937836 3
      vertex 102.035 5.6513 3
    endloop
  endfacet
  facet normal 0 0 1
    outer loop
      vertex 104.5 0.937836 3
      vertex 101.85 5.52776 3
      vertex 103.679 0.532852 3
    endloop
  endfacet
  facet normal -0 0 1
    outer loop
      vertex 101.651 5.42941 3
      vertex 103.679 0.532852 3
      vertex 101.85 5.52776 3
    endloop
  endfacet
  facet normal 0 0 1
    outer loop
      vertex 103.679 0.532852 3
      vertex 101.651 5.42941 3
      vertex 102.812 0.238525 3
    endloop
  endfacet
  facet normal -0 0 1
    outer loop
      vertex 101.44 5.35793 3
      vertex 102.812 0.238525 3
      vertex 101.651 5.42941 3
    endloop
  endfacet
  facet normal 0 0 1
    outer loop
      vertex 102.812 0.238525 3
      vertex 101.44 5.35793 3
      vertex 101.914 0.0598907 3
    endloop
  endfacet
  facet normal -0 0 1
    outer loop
      vertex 101.222 5.31454 3
      vertex 101.914 0.0598907 3
      vertex 101.44 5.35793 3
    endloop
  endfacet
  facet normal -0 0 1
    outer loop
      vertex 101 5.3 3
      vertex 101.914 0.0598907 3
      vertex 101.222 5.31454 3
    endloop
  endfacet
  facet normal 0 0 1
    outer loop
      vertex 101 5.3 3
      vertex 101 0 3
      vertex 101.914 0.0598907 3
    endloop
  endfacet
  facet normal 0 0 1
    outer loop
      vertex 100.778 5.31454 3
      vertex 101 0 3
      vertex 101 5.3 3
    endloop
  endfacet
  facet normal 0 0 1
    outer loop
      vertex 100.56 5.35793 3
      vertex 101 0 3
      vertex 100.778 5.31454 3
    endloop
  endfacet
  facet normal 0 0 1
    outer loop
      vertex 100.349 5.42941 3
      vertex 101 0 3
      vertex 100.56 5.35793 3
    endloop
  endfacet
  facet normal 0 0 1
    outer loop
      vertex 100.15 5.52776 3
      vertex 101 0 3
      vertex 100.349 5.42941 3
    endloop
  endfacet
  facet normal 0 0 1
    outer loop
      vertex 99.9651 5.6513 3
      vertex 101 0 3
      vertex 100.15 5.52776 3
    endloop
  endfacet
  facet normal 0 0 1
    outer loop
      vertex 99.7979 5.79792 3
      vertex 101 0 3
      vertex 99.9651 5.6513 3
    endloop
  endfacet
  facet normal 0 0 1
    outer loop
      vertex 90 3.3 3
      vertex 99.7979 5.79792 3
      vertex 99.6513 5.96511 3
    endloop
  endfacet
  facet normal 0 0 1
    outer loop
      vertex 90 3.3 3
      vertex 99.6513 5.96511 3
      vertex 99.5278 6.15 3
    endloop
  endfacet
  facet normal 0 0 1
    outer loop
      vertex 90 3.3 3
      vertex 99.5278 6.15 3
      vertex 99.4294 6.34944 3
    endloop
  endfacet
  facet normal 0 0 1
    outer loop
      vertex 90 4.9 3
      vertex 99.4294 6.34944 3
      vertex 99.3579 6.56001 3
    endloop
  endfacet
  facet normal 0 0 1
    outer loop
      vertex 99.3579 7.43999 3
      vertex 90 4.9 3
      vertex 99.3145 7.22189 3
    endloop
  endfacet
  facet normal 0 0 1
    outer loop
      vertex 99.3145 7.22189 3
      vertex 90 4.9 3
      vertex 99.3 7 3
    endloop
  endfacet
  facet normal 0 0 1
    outer loop
      vertex 99.3 7 3
      vertex 90 4.9 3
      vertex 99.3145 6.77811 3
    endloop
  endfacet
  facet normal 0 0 1
    outer loop
      vertex 90 4.9 3
      vertex 99.3579 6.56001 3
      vertex 99.3145 6.77811 3
    endloop
  endfacet
  facet normal 0 0 1
    outer loop
      vertex 99.4294 6.34944 3
      vertex 90 4.9 3
      vertex 90 3.3 3
    endloop
  endfacet
  facet normal 0 0 1
    outer loop
      vertex 99.7979 5.79792 3
      vertex 90 3.3 3
      vertex 101 0 3
    endloop
  endfacet
  facet normal -0 0 1
    outer loop
      vertex 18 3.3 3
      vertex 101 0 3
      vertex 90 3.3 3
    endloop
  endfacet
  facet normal -0 0 1
    outer loop
      vertex 8.68546 6.77811 3
      vertex 18 4.9 3
      vertex 8.7 7 3
    endloop
  endfacet
  facet normal -0 0 1
    outer loop
      vertex 8.64207 6.56001 3
      vertex 18 4.9 3
      vertex 8.68546 6.77811 3
    endloop
  endfacet
  facet normal -0 0 1
    outer loop
      vertex 8.57059 6.34944 3
      vertex 18 4.9 3
      vertex 8.64207 6.56001 3
    endloop
  endfacet
  facet normal 0 0 1
    outer loop
      vertex 18 4.9 3
      vertex 8.57059 6.34944 3
      vertex 18 3.3 3
    endloop
  endfacet
  facet normal -0 0 1
    outer loop
      vertex 8.47224 6.15 3
      vertex 18 3.3 3
      vertex 8.57059 6.34944 3
    endloop
  endfacet
  facet normal -0 0 1
    outer loop
      vertex 8.3487 5.96511 3
      vertex 18 3.3 3
      vertex 8.47224 6.15 3
    endloop
  endfacet
  facet normal -0 0 1
    outer loop
      vertex 8.20208 5.79792 3
      vertex 18 3.3 3
      vertex 8.3487 5.96511 3
    endloop
  endfacet
  facet normal 0 0 1
    outer loop
      vertex 7 0 3
      vertex 8.20208 5.79792 3
      vertex 8.03489 5.6513 3
    endloop
  endfacet
  facet normal 0 0 1
    outer loop
      vertex 7 0 3
      vertex 8.03489 5.6513 3
      vertex 7.85 5.52776 3
    endloop
  endfacet
  facet normal 0 0 1
    outer loop
      vertex 7 0 3
      vertex 7.85 5.52776 3
      vertex 7.65056 5.42941 3
    endloop
  endfacet
  facet normal 0 0 1
    outer loop
      vertex 7 0 3
      vertex 7.65056 5.42941 3
      vertex 7.43999 5.35793 3
    endloop
  endfacet
  facet normal 0 0 1
    outer loop
      vertex 7 0 3
      vertex 7.43999 5.35793 3
      vertex 7.22189 5.31454 3
    endloop
  endfacet
  facet normal 0 0 1
    outer loop
      vertex 7 0 3
      vertex 7.22189 5.31454 3
      vertex 7 5.3 3
    endloop
  endfacet
  facet normal 0 0 1
    outer loop
      vertex 18 3.3 3
      vertex 7 0 3
      vertex 101 0 3
    endloop
  endfacet
  facet normal 0 0 1
    outer loop
      vertex 8.20208 5.79792 3
      vertex 7 0 3
      vertex 18 3.3 3
    endloop
  endfacet
  facet normal 0 0 1
    outer loop
      vertex 6.77811 5.31454 3
      vertex 7 0 3
      vertex 7 5.3 3
    endloop
  endfacet
  facet normal 0 0 1
    outer loop
      vertex 6.0863 0.0598907 3
      vertex 6.77811 5.31454 3
      vertex 6.56001 5.35793 3
    endloop
  endfacet
  facet normal 0 0 1
    outer loop
      vertex 5.18826 0.238525 3
      vertex 6.56001 5.35793 3
      vertex 6.34944 5.42941 3
    endloop
  endfacet
  facet normal 0 0 1
    outer loop
      vertex 5.18826 0.238525 3
      vertex 6.34944 5.42941 3
      vertex 6.15 5.52776 3
    endloop
  endfacet
  facet normal 0 0 1
    outer loop
      vertex 6.77811 5.31454 3
      vertex 6.0863 0.0598907 3
      vertex 7 0 3
    endloop
  endfacet
  facet normal 0 0 1
    outer loop
      vertex 5.18826 0.238525 3
      vertex 6.15 5.52776 3
      vertex 5.96511 5.6513 3
    endloop
  endfacet
  facet normal 0 0 1
    outer loop
      vertex 5.18826 0.238525 3
      vertex 5.96511 5.6513 3
      vertex 5.79792 5.79792 3
    endloop
  endfacet
  facet normal 0 0 1
    outer loop
      vertex 5.18826 0.238525 3
      vertex 5.79792 5.79792 3
      vertex 5.6513 5.96511 3
    endloop
  endfacet
  facet normal 0 0 1
    outer loop
      vertex 5.18826 0.238525 3
      vertex 5.6513 5.96511 3
      vertex 5.52776 6.15 3
    endloop
  endfacet
  facet normal 0 0 1
    outer loop
      vertex 5.18826 0.238525 3
      vertex 5.52776 6.15 3
      vertex 5.42941 6.34944 3
    endloop
  endfacet
  facet normal 0 0 1
    outer loop
      vertex 5.18826 0.238525 3
      vertex 5.42941 6.34944 3
      vertex 5.35793 6.56001 3
    endloop
  endfacet
  facet normal 0 0 1
    outer loop
      vertex 5.18826 0.238525 3
      vertex 5.35793 6.56001 3
      vertex 5.31454 6.77811 3
    endloop
  endfacet
  facet normal 0 0 1
    outer loop
      vertex 6.56001 5.35793 3
      vertex 5.18826 0.238525 3
      vertex 6.0863 0.0598907 3
    endloop
  endfacet
  facet normal 0 0 1
    outer loop
      vertex 5.3 7 3
      vertex 5.18826 0.238525 3
      vertex 5.31454 6.77811 3
    endloop
  endfacet
  facet normal 0 0 1
    outer loop
      vertex 5.42941 7.65056 3
      vertex 3.3 16 3
      vertex 5.35793 7.43999 3
    endloop
  endfacet
  facet normal 0 0 1
    outer loop
      vertex 5.35793 7.43999 3
      vertex 3.3 16 3
      vertex 5.31454 7.22189 3
    endloop
  endfacet
  facet normal 0 0 1
    outer loop
      vertex 2.73866 78.5535 3
      vertex 5.18826 79.7615 3
      vertex 4.32121 79.4672 3
    endloop
  endfacet
  facet normal 0 0 1
    outer loop
      vertex 2.73866 78.5535 3
      vertex 4.32121 79.4672 3
      vertex 3.5 79.0622 3
    endloop
  endfacet
  facet normal 0 0 1
    outer loop
      vertex 0 73 3
      vertex 5.18826 79.7615 3
      vertex 2.73866 78.5535 3
    endloop
  endfacet
  facet normal 0 0 1
    outer loop
      vertex 26.55 74.9 3
      vertex 2.7 44.87 3
      vertex 4.9 25 3
    endloop
  endfacet
  facet normal 0 0 1
    outer loop
      vertex 2.7 44.87 3
      vertex 26.55 74.9 3
      vertex 2.7 60.27 3
    endloop
  endfacet
  facet normal 0 0 1
    outer loop
      vertex 79.85 76.5 3
      vertex 78.65 77.3 3
      vertex 79.55 76.5 3
    endloop
  endfacet
  facet normal -0 0 1
    outer loop
      vertex 29.35 77.3 3
      vertex 79.55 76.5 3
      vertex 78.65 77.3 3
    endloop
  endfacet
  facet normal 0 0 1
    outer loop
      vertex 79.55 76.5 3
      vertex 29.35 77.3 3
      vertex 28.45 76.5 3
    endloop
  endfacet
  facet normal 0 0 1
    outer loop
      vertex 102.7 73 3
      vertex 108 73 3
      vertex 107.94 73.9137 3
    endloop
  endfacet
  facet normal 0 0 1
    outer loop
      vertex 108 73 3
      vertex 104.7 25 3
      vertex 108 7 3
    endloop
  endfacet
  facet normal 0 0 1
    outer loop
      vertex 102.7 73 3
      vertex 107.94 73.9137 3
      vertex 107.761 74.8117 3
    endloop
  endfacet
  facet normal -0 0 1
    outer loop
      vertex 104.7 16 3
      vertex 108 7 3
      vertex 104.7 25 3
    endloop
  endfacet
  facet normal 0 0 1
    outer loop
      vertex 102.7 73 3
      vertex 107.761 74.8117 3
      vertex 107.467 75.6788 3
    endloop
  endfacet
  facet normal 0 0 1
    outer loop
      vertex 102.7 7 3
      vertex 104.7 16 3
      vertex 103.1 16 3
    endloop
  endfacet
  facet normal 0 0 1
    outer loop
      vertex 102.7 73 3
      vertex 107.467 75.6788 3
      vertex 107.062 76.5 3
    endloop
  endfacet
  facet normal 0 0 1
    outer loop
      vertex 104.7 16 3
      vertex 102.7 7 3
      vertex 108 7 3
    endloop
  endfacet
  facet normal 0 0 1
    outer loop
      vertex 102.7 73 3
      vertex 107.062 76.5 3
      vertex 106.553 77.2613 3
    endloop
  endfacet
  facet normal -0 0 1
    outer loop
      vertex 102.7 7 3
      vertex 107.94 6.08632 3
      vertex 108 7 3
    endloop
  endfacet
  facet normal 0 0 1
    outer loop
      vertex 102.7 73 3
      vertex 106.553 77.2613 3
      vertex 105.95 77.9498 3
    endloop
  endfacet
  facet normal -0 0 1
    outer loop
      vertex 102.685 6.77811 3
      vertex 107.94 6.08632 3
      vertex 102.7 7 3
    endloop
  endfacet
  facet normal 0 0 1
    outer loop
      vertex 102.7 73 3
      vertex 105.95 77.9498 3
      vertex 105.261 78.5535 3
    endloop
  endfacet
  facet normal 0 0 1
    outer loop
      vertex 107.94 6.08632 3
      vertex 102.685 6.77811 3
      vertex 107.761 5.18828 3
    endloop
  endfacet
  facet normal -0 0 1
    outer loop
      vertex 102.642 6.56001 3
      vertex 107.761 5.18828 3
      vertex 102.685 6.77811 3
    endloop
  endfacet
  facet normal 0 0 1
    outer loop
      vertex 102.7 73 3
      vertex 105.261 78.5535 3
      vertex 104.5 79.0622 3
    endloop
  endfacet
  facet normal 0 0 1
    outer loop
      vertex 102.7 73 3
      vertex 104.5 79.0622 3
      vertex 103.679 79.4672 3
    endloop
  endfacet
  facet normal 0 0 1
    outer loop
      vertex 102.685 72.7781 3
      vertex 108 73 3
      vertex 102.7 73 3
    endloop
  endfacet
  facet normal 0 0 1
    outer loop
      vertex 102.642 72.56 3
      vertex 108 73 3
      vertex 102.685 72.7781 3
    endloop
  endfacet
  facet normal 0 0 1
    outer loop
      vertex 102.7 73 3
      vertex 103.679 79.4672 3
      vertex 102.812 79.7615 3
    endloop
  endfacet
  facet normal 0 0 1
    outer loop
      vertex 107.761 5.18828 3
      vertex 102.642 6.56001 3
      vertex 107.467 4.32123 3
    endloop
  endfacet
  facet normal -0 0 1
    outer loop
      vertex 102.571 6.34944 3
      vertex 107.467 4.32123 3
      vertex 102.642 6.56001 3
    endloop
  endfacet
  facet normal 0 0 1
    outer loop
      vertex 107.467 4.32123 3
      vertex 102.571 6.34944 3
      vertex 107.062 3.5 3
    endloop
  endfacet
  facet normal -0 0 1
    outer loop
      vertex 102.472 6.15 3
      vertex 107.062 3.5 3
      vertex 102.571 6.34944 3
    endloop
  endfacet
  facet normal 0 0 1
    outer loop
      vertex 107.062 3.5 3
      vertex 102.472 6.15 3
      vertex 106.553 2.73868 3
    endloop
  endfacet
  facet normal 0 0 1
    outer loop
      vertex 102.571 72.3494 3
      vertex 108 73 3
      vertex 102.642 72.56 3
    endloop
  endfacet
  facet normal 0 0 1
    outer loop
      vertex 102.7 7 3
      vertex 103.1 16 3
      vertex 103.1 25 3
    endloop
  endfacet
  facet normal 0 0 1
    outer loop
      vertex 102.812 79.7615 3
      vertex 102.685 73.2219 3
      vertex 102.7 73 3
    endloop
  endfacet
  facet normal 0 0 1
    outer loop
      vertex 102.812 79.7615 3
      vertex 102.642 73.44 3
      vertex 102.685 73.2219 3
    endloop
  endfacet
  facet normal 0 0 1
    outer loop
      vertex 102.812 79.7615 3
      vertex 102.571 73.6506 3
      vertex 102.642 73.44 3
    endloop
  endfacet
  facet normal 0 0 1
    outer loop
      vertex 102.812 79.7615 3
      vertex 102.472 73.85 3
      vertex 102.571 73.6506 3
    endloop
  endfacet
  facet normal 0 0 1
    outer loop
      vertex 102.812 79.7615 3
      vertex 102.349 74.0349 3
      vertex 102.472 73.85 3
    endloop
  endfacet
  facet normal 0 0 1
    outer loop
      vertex 102.812 79.7615 3
      vertex 102.202 74.2021 3
      vertex 102.349 74.0349 3
    endloop
  endfacet
  facet normal 0 0 1
    outer loop
      vertex 102.812 79.7615 3
      vertex 102.035 74.3487 3
      vertex 102.202 74.2021 3
    endloop
  endfacet
  facet normal 0 0 1
    outer loop
      vertex 101.44 74.6421 3
      vertex 102.812 79.7615 3
      vertex 101.914 79.9401 3
    endloop
  endfacet
  facet normal 0 0 1
    outer loop
      vertex 102.812 79.7615 3
      vertex 101.85 74.4722 3
      vertex 102.035 74.3487 3
    endloop
  endfacet
  facet normal 0 0 1
    outer loop
      vertex 102.812 79.7615 3
      vertex 101.651 74.5706 3
      vertex 101.85 74.4722 3
    endloop
  endfacet
  facet normal 0 0 1
    outer loop
      vertex 102.812 79.7615 3
      vertex 101.44 74.6421 3
      vertex 101.651 74.5706 3
    endloop
  endfacet
  facet normal 0 0 1
    outer loop
      vertex 101.914 79.9401 3
      vertex 101.222 74.6855 3
      vertex 101.44 74.6421 3
    endloop
  endfacet
  facet normal 0 0 1
    outer loop
      vertex 101 80 3
      vertex 101.222 74.6855 3
      vertex 101.914 79.9401 3
    endloop
  endfacet
  facet normal 0 0 1
    outer loop
      vertex 101 80 3
      vertex 101 74.7 3
      vertex 101.222 74.6855 3
    endloop
  endfacet
  facet normal 0 0 1
    outer loop
      vertex 101 80 3
      vertex 100.778 74.6855 3
      vertex 101 74.7 3
    endloop
  endfacet
  facet normal 0 0 1
    outer loop
      vertex 101 80 3
      vertex 100.56 74.6421 3
      vertex 100.778 74.6855 3
    endloop
  endfacet
  facet normal 0 0 1
    outer loop
      vertex 101 80 3
      vertex 100.349 74.5706 3
      vertex 100.56 74.6421 3
    endloop
  endfacet
  facet normal 0 0 1
    outer loop
      vertex 101 80 3
      vertex 100.15 74.4722 3
      vertex 100.349 74.5706 3
    endloop
  endfacet
  facet normal 0 0 1
    outer loop
      vertex 101 80 3
      vertex 99.9651 74.3487 3
      vertex 100.15 74.4722 3
    endloop
  endfacet
  facet normal 0 0 1
    outer loop
      vertex 101 80 3
      vertex 99.7979 74.2021 3
      vertex 99.9651 74.3487 3
    endloop
  endfacet
  facet normal -0 0 1
    outer loop
      vertex 90 76.7 3
      vertex 99.7979 74.2021 3
      vertex 101 80 3
    endloop
  endfacet
  facet normal 0 0 1
    outer loop
      vertex 99.7979 74.2021 3
      vertex 90 76.7 3
      vertex 99.6513 74.0349 3
    endloop
  endfacet
  facet normal 0 0 1
    outer loop
      vertex 99.6513 74.0349 3
      vertex 90 76.7 3
      vertex 99.5278 73.85 3
    endloop
  endfacet
  facet normal 0 0 1
    outer loop
      vertex 99.5278 73.85 3
      vertex 90 76.7 3
      vertex 99.4294 73.6506 3
    endloop
  endfacet
  facet normal 0 0 1
    outer loop
      vertex 99.3145 73.2219 3
      vertex 90 75.1 3
      vertex 99.3 73 3
    endloop
  endfacet
  facet normal 0 0 1
    outer loop
      vertex 99.3579 73.44 3
      vertex 90 75.1 3
      vertex 99.3145 73.2219 3
    endloop
  endfacet
  facet normal 0 0 1
    outer loop
      vertex 99.4294 73.6506 3
      vertex 90 75.1 3
      vertex 99.3579 73.44 3
    endloop
  endfacet
  facet normal -0 0 1
    outer loop
      vertex 90 75.1 3
      vertex 99.4294 73.6506 3
      vertex 90 76.7 3
    endloop
  endfacet
  facet normal -0 0 1
    outer loop
      vertex 78.65 79.7 3
      vertex 90 76.7 3
      vertex 101 80 3
    endloop
  endfacet
  facet normal 0 0 1
    outer loop
      vertex 82.15 76.7 3
      vertex 81.45 76.5 3
      vertex 82.15 75.1 3
    endloop
  endfacet
  facet normal 0 0 1
    outer loop
      vertex 78.65 79.7 3
      vertex 81.45 76.5 3
      vertex 82.15 76.7 3
    endloop
  endfacet
  facet normal 0 0 1
    outer loop
      vertex 90 76.7 3
      vertex 78.65 79.7 3
      vertex 82.15 76.7 3
    endloop
  endfacet
  facet normal 0 0 1
    outer loop
      vertex 79.85 76.5 3
      vertex 79.55 76.5 3
      vertex 79.85 74.9 3
    endloop
  endfacet
  facet normal 0 0 1
    outer loop
      vertex 81.45 76.5 3
      vertex 78.65 79.7 3
      vertex 79.85 76.5 3
    endloop
  endfacet
  facet normal -0 0 1
    outer loop
      vertex 78.65 77.3 3
      vertex 79.85 76.5 3
      vertex 78.65 79.7 3
    endloop
  endfacet
  facet normal 0 0 1
    outer loop
      vertex 101 80 3
      vertex 29.35 79.7 3
      vertex 78.65 79.7 3
    endloop
  endfacet
  facet normal 0 0 1
    outer loop
      vertex 28.15 76.5 3
      vertex 29.35 77.3 3
      vertex 29.35 79.7 3
    endloop
  endfacet
  facet normal 0 0 1
    outer loop
      vertex 28.45 76.5 3
      vertex 28.15 76.5 3
      vertex 28.45 74.9 3
    endloop
  endfacet
  facet normal 0 0 1
    outer loop
      vertex 29.35 77.3 3
      vertex 28.15 76.5 3
      vertex 28.45 76.5 3
    endloop
  endfacet
  facet normal 0 0 1
    outer loop
      vertex 29.35 79.7 3
      vertex 26.55 76.5 3
      vertex 28.15 76.5 3
    endloop
  endfacet
  facet normal 0 0 1
    outer loop
      vertex 25.85 75.1 3
      vertex 26.55 76.5 3
      vertex 25.85 76.7 3
    endloop
  endfacet
  facet normal 0 0 1
    outer loop
      vertex 29.35 79.7 3
      vertex 25.85 76.7 3
      vertex 26.55 76.5 3
    endloop
  endfacet
  facet normal 0 0 1
    outer loop
      vertex 29.35 79.7 3
      vertex 18 76.7 3
      vertex 25.85 76.7 3
    endloop
  endfacet
  facet normal 0 0 1
    outer loop
      vertex 8.57059 73.6506 3
      vertex 18 75.1 3
      vertex 18 76.7 3
    endloop
  endfacet
  facet normal 0 0 1
    outer loop
      vertex 8.68546 72.7781 3
      vertex 18 75.1 3
      vertex 8.7 73 3
    endloop
  endfacet
  facet normal 0 0 1
    outer loop
      vertex 8.64207 72.56 3
      vertex 18 75.1 3
      vertex 8.68546 72.7781 3
    endloop
  endfacet
  facet normal 0 0 1
    outer loop
      vertex 18 75.1 3
      vertex 8.68546 73.2219 3
      vertex 8.7 73 3
    endloop
  endfacet
  facet normal 0 0 1
    outer loop
      vertex 18 75.1 3
      vertex 8.64207 73.44 3
      vertex 8.68546 73.2219 3
    endloop
  endfacet
  facet normal 0 0 1
    outer loop
      vertex 18 75.1 3
      vertex 8.57059 73.6506 3
      vertex 8.64207 73.44 3
    endloop
  endfacet
  facet normal 0 0 1
    outer loop
      vertex 18 76.7 3
      vertex 8.47224 73.85 3
      vertex 8.57059 73.6506 3
    endloop
  endfacet
  facet normal 0 0 1
    outer loop
      vertex 18 76.7 3
      vertex 8.3487 74.0349 3
      vertex 8.47224 73.85 3
    endloop
  endfacet
  facet normal 0 0 1
    outer loop
      vertex 18 76.7 3
      vertex 8.20208 74.2021 3
      vertex 8.3487 74.0349 3
    endloop
  endfacet
  facet normal 0 0 1
    outer loop
      vertex 7 80 3
      vertex 18 76.7 3
      vertex 29.35 79.7 3
    endloop
  endfacet
  facet normal 0 0 1
    outer loop
      vertex 18 76.7 3
      vertex 7 80 3
      vertex 8.20208 74.2021 3
    endloop
  endfacet
  facet normal 0 0 1
    outer loop
      vertex 8.20208 74.2021 3
      vertex 7 80 3
      vertex 8.03489 74.3487 3
    endloop
  endfacet
  facet normal 0 0 1
    outer loop
      vertex 8.03489 74.3487 3
      vertex 7 80 3
      vertex 7.85 74.4722 3
    endloop
  endfacet
  facet normal 0 0 1
    outer loop
      vertex 7.85 74.4722 3
      vertex 7 80 3
      vertex 7.65056 74.5706 3
    endloop
  endfacet
  facet normal 0 0 1
    outer loop
      vertex 7.65056 74.5706 3
      vertex 7 80 3
      vertex 7.43999 74.6421 3
    endloop
  endfacet
  facet normal -0 0 1
    outer loop
      vertex 7 80 3
      vertex 29.35 79.7 3
      vertex 101 80 3
    endloop
  endfacet
  facet normal 0 0 1
    outer loop
      vertex 7.43999 74.6421 3
      vertex 7 80 3
      vertex 7.22189 74.6855 3
    endloop
  endfacet
  facet normal 0 0 1
    outer loop
      vertex 7 80 3
      vertex 7 74.7 3
      vertex 7.22189 74.6855 3
    endloop
  endfacet
  facet normal 0 0 1
    outer loop
      vertex 7 80 3
      vertex 6.77811 74.6855 3
      vertex 7 74.7 3
    endloop
  endfacet
  facet normal -0 0 1
    outer loop
      vertex 6.0863 79.9401 3
      vertex 6.77811 74.6855 3
      vertex 7 80 3
    endloop
  endfacet
  facet normal 0 0 1
    outer loop
      vertex 6.77811 74.6855 3
      vertex 6.0863 79.9401 3
      vertex 6.56001 74.6421 3
    endloop
  endfacet
  facet normal -0 0 1
    outer loop
      vertex 5.18826 79.7615 3
      vertex 6.56001 74.6421 3
      vertex 6.0863 79.9401 3
    endloop
  endfacet
  facet normal 0 0 1
    outer loop
      vertex 6.56001 74.6421 3
      vertex 5.18826 79.7615 3
      vertex 6.34944 74.5706 3
    endloop
  endfacet
  facet normal 0 0 1
    outer loop
      vertex 6.34944 74.5706 3
      vertex 5.18826 79.7615 3
      vertex 6.15 74.4722 3
    endloop
  endfacet
  facet normal 0 0 1
    outer loop
      vertex 6.15 74.4722 3
      vertex 5.18826 79.7615 3
      vertex 5.96511 74.3487 3
    endloop
  endfacet
  facet normal 0 0 1
    outer loop
      vertex 5.96511 74.3487 3
      vertex 5.18826 79.7615 3
      vertex 5.79792 74.2021 3
    endloop
  endfacet
  facet normal 0 0 1
    outer loop
      vertex 5.79792 74.2021 3
      vertex 5.18826 79.7615 3
      vertex 5.6513 74.0349 3
    endloop
  endfacet
  facet normal 0 0 1
    outer loop
      vertex 0 73 3
      vertex 5.6513 74.0349 3
      vertex 5.18826 79.7615 3
    endloop
  endfacet
  facet normal 0 0 1
    outer loop
      vertex 5.6513 74.0349 3
      vertex 0 73 3
      vertex 5.52776 73.85 3
    endloop
  endfacet
  facet normal 0 0 1
    outer loop
      vertex 5.52776 73.85 3
      vertex 0 73 3
      vertex 5.42941 73.6506 3
    endloop
  endfacet
  facet normal 0 0 1
    outer loop
      vertex 5.31454 73.2219 3
      vertex 0 73 3
      vertex 5.3 73 3
    endloop
  endfacet
  facet normal 0 0 1
    outer loop
      vertex 5.35793 73.44 3
      vertex 0 73 3
      vertex 5.31454 73.2219 3
    endloop
  endfacet
  facet normal 0 0 1
    outer loop
      vertex 5.42941 73.6506 3
      vertex 0 73 3
      vertex 5.35793 73.44 3
    endloop
  endfacet
  facet normal -0.99786 -0.065392 0
    outer loop
      vertex 0.0598755 6.08632 0
      vertex 0 7 3
      vertex 0 7 0
    endloop
  endfacet
  facet normal -0.99786 -0.065392 0
    outer loop
      vertex 0 7 3
      vertex 0.0598755 6.08632 0
      vertex 0.0598755 6.08632 3
    endloop
  endfacet
  facet normal -0.195094 -0.980785 0
    outer loop
      vertex 5.18826 0.238525 0
      vertex 6.0863 0.0598907 3
      vertex 5.18826 0.238525 3
    endloop
  endfacet
  facet normal -0.195094 -0.980785 -0
    outer loop
      vertex 6.0863 0.0598907 3
      vertex 5.18826 0.238525 0
      vertex 6.0863 0.0598907 0
    endloop
  endfacet
  facet normal 0.321433 0.946932 -0
    outer loop
      vertex 103.679 79.4672 0
      vertex 102.812 79.7615 3
      vertex 103.679 79.4672 3
    endloop
  endfacet
  facet normal 0.321433 0.946932 0
    outer loop
      vertex 102.812 79.7615 3
      vertex 103.679 79.4672 0
      vertex 102.812 79.7615 0
    endloop
  endfacet
  facet normal -0.751877 0.659304 0
    outer loop
      vertex 1.44652 77.2613 0
      vertex 2.05025 77.9498 3
      vertex 2.05025 77.9498 0
    endloop
  endfacet
  facet normal -0.751877 0.659304 0
    outer loop
      vertex 2.05025 77.9498 3
      vertex 1.44652 77.2613 0
      vertex 1.44652 77.2613 3
    endloop
  endfacet
  facet normal -0.442296 -0.896869 0
    outer loop
      vertex 3.5 0.937836 0
      vertex 4.32121 0.532852 3
      vertex 3.5 0.937836 3
    endloop
  endfacet
  facet normal -0.442296 -0.896869 -0
    outer loop
      vertex 4.32121 0.532852 3
      vertex 3.5 0.937836 0
      vertex 4.32121 0.532852 0
    endloop
  endfacet
  facet normal 0.947038 -0.321122 0
    outer loop
      vertex 107.467 4.32123 3
      vertex 107.761 5.18828 0
      vertex 107.761 5.18828 3
    endloop
  endfacet
  facet normal 0.947038 -0.321122 0
    outer loop
      vertex 107.761 5.18828 0
      vertex 107.467 4.32123 3
      vertex 107.467 4.32123 0
    endloop
  endfacet
  facet normal 0.980708 -0.195478 0
    outer loop
      vertex 107.761 5.18828 3
      vertex 107.94 6.08632 0
      vertex 107.94 6.08632 3
    endloop
  endfacet
  facet normal 0.980708 -0.195478 0
    outer loop
      vertex 107.94 6.08632 0
      vertex 107.761 5.18828 3
      vertex 107.761 5.18828 0
    endloop
  endfacet
  facet normal 0.83131 0.555808 0
    outer loop
      vertex 107.062 76.5 3
      vertex 106.553 77.2613 0
      vertex 106.553 77.2613 3
    endloop
  endfacet
  facet normal 0.83131 0.555808 0
    outer loop
      vertex 106.553 77.2613 0
      vertex 107.062 76.5 3
      vertex 107.062 76.5 0
    endloop
  endfacet
  facet normal 0.442401 0.896817 -0
    outer loop
      vertex 104.5 79.0622 0
      vertex 103.679 79.4672 3
      vertex 104.5 79.0622 3
    endloop
  endfacet
  facet normal 0.442401 0.896817 0
    outer loop
      vertex 103.679 79.4672 3
      vertex 104.5 79.0622 0
      vertex 103.679 79.4672 0
    endloop
  endfacet
  facet normal 0.752234 -0.658896 0
    outer loop
      vertex 105.95 2.05026 3
      vertex 106.553 2.73868 0
      vertex 106.553 2.73868 3
    endloop
  endfacet
  facet normal 0.752234 -0.658896 0
    outer loop
      vertex 106.553 2.73868 0
      vertex 105.95 2.05026 3
      vertex 105.95 2.05026 0
    endloop
  endfacet
  facet normal 0.659033 -0.752114 0
    outer loop
      vertex 105.261 1.44653 0
      vertex 105.95 2.05026 3
      vertex 105.261 1.44653 3
    endloop
  endfacet
  facet normal 0.659033 -0.752114 0
    outer loop
      vertex 105.95 2.05026 3
      vertex 105.261 1.44653 0
      vertex 105.95 2.05026 0
    endloop
  endfacet
  facet normal 0.555729 -0.831364 0
    outer loop
      vertex 104.5 0.937836 0
      vertex 105.261 1.44653 3
      vertex 104.5 0.937836 3
    endloop
  endfacet
  facet normal 0.555729 -0.831364 0
    outer loop
      vertex 105.261 1.44653 3
      vertex 104.5 0.937836 0
      vertex 105.261 1.44653 0
    endloop
  endfacet
  facet normal 0 0 -1
    outer loop
      vertex 98.0436 8.22459 0
      vertex 9.95641 8.22459 0
      vertex 98.2274 8.59738 0
    endloop
  endfacet
  facet normal 0 0 -1
    outer loop
      vertex 98.4613 71.052 0
      vertex 10.1728 72.5852 0
      vertex 10.2 73 0
    endloop
  endfacet
  facet normal -0 0 -1
    outer loop
      vertex 98.2274 8.59738 0
      vertex 9.95641 8.22459 0
      vertex 98.2287 8.6 0
    endloop
  endfacet
  facet normal 0 0 -1
    outer loop
      vertex 98.4613 71.052 0
      vertex 10.1726 72.5823 0
      vertex 10.1728 72.5852 0
    endloop
  endfacet
  facet normal 0 0 -1
    outer loop
      vertex 9.77258 8.59738 0
      vertex 98.2287 8.6 0
      vertex 9.95641 8.22459 0
    endloop
  endfacet
  facet normal 0 0 -1
    outer loop
      vertex 98.4613 71.052 0
      vertex 10.1721 72.5794 0
      vertex 10.1726 72.5823 0
    endloop
  endfacet
  facet normal 0 0 -1
    outer loop
      vertex 9.77128 8.6 0
      vertex 98.2287 8.6 0
      vertex 9.77258 8.59738 0
    endloop
  endfacet
  facet normal 0 0 -1
    outer loop
      vertex 98.4613 71.052 0
      vertex 10.091 72.1718 0
      vertex 10.1721 72.5794 0
    endloop
  endfacet
  facet normal 0 0 -1
    outer loop
      vertex 98.2287 8.6 0
      vertex 9.77128 8.6 0
      vertex 98.2303 8.60243 0
    endloop
  endfacet
  facet normal 0 0 -1
    outer loop
      vertex 98.4613 71.052 0
      vertex 10.09 72.169 0
      vertex 10.091 72.1718 0
    endloop
  endfacet
  facet normal -0 0 -1
    outer loop
      vertex 98.2303 8.60243 0
      vertex 9.77128 8.6 0
      vertex 98.4613 8.94804 0
    endloop
  endfacet
  facet normal 0 0 -1
    outer loop
      vertex 98.4613 71.052 0
      vertex 9.95641 71.7754 0
      vertex 10.09 72.169 0
    endloop
  endfacet
  facet normal 0 0 -1
    outer loop
      vertex 9.76966 8.60243 0
      vertex 98.4613 8.94804 0
      vertex 9.77128 8.6 0
    endloop
  endfacet
  facet normal 0 0 -1
    outer loop
      vertex 98.4613 71.052 0
      vertex 9.77258 71.4026 0
      vertex 9.95641 71.7754 0
    endloop
  endfacet
  facet normal 0 0 -1
    outer loop
      vertex 9.53873 8.94804 0
      vertex 98.4613 8.94804 0
      vertex 9.76966 8.60243 0
    endloop
  endfacet
  facet normal 0 0 -1
    outer loop
      vertex 98.4613 71.052 0
      vertex 9.77128 71.4 0
      vertex 9.77258 71.4026 0
    endloop
  endfacet
  facet normal 0 0 -1
    outer loop
      vertex 98.4613 8.94804 0
      vertex 9.53873 8.94804 0
      vertex 98.4613 71.052 0
    endloop
  endfacet
  facet normal 0 0 -1
    outer loop
      vertex 98.4613 71.052 0
      vertex 9.76966 71.3976 0
      vertex 9.77128 71.4 0
    endloop
  endfacet
  facet normal 0 0 -1
    outer loop
      vertex 9.53873 71.052 0
      vertex 98.4613 71.052 0
      vertex 9.53873 8.94804 0
    endloop
  endfacet
  facet normal 0 0 -1
    outer loop
      vertex 98.4613 71.052 0
      vertex 9.53873 71.052 0
      vertex 9.76966 71.3976 0
    endloop
  endfacet
  facet normal 0 0 -1
    outer loop
      vertex 9.26467 9.26054 0
      vertex 9.53873 71.052 0
      vertex 9.53873 8.94804 0
    endloop
  endfacet
  facet normal 0 0 -1
    outer loop
      vertex 9.26467 9.26054 0
      vertex 9.26467 70.7395 0
      vertex 9.53873 71.052 0
    endloop
  endfacet
  facet normal 0 0 -1
    outer loop
      vertex 9.26274 9.26274 0
      vertex 9.26467 70.7395 0
      vertex 9.26467 9.26054 0
    endloop
  endfacet
  facet normal 0 0 -1
    outer loop
      vertex 9.26274 9.26274 0
      vertex 9.26274 70.7373 0
      vertex 9.26467 70.7395 0
    endloop
  endfacet
  facet normal 0 0 -1
    outer loop
      vertex 9.26054 9.26467 0
      vertex 9.26274 70.7373 0
      vertex 9.26274 9.26274 0
    endloop
  endfacet
  facet normal 0 0 -1
    outer loop
      vertex 9.26054 9.26467 0
      vertex 9.26054 70.7353 0
      vertex 9.26274 70.7373 0
    endloop
  endfacet
  facet normal 0 0 -1
    outer loop
      vertex 8.94804 9.53873 0
      vertex 9.26054 70.7353 0
      vertex 9.26054 9.26467 0
    endloop
  endfacet
  facet normal 0 0 -1
    outer loop
      vertex 8.94804 9.53873 0
      vertex 8.94804 70.4613 0
      vertex 9.26054 70.7353 0
    endloop
  endfacet
  facet normal 0 0 -1
    outer loop
      vertex 8.60243 9.76966 0
      vertex 8.94804 70.4613 0
      vertex 8.94804 9.53873 0
    endloop
  endfacet
  facet normal 0 0 -1
    outer loop
      vertex 8.60243 9.76966 0
      vertex 8.60243 70.2303 0
      vertex 8.94804 70.4613 0
    endloop
  endfacet
  facet normal 0 0 -1
    outer loop
      vertex 8.6 9.77128 0
      vertex 8.60243 70.2303 0
      vertex 8.60243 9.76966 0
    endloop
  endfacet
  facet normal 0 0 -1
    outer loop
      vertex 8.6 9.77128 0
      vertex 8.6 70.2287 0
      vertex 8.60243 70.2303 0
    endloop
  endfacet
  facet normal 0 0 -1
    outer loop
      vertex 8.59738 9.77258 0
      vertex 8.6 70.2287 0
      vertex 8.6 9.77128 0
    endloop
  endfacet
  facet normal 0 0 -1
    outer loop
      vertex 8.59738 9.77258 0
      vertex 8.59738 70.2274 0
      vertex 8.6 70.2287 0
    endloop
  endfacet
  facet normal 0 0 -1
    outer loop
      vertex 8.22459 9.95641 0
      vertex 8.59738 70.2274 0
      vertex 8.59738 9.77258 0
    endloop
  endfacet
  facet normal 0 0 -1
    outer loop
      vertex 8.22459 9.95641 0
      vertex 8.22459 70.0436 0
      vertex 8.59738 70.2274 0
    endloop
  endfacet
  facet normal 0 0 -1
    outer loop
      vertex 7.83099 10.09 0
      vertex 8.22459 70.0436 0
      vertex 8.22459 9.95641 0
    endloop
  endfacet
  facet normal 0 0 -1
    outer loop
      vertex 7.83099 10.09 0
      vertex 7.83099 69.91 0
      vertex 8.22459 70.0436 0
    endloop
  endfacet
  facet normal 0 0 -1
    outer loop
      vertex 7.82822 10.091 0
      vertex 7.83099 69.91 0
      vertex 7.83099 10.09 0
    endloop
  endfacet
  facet normal 0 0 -1
    outer loop
      vertex 7.82822 10.091 0
      vertex 7.82822 69.909 0
      vertex 7.83099 69.91 0
    endloop
  endfacet
  facet normal 0 0 -1
    outer loop
      vertex 7.42055 10.1721 0
      vertex 7.82822 69.909 0
      vertex 7.82822 10.091 0
    endloop
  endfacet
  facet normal 0 0 -1
    outer loop
      vertex 7.42055 10.1721 0
      vertex 7.42055 69.8279 0
      vertex 7.82822 69.909 0
    endloop
  endfacet
  facet normal 0 0 -1
    outer loop
      vertex 7.41768 10.1726 0
      vertex 7.42055 69.8279 0
      vertex 7.42055 10.1721 0
    endloop
  endfacet
  facet normal 0 0 -1
    outer loop
      vertex 7.41768 10.1726 0
      vertex 7.41768 69.8274 0
      vertex 7.42055 69.8279 0
    endloop
  endfacet
  facet normal 0 0 -1
    outer loop
      vertex 7.41476 10.1728 0
      vertex 7.41768 69.8274 0
      vertex 7.41768 10.1726 0
    endloop
  endfacet
  facet normal 0 0 -1
    outer loop
      vertex 7.41476 10.1728 0
      vertex 7.41476 69.8272 0
      vertex 7.41768 69.8274 0
    endloop
  endfacet
  facet normal 0 0 -1
    outer loop
      vertex 7 10.2 0
      vertex 7.41476 69.8272 0
      vertex 7.41476 10.1728 0
    endloop
  endfacet
  facet normal 0 0 -1
    outer loop
      vertex 7 10.2 0
      vertex 7 69.8 0
      vertex 7.41476 69.8272 0
    endloop
  endfacet
  facet normal 0 0 -1
    outer loop
      vertex 6.58524 10.1728 0
      vertex 7 69.8 0
      vertex 7 10.2 0
    endloop
  endfacet
  facet normal 0 0 -1
    outer loop
      vertex 6.58524 10.1728 0
      vertex 6.58524 69.8272 0
      vertex 7 69.8 0
    endloop
  endfacet
  facet normal 0 0 -1
    outer loop
      vertex 6.58232 10.1726 0
      vertex 6.58524 69.8272 0
      vertex 6.58524 10.1728 0
    endloop
  endfacet
  facet normal 0 0 -1
    outer loop
      vertex 6.58232 10.1726 0
      vertex 6.58232 69.8274 0
      vertex 6.58524 69.8272 0
    endloop
  endfacet
  facet normal 0 0 -1
    outer loop
      vertex 6.57945 10.1721 0
      vertex 6.58232 69.8274 0
      vertex 6.58232 10.1726 0
    endloop
  endfacet
  facet normal 0 0 -1
    outer loop
      vertex 6.57945 10.1721 0
      vertex 6.57945 69.8279 0
      vertex 6.58232 69.8274 0
    endloop
  endfacet
  facet normal 0 0 -1
    outer loop
      vertex 6.17178 10.091 0
      vertex 6.57945 69.8279 0
      vertex 6.57945 10.1721 0
    endloop
  endfacet
  facet normal 0 0 -1
    outer loop
      vertex 6.17178 10.091 0
      vertex 6.17178 69.909 0
      vertex 6.57945 69.8279 0
    endloop
  endfacet
  facet normal 0 0 -1
    outer loop
      vertex 6.16901 10.09 0
      vertex 6.17178 69.909 0
      vertex 6.17178 10.091 0
    endloop
  endfacet
  facet normal 0 0 -1
    outer loop
      vertex 6.16901 10.09 0
      vertex 6.16901 69.91 0
      vertex 6.17178 69.909 0
    endloop
  endfacet
  facet normal 0 0 -1
    outer loop
      vertex 5.77541 9.95641 0
      vertex 6.16901 69.91 0
      vertex 6.16901 10.09 0
    endloop
  endfacet
  facet normal 0 0 -1
    outer loop
      vertex 5.77541 9.95641 0
      vertex 5.77541 70.0436 0
      vertex 6.16901 69.91 0
    endloop
  endfacet
  facet normal 0 0 -1
    outer loop
      vertex 5.40262 9.77258 0
      vertex 5.77541 70.0436 0
      vertex 5.77541 9.95641 0
    endloop
  endfacet
  facet normal 0 0 -1
    outer loop
      vertex 5.40262 9.77258 0
      vertex 5.40262 70.2274 0
      vertex 5.77541 70.0436 0
    endloop
  endfacet
  facet normal 0 0 -1
    outer loop
      vertex 5.4 9.77128 0
      vertex 5.40262 70.2274 0
      vertex 5.40262 9.77258 0
    endloop
  endfacet
  facet normal 0 0 -1
    outer loop
      vertex 5.4 9.77128 0
      vertex 5.4 70.2287 0
      vertex 5.40262 70.2274 0
    endloop
  endfacet
  facet normal 0 0 -1
    outer loop
      vertex 0 7 0
      vertex 5.4 9.77128 0
      vertex 5.39757 9.76966 0
    endloop
  endfacet
  facet normal -0 0 -1
    outer loop
      vertex 5.4 9.77128 0
      vertex 0 7 0
      vertex 5.4 70.2287 0
    endloop
  endfacet
  facet normal 0 0 -1
    outer loop
      vertex 0 7 0
      vertex 5.39757 9.76966 0
      vertex 5.05196 9.53873 0
    endloop
  endfacet
  facet normal 0 0 -1
    outer loop
      vertex 0 73 0
      vertex 5.4 70.2287 0
      vertex 0 7 0
    endloop
  endfacet
  facet normal 0 0 -1
    outer loop
      vertex 0 7 0
      vertex 5.05196 9.53873 0
      vertex 4.73946 9.26467 0
    endloop
  endfacet
  facet normal 0 0 -1
    outer loop
      vertex 5.4 70.2287 0
      vertex 0 73 0
      vertex 5.39757 70.2303 0
    endloop
  endfacet
  facet normal 0 0 -1
    outer loop
      vertex 0 7 0
      vertex 4.73946 9.26467 0
      vertex 4.73726 9.26274 0
    endloop
  endfacet
  facet normal 0 0 -1
    outer loop
      vertex 5.39757 70.2303 0
      vertex 0 73 0
      vertex 5.05196 70.4613 0
    endloop
  endfacet
  facet normal 0 0 -1
    outer loop
      vertex 0 7 0
      vertex 4.73726 9.26274 0
      vertex 4.73533 9.26054 0
    endloop
  endfacet
  facet normal 0 0 -1
    outer loop
      vertex 5.05196 70.4613 0
      vertex 0 73 0
      vertex 4.73946 70.7353 0
    endloop
  endfacet
  facet normal 0 0 -1
    outer loop
      vertex 0 7 0
      vertex 4.73533 9.26054 0
      vertex 4.46127 8.94804 0
    endloop
  endfacet
  facet normal 0 0 -1
    outer loop
      vertex 4.73946 70.7353 0
      vertex 0 73 0
      vertex 4.73726 70.7373 0
    endloop
  endfacet
  facet normal 0 0 -1
    outer loop
      vertex 0 7 0
      vertex 4.46127 8.94804 0
      vertex 4.23034 8.60243 0
    endloop
  endfacet
  facet normal 0 0 -1
    outer loop
      vertex 4.73726 70.7373 0
      vertex 0 73 0
      vertex 4.73533 70.7395 0
    endloop
  endfacet
  facet normal 0 0 -1
    outer loop
      vertex 0 7 0
      vertex 4.23034 8.60243 0
      vertex 4.22872 8.6 0
    endloop
  endfacet
  facet normal 0 0 -1
    outer loop
      vertex 4.73533 70.7395 0
      vertex 0 73 0
      vertex 4.46127 71.052 0
    endloop
  endfacet
  facet normal 0 0 -1
    outer loop
      vertex 0 7 0
      vertex 4.22872 8.6 0
      vertex 4.22743 8.59738 0
    endloop
  endfacet
  facet normal 0 0 -1
    outer loop
      vertex 4.46127 71.052 0
      vertex 0 73 0
      vertex 4.23034 71.3976 0
    endloop
  endfacet
  facet normal 0 0 -1
    outer loop
      vertex 0 7 0
      vertex 4.22743 8.59738 0
      vertex 4.04359 8.22459 0
    endloop
  endfacet
  facet normal 0 0 -1
    outer loop
      vertex 4.23034 71.3976 0
      vertex 0 73 0
      vertex 4.22872 71.4 0
    endloop
  endfacet
  facet normal 0 0 -1
    outer loop
      vertex 0 7 0
      vertex 4.04359 8.22459 0
      vertex 3.90998 7.83099 0
    endloop
  endfacet
  facet normal 0 0 -1
    outer loop
      vertex 4.22872 71.4 0
      vertex 0 73 0
      vertex 4.22743 71.4026 0
    endloop
  endfacet
  facet normal 0 0 -1
    outer loop
      vertex 0 7 0
      vertex 3.90998 7.83099 0
      vertex 3.90904 7.82822 0
    endloop
  endfacet
  facet normal 0 0 -1
    outer loop
      vertex 4.22743 71.4026 0
      vertex 0 73 0
      vertex 4.04359 71.7754 0
    endloop
  endfacet
  facet normal 0 0 -1
    outer loop
      vertex 0 7 0
      vertex 3.90904 7.82822 0
      vertex 3.82795 7.42055 0
    endloop
  endfacet
  facet normal 0 0 -1
    outer loop
      vertex 4.04359 71.7754 0
      vertex 0 73 0
      vertex 3.90998 72.169 0
    endloop
  endfacet
  facet normal 0 0 -1
    outer loop
      vertex 0 7 0
      vertex 3.82795 7.42055 0
      vertex 3.82738 7.41768 0
    endloop
  endfacet
  facet normal 0 0 -1
    outer loop
      vertex 3.90998 72.169 0
      vertex 0 73 0
      vertex 3.90904 72.1718 0
    endloop
  endfacet
  facet normal 0 0 -1
    outer loop
      vertex 0 7 0
      vertex 3.82738 7.41768 0
      vertex 3.82718 7.41476 0
    endloop
  endfacet
  facet normal 0 0 -1
    outer loop
      vertex 3.90904 72.1718 0
      vertex 0 73 0
      vertex 3.82795 72.5794 0
    endloop
  endfacet
  facet normal 0 0 -1
    outer loop
      vertex 0 7 0
      vertex 3.82718 7.41476 0
      vertex 3.8 7 0
    endloop
  endfacet
  facet normal 0 0 -1
    outer loop
      vertex 3.82795 72.5794 0
      vertex 0 73 0
      vertex 3.82738 72.5823 0
    endloop
  endfacet
  facet normal 0 0 -1
    outer loop
      vertex 104.172 7.42055 0
      vertex 108 7 0
      vertex 104.173 7.41768 0
    endloop
  endfacet
  facet normal -0 0 -1
    outer loop
      vertex 108 73 0
      vertex 104.173 72.5852 0
      vertex 104.2 73 0
    endloop
  endfacet
  facet normal 0 0 -1
    outer loop
      vertex 104.091 7.82822 0
      vertex 108 7 0
      vertex 104.172 7.42055 0
    endloop
  endfacet
  facet normal 0 0 -1
    outer loop
      vertex 108 73 0
      vertex 104.173 72.5823 0
      vertex 104.173 72.5852 0
    endloop
  endfacet
  facet normal 0 0 -1
    outer loop
      vertex 104.09 7.83099 0
      vertex 108 7 0
      vertex 104.091 7.82822 0
    endloop
  endfacet
  facet normal 0 0 -1
    outer loop
      vertex 108 73 0
      vertex 104.172 72.5794 0
      vertex 104.173 72.5823 0
    endloop
  endfacet
  facet normal 0 0 -1
    outer loop
      vertex 103.956 8.22459 0
      vertex 108 7 0
      vertex 104.09 7.83099 0
    endloop
  endfacet
  facet normal 0 0 -1
    outer loop
      vertex 108 73 0
      vertex 104.091 72.1718 0
      vertex 104.172 72.5794 0
    endloop
  endfacet
  facet normal 0 0 -1
    outer loop
      vertex 103.773 8.59738 0
      vertex 108 7 0
      vertex 103.956 8.22459 0
    endloop
  endfacet
  facet normal 0 0 -1
    outer loop
      vertex 108 73 0
      vertex 104.09 72.169 0
      vertex 104.091 72.1718 0
    endloop
  endfacet
  facet normal 0 0 -1
    outer loop
      vertex 103.771 8.6 0
      vertex 108 7 0
      vertex 103.773 8.59738 0
    endloop
  endfacet
  facet normal 0 0 -1
    outer loop
      vertex 108 73 0
      vertex 103.956 71.7754 0
      vertex 104.09 72.169 0
    endloop
  endfacet
  facet normal 0 0 -1
    outer loop
      vertex 103.77 8.60243 0
      vertex 108 7 0
      vertex 103.771 8.6 0
    endloop
  endfacet
  facet normal 0 0 -1
    outer loop
      vertex 108 73 0
      vertex 103.773 71.4026 0
      vertex 103.956 71.7754 0
    endloop
  endfacet
  facet normal 0 0 -1
    outer loop
      vertex 103.539 8.94804 0
      vertex 108 7 0
      vertex 103.77 8.60243 0
    endloop
  endfacet
  facet normal 0 0 -1
    outer loop
      vertex 108 73 0
      vertex 103.771 71.4 0
      vertex 103.773 71.4026 0
    endloop
  endfacet
  facet normal 0 0 -1
    outer loop
      vertex 103.265 9.26054 0
      vertex 108 7 0
      vertex 103.539 8.94804 0
    endloop
  endfacet
  facet normal 0 0 -1
    outer loop
      vertex 108 73 0
      vertex 103.77 71.3976 0
      vertex 103.771 71.4 0
    endloop
  endfacet
  facet normal 0 0 -1
    outer loop
      vertex 103.263 9.26274 0
      vertex 108 7 0
      vertex 103.265 9.26054 0
    endloop
  endfacet
  facet normal 0 0 -1
    outer loop
      vertex 108 73 0
      vertex 103.539 71.052 0
      vertex 103.77 71.3976 0
    endloop
  endfacet
  facet normal 0 0 -1
    outer loop
      vertex 103.261 9.26467 0
      vertex 108 7 0
      vertex 103.263 9.26274 0
    endloop
  endfacet
  facet normal 0 0 -1
    outer loop
      vertex 108 73 0
      vertex 103.265 70.7395 0
      vertex 103.539 71.052 0
    endloop
  endfacet
  facet normal 0 0 -1
    outer loop
      vertex 102.948 9.53873 0
      vertex 108 7 0
      vertex 103.261 9.26467 0
    endloop
  endfacet
  facet normal 0 0 -1
    outer loop
      vertex 108 73 0
      vertex 103.263 70.7373 0
      vertex 103.265 70.7395 0
    endloop
  endfacet
  facet normal 0 0 -1
    outer loop
      vertex 102.602 9.76966 0
      vertex 108 7 0
      vertex 102.948 9.53873 0
    endloop
  endfacet
  facet normal 0 0 -1
    outer loop
      vertex 108 73 0
      vertex 103.261 70.7353 0
      vertex 103.263 70.7373 0
    endloop
  endfacet
  facet normal 0 0 -1
    outer loop
      vertex 102.6 9.77128 0
      vertex 108 7 0
      vertex 102.602 9.76966 0
    endloop
  endfacet
  facet normal 0 0 -1
    outer loop
      vertex 108 73 0
      vertex 102.948 70.4613 0
      vertex 103.261 70.7353 0
    endloop
  endfacet
  facet normal 0 0 -1
    outer loop
      vertex 108 7 0
      vertex 102.6 9.77128 0
      vertex 108 73 0
    endloop
  endfacet
  facet normal 0 0 -1
    outer loop
      vertex 108 73 0
      vertex 102.602 70.2303 0
      vertex 102.948 70.4613 0
    endloop
  endfacet
  facet normal 0 0 -1
    outer loop
      vertex 102.6 70.2287 0
      vertex 108 73 0
      vertex 102.6 9.77128 0
    endloop
  endfacet
  facet normal 0 0 -1
    outer loop
      vertex 108 73 0
      vertex 102.6 70.2287 0
      vertex 102.602 70.2303 0
    endloop
  endfacet
  facet normal 0 0 -1
    outer loop
      vertex 102.597 9.77258 0
      vertex 102.6 70.2287 0
      vertex 102.6 9.77128 0
    endloop
  endfacet
  facet normal 0 0 -1
    outer loop
      vertex 102.597 9.77258 0
      vertex 102.597 70.2274 0
      vertex 102.6 70.2287 0
    endloop
  endfacet
  facet normal 0 0 -1
    outer loop
      vertex 102.225 9.95641 0
      vertex 102.597 70.2274 0
      vertex 102.597 9.77258 0
    endloop
  endfacet
  facet normal 0 0 -1
    outer loop
      vertex 102.225 9.95641 0
      vertex 102.225 70.0436 0
      vertex 102.597 70.2274 0
    endloop
  endfacet
  facet normal 0 0 -1
    outer loop
      vertex 101.831 10.09 0
      vertex 102.225 70.0436 0
      vertex 102.225 9.95641 0
    endloop
  endfacet
  facet normal 0 0 -1
    outer loop
      vertex 101.831 10.09 0
      vertex 101.831 69.91 0
      vertex 102.225 70.0436 0
    endloop
  endfacet
  facet normal 0 0 -1
    outer loop
      vertex 101.828 10.091 0
      vertex 101.831 69.91 0
      vertex 101.831 10.09 0
    endloop
  endfacet
  facet normal 0 0 -1
    outer loop
      vertex 101.828 10.091 0
      vertex 101.828 69.909 0
      vertex 101.831 69.91 0
    endloop
  endfacet
  facet normal 0 0 -1
    outer loop
      vertex 101.421 10.1721 0
      vertex 101.828 69.909 0
      vertex 101.828 10.091 0
    endloop
  endfacet
  facet normal 0 0 -1
    outer loop
      vertex 101.421 10.1721 0
      vertex 101.421 69.8279 0
      vertex 101.828 69.909 0
    endloop
  endfacet
  facet normal 0 0 -1
    outer loop
      vertex 101.418 10.1726 0
      vertex 101.421 69.8279 0
      vertex 101.421 10.1721 0
    endloop
  endfacet
  facet normal 0 0 -1
    outer loop
      vertex 101.418 10.1726 0
      vertex 101.418 69.8274 0
      vertex 101.421 69.8279 0
    endloop
  endfacet
  facet normal 0 0 -1
    outer loop
      vertex 101.415 10.1728 0
      vertex 101.418 69.8274 0
      vertex 101.418 10.1726 0
    endloop
  endfacet
  facet normal 0 0 -1
    outer loop
      vertex 101.415 10.1728 0
      vertex 101.415 69.8272 0
      vertex 101.418 69.8274 0
    endloop
  endfacet
  facet normal 0 0 -1
    outer loop
      vertex 101 10.2 0
      vertex 101.415 69.8272 0
      vertex 101.415 10.1728 0
    endloop
  endfacet
  facet normal 0 0 -1
    outer loop
      vertex 101 10.2 0
      vertex 101 69.8 0
      vertex 101.415 69.8272 0
    endloop
  endfacet
  facet normal 0 0 -1
    outer loop
      vertex 100.585 10.1728 0
      vertex 101 69.8 0
      vertex 101 10.2 0
    endloop
  endfacet
  facet normal 0 0 -1
    outer loop
      vertex 100.585 10.1728 0
      vertex 100.585 69.8272 0
      vertex 101 69.8 0
    endloop
  endfacet
  facet normal 0 0 -1
    outer loop
      vertex 100.582 10.1726 0
      vertex 100.585 69.8272 0
      vertex 100.585 10.1728 0
    endloop
  endfacet
  facet normal 0 0 -1
    outer loop
      vertex 100.582 10.1726 0
      vertex 100.582 69.8274 0
      vertex 100.585 69.8272 0
    endloop
  endfacet
  facet normal 0 0 -1
    outer loop
      vertex 100.579 10.1721 0
      vertex 100.582 69.8274 0
      vertex 100.582 10.1726 0
    endloop
  endfacet
  facet normal 0 0 -1
    outer loop
      vertex 100.579 10.1721 0
      vertex 100.579 69.8279 0
      vertex 100.582 69.8274 0
    endloop
  endfacet
  facet normal 0 0 -1
    outer loop
      vertex 100.172 10.091 0
      vertex 100.579 69.8279 0
      vertex 100.579 10.1721 0
    endloop
  endfacet
  facet normal 0 0 -1
    outer loop
      vertex 100.172 10.091 0
      vertex 100.172 69.909 0
      vertex 100.579 69.8279 0
    endloop
  endfacet
  facet normal 0 0 -1
    outer loop
      vertex 100.169 10.09 0
      vertex 100.172 69.909 0
      vertex 100.172 10.091 0
    endloop
  endfacet
  facet normal 0 0 -1
    outer loop
      vertex 100.169 10.09 0
      vertex 100.169 69.91 0
      vertex 100.172 69.909 0
    endloop
  endfacet
  facet normal 0 0 -1
    outer loop
      vertex 99.7754 9.95641 0
      vertex 100.169 69.91 0
      vertex 100.169 10.09 0
    endloop
  endfacet
  facet normal 0 0 -1
    outer loop
      vertex 99.7754 9.95641 0
      vertex 99.7754 70.0436 0
      vertex 100.169 69.91 0
    endloop
  endfacet
  facet normal 0 0 -1
    outer loop
      vertex 99.4026 9.77258 0
      vertex 99.7754 70.0436 0
      vertex 99.7754 9.95641 0
    endloop
  endfacet
  facet normal 0 0 -1
    outer loop
      vertex 99.4026 9.77258 0
      vertex 99.4026 70.2274 0
      vertex 99.7754 70.0436 0
    endloop
  endfacet
  facet normal 0 0 -1
    outer loop
      vertex 99.4 9.77128 0
      vertex 99.4026 70.2274 0
      vertex 99.4026 9.77258 0
    endloop
  endfacet
  facet normal 0 0 -1
    outer loop
      vertex 99.4 9.77128 0
      vertex 99.4 70.2287 0
      vertex 99.4026 70.2274 0
    endloop
  endfacet
  facet normal 0 0 -1
    outer loop
      vertex 99.3976 9.76966 0
      vertex 99.4 70.2287 0
      vertex 99.4 9.77128 0
    endloop
  endfacet
  facet normal 0 0 -1
    outer loop
      vertex 99.3976 9.76966 0
      vertex 99.3976 70.2303 0
      vertex 99.4 70.2287 0
    endloop
  endfacet
  facet normal 0 0 -1
    outer loop
      vertex 99.052 9.53873 0
      vertex 99.3976 70.2303 0
      vertex 99.3976 9.76966 0
    endloop
  endfacet
  facet normal 0 0 -1
    outer loop
      vertex 99.052 9.53873 0
      vertex 99.052 70.4613 0
      vertex 99.3976 70.2303 0
    endloop
  endfacet
  facet normal 0 0 -1
    outer loop
      vertex 98.7395 9.26467 0
      vertex 99.052 70.4613 0
      vertex 99.052 9.53873 0
    endloop
  endfacet
  facet normal 0 0 -1
    outer loop
      vertex 98.7395 9.26467 0
      vertex 98.7395 70.7353 0
      vertex 99.052 70.4613 0
    endloop
  endfacet
  facet normal 0 0 -1
    outer loop
      vertex 98.7373 9.26274 0
      vertex 98.7395 70.7353 0
      vertex 98.7395 9.26467 0
    endloop
  endfacet
  facet normal 0 0 -1
    outer loop
      vertex 98.7373 9.26274 0
      vertex 98.7373 70.7373 0
      vertex 98.7395 70.7353 0
    endloop
  endfacet
  facet normal 0 0 -1
    outer loop
      vertex 98.7353 9.26054 0
      vertex 98.7373 70.7373 0
      vertex 98.7373 9.26274 0
    endloop
  endfacet
  facet normal 0 0 -1
    outer loop
      vertex 98.7353 9.26054 0
      vertex 98.7353 70.7395 0
      vertex 98.7373 70.7373 0
    endloop
  endfacet
  facet normal 0 0 -1
    outer loop
      vertex 98.4613 8.94804 0
      vertex 98.7353 70.7395 0
      vertex 98.7353 9.26054 0
    endloop
  endfacet
  facet normal 0 0 -1
    outer loop
      vertex 98.4613 8.94804 0
      vertex 98.4613 71.052 0
      vertex 98.7353 70.7395 0
    endloop
  endfacet
  facet normal -0 0 -1
    outer loop
      vertex 97.91 7.83099 0
      vertex 10.091 7.82822 0
      vertex 98.0436 8.22459 0
    endloop
  endfacet
  facet normal 0 0 -1
    outer loop
      vertex 10.09 7.83099 0
      vertex 98.0436 8.22459 0
      vertex 10.091 7.82822 0
    endloop
  endfacet
  facet normal 0 0 -1
    outer loop
      vertex 97.909 7.82822 0
      vertex 10.091 7.82822 0
      vertex 97.91 7.83099 0
    endloop
  endfacet
  facet normal 0 0 -1
    outer loop
      vertex 9.95641 8.22459 0
      vertex 98.0436 8.22459 0
      vertex 10.09 7.83099 0
    endloop
  endfacet
  facet normal 0 0 -1
    outer loop
      vertex 10.091 7.82822 0
      vertex 97.909 7.82822 0
      vertex 10.1721 7.42055 0
    endloop
  endfacet
  facet normal 0 0 -1
    outer loop
      vertex 98.4613 71.052 0
      vertex 10.2 73 0
      vertex 98.2303 71.3976 0
    endloop
  endfacet
  facet normal 0 0 -1
    outer loop
      vertex 10.1721 7.42055 0
      vertex 97.909 7.82822 0
      vertex 10.1726 7.41768 0
    endloop
  endfacet
  facet normal 0 0 -1
    outer loop
      vertex 98.2303 71.3976 0
      vertex 10.2 73 0
      vertex 98.2287 71.4 0
    endloop
  endfacet
  facet normal -0 0 -1
    outer loop
      vertex 97.8279 7.42055 0
      vertex 10.1726 7.41768 0
      vertex 97.909 7.82822 0
    endloop
  endfacet
  facet normal 0 0 -1
    outer loop
      vertex 98.2287 71.4 0
      vertex 10.2 73 0
      vertex 98.2274 71.4026 0
    endloop
  endfacet
  facet normal 0 0 -1
    outer loop
      vertex 97.8274 7.41768 0
      vertex 10.1726 7.41768 0
      vertex 97.8279 7.42055 0
    endloop
  endfacet
  facet normal 0 0 -1
    outer loop
      vertex 98.2274 71.4026 0
      vertex 10.2 73 0
      vertex 98.0436 71.7754 0
    endloop
  endfacet
  facet normal 0 0 -1
    outer loop
      vertex 10.1726 7.41768 0
      vertex 97.8274 7.41768 0
      vertex 10.1728 7.41476 0
    endloop
  endfacet
  facet normal 0 0 -1
    outer loop
      vertex 98.0436 71.7754 0
      vertex 10.2 73 0
      vertex 97.91 72.169 0
    endloop
  endfacet
  facet normal 0 0 -1
    outer loop
      vertex 10.1728 7.41476 0
      vertex 97.8274 7.41768 0
      vertex 10.2 7 0
    endloop
  endfacet
  facet normal 0 0 -1
    outer loop
      vertex 97.91 72.169 0
      vertex 10.2 73 0
      vertex 97.909 72.1718 0
    endloop
  endfacet
  facet normal 0 0 -1
    outer loop
      vertex 10.2 7 0
      vertex 97.8274 7.41768 0
      vertex 97.8272 7.41476 0
    endloop
  endfacet
  facet normal 0 0 -1
    outer loop
      vertex 97.909 72.1718 0
      vertex 10.2 73 0
      vertex 97.8279 72.5794 0
    endloop
  endfacet
  facet normal 0 0 -1
    outer loop
      vertex 10.2 7 0
      vertex 97.8272 7.41476 0
      vertex 97.8 7 0
    endloop
  endfacet
  facet normal 0 0 -1
    outer loop
      vertex 97.8279 72.5794 0
      vertex 10.2 73 0
      vertex 97.8274 72.5823 0
    endloop
  endfacet
  facet normal 0 0 -1
    outer loop
      vertex 104.2 7 0
      vertex 108 7 0
      vertex 107.94 6.08632 0
    endloop
  endfacet
  facet normal 0 0 -1
    outer loop
      vertex 104.173 7.41476 0
      vertex 108 7 0
      vertex 104.2 7 0
    endloop
  endfacet
  facet normal 0 0 -1
    outer loop
      vertex 104.172 6.57945 0
      vertex 107.94 6.08632 0
      vertex 107.761 5.18828 0
    endloop
  endfacet
  facet normal 0 0 -1
    outer loop
      vertex 104.173 7.41768 0
      vertex 108 7 0
      vertex 104.173 7.41476 0
    endloop
  endfacet
  facet normal 0 0 -1
    outer loop
      vertex 104.09 6.16901 0
      vertex 107.761 5.18828 0
      vertex 107.467 4.32123 0
    endloop
  endfacet
  facet normal 0 0 -1
    outer loop
      vertex 108 73 0
      vertex 104.2 73 0
      vertex 107.94 73.9137 0
    endloop
  endfacet
  facet normal 0 0 -1
    outer loop
      vertex 103.956 5.77541 0
      vertex 107.467 4.32123 0
      vertex 107.062 3.5 0
    endloop
  endfacet
  facet normal 0 0 -1
    outer loop
      vertex 104.173 73.4148 0
      vertex 107.94 73.9137 0
      vertex 104.2 73 0
    endloop
  endfacet
  facet normal 0 0 -1
    outer loop
      vertex 103.77 5.39757 0
      vertex 107.062 3.5 0
      vertex 106.553 2.73868 0
    endloop
  endfacet
  facet normal 0 0 -1
    outer loop
      vertex 104.173 73.4177 0
      vertex 107.94 73.9137 0
      vertex 104.173 73.4148 0
    endloop
  endfacet
  facet normal 0 0 -1
    outer loop
      vertex 103.539 5.05196 0
      vertex 106.553 2.73868 0
      vertex 105.95 2.05026 0
    endloop
  endfacet
  facet normal 0 0 -1
    outer loop
      vertex 104.172 73.4206 0
      vertex 107.94 73.9137 0
      vertex 104.173 73.4177 0
    endloop
  endfacet
  facet normal 0 0 -1
    outer loop
      vertex 103.261 4.73533 0
      vertex 105.95 2.05026 0
      vertex 105.261 1.44653 0
    endloop
  endfacet
  facet normal -0 0 -1
    outer loop
      vertex 107.94 73.9137 0
      vertex 104.172 73.4206 0
      vertex 107.761 74.8117 0
    endloop
  endfacet
  facet normal 0 0 -1
    outer loop
      vertex 102.948 4.46127 0
      vertex 105.261 1.44653 0
      vertex 104.5 0.937836 0
    endloop
  endfacet
  facet normal 0 0 -1
    outer loop
      vertex 104.091 73.8282 0
      vertex 107.761 74.8117 0
      vertex 104.172 73.4206 0
    endloop
  endfacet
  facet normal 0 0 -1
    outer loop
      vertex 104.09 73.831 0
      vertex 107.761 74.8117 0
      vertex 104.091 73.8282 0
    endloop
  endfacet
  facet normal 0 0 -1
    outer loop
      vertex 107.94 6.08632 0
      vertex 104.173 6.58524 0
      vertex 104.2 7 0
    endloop
  endfacet
  facet normal 0 0 -1
    outer loop
      vertex 107.94 6.08632 0
      vertex 104.173 6.58232 0
      vertex 104.173 6.58524 0
    endloop
  endfacet
  facet normal 0 0 -1
    outer loop
      vertex 107.94 6.08632 0
      vertex 104.172 6.57945 0
      vertex 104.173 6.58232 0
    endloop
  endfacet
  facet normal 0 0 -1
    outer loop
      vertex 107.761 5.18828 0
      vertex 104.091 6.17178 0
      vertex 104.172 6.57945 0
    endloop
  endfacet
  facet normal 0 0 -1
    outer loop
      vertex 107.761 5.18828 0
      vertex 104.09 6.16901 0
      vertex 104.091 6.17178 0
    endloop
  endfacet
  facet normal 0 0 -1
    outer loop
      vertex 107.467 4.32123 0
      vertex 103.956 5.77541 0
      vertex 104.09 6.16901 0
    endloop
  endfacet
  facet normal 0 0 -1
    outer loop
      vertex 107.062 3.5 0
      vertex 103.773 5.40262 0
      vertex 103.956 5.77541 0
    endloop
  endfacet
  facet normal 0 0 -1
    outer loop
      vertex 107.062 3.5 0
      vertex 103.771 5.4 0
      vertex 103.773 5.40262 0
    endloop
  endfacet
  facet normal 0 0 -1
    outer loop
      vertex 107.062 3.5 0
      vertex 103.77 5.39757 0
      vertex 103.771 5.4 0
    endloop
  endfacet
  facet normal 0 0 -1
    outer loop
      vertex 102.597 4.22743 0
      vertex 104.5 0.937836 0
      vertex 103.679 0.532852 0
    endloop
  endfacet
  facet normal 0 0 -1
    outer loop
      vertex 106.553 2.73868 0
      vertex 103.539 5.05196 0
      vertex 103.77 5.39757 0
    endloop
  endfacet
  facet normal 0 0 -1
    outer loop
      vertex 105.95 2.05026 0
      vertex 103.265 4.73946 0
      vertex 103.539 5.05196 0
    endloop
  endfacet
  facet normal 0 0 -1
    outer loop
      vertex 105.95 2.05026 0
      vertex 103.263 4.73726 0
      vertex 103.265 4.73946 0
    endloop
  endfacet
  facet normal 0 0 -1
    outer loop
      vertex 105.95 2.05026 0
      vertex 103.261 4.73533 0
      vertex 103.263 4.73726 0
    endloop
  endfacet
  facet normal 0 0 -1
    outer loop
      vertex 105.261 1.44653 0
      vertex 102.948 4.46127 0
      vertex 103.261 4.73533 0
    endloop
  endfacet
  facet normal 0 0 -1
    outer loop
      vertex 102.225 4.04359 0
      vertex 103.679 0.532852 0
      vertex 102.812 0.238525 0
    endloop
  endfacet
  facet normal 0 0 -1
    outer loop
      vertex 104.5 0.937836 0
      vertex 102.602 4.23034 0
      vertex 102.948 4.46127 0
    endloop
  endfacet
  facet normal 0 0 -1
    outer loop
      vertex 104.5 0.937836 0
      vertex 102.6 4.22872 0
      vertex 102.602 4.23034 0
    endloop
  endfacet
  facet normal 0 0 -1
    outer loop
      vertex 104.5 0.937836 0
      vertex 102.597 4.22743 0
      vertex 102.6 4.22872 0
    endloop
  endfacet
  facet normal 0 0 -1
    outer loop
      vertex 103.679 0.532852 0
      vertex 102.225 4.04359 0
      vertex 102.597 4.22743 0
    endloop
  endfacet
  facet normal 0 0 -1
    outer loop
      vertex 101.828 3.90904 0
      vertex 102.812 0.238525 0
      vertex 101.914 0.0598907 0
    endloop
  endfacet
  facet normal 0 0 -1
    outer loop
      vertex 102.812 0.238525 0
      vertex 101.831 3.90998 0
      vertex 102.225 4.04359 0
    endloop
  endfacet
  facet normal 0 0 -1
    outer loop
      vertex 102.812 0.238525 0
      vertex 101.828 3.90904 0
      vertex 101.831 3.90998 0
    endloop
  endfacet
  facet normal 0 0 -1
    outer loop
      vertex 101.914 0.0598907 0
      vertex 101.421 3.82795 0
      vertex 101.828 3.90904 0
    endloop
  endfacet
  facet normal 0 0 -1
    outer loop
      vertex 101.914 0.0598907 0
      vertex 101.418 3.82738 0
      vertex 101.421 3.82795 0
    endloop
  endfacet
  facet normal 0 0 -1
    outer loop
      vertex 101.914 0.0598907 0
      vertex 101.415 3.82718 0
      vertex 101.418 3.82738 0
    endloop
  endfacet
  facet normal 0 0 -1
    outer loop
      vertex 101 0 0
      vertex 101.415 3.82718 0
      vertex 101.914 0.0598907 0
    endloop
  endfacet
  facet normal 0 0 -1
    outer loop
      vertex 101 0 0
      vertex 101 3.8 0
      vertex 101.415 3.82718 0
    endloop
  endfacet
  facet normal 0 0 -1
    outer loop
      vertex 101 0 0
      vertex 100.585 3.82718 0
      vertex 101 3.8 0
    endloop
  endfacet
  facet normal 0 0 -1
    outer loop
      vertex 101 0 0
      vertex 100.582 3.82738 0
      vertex 100.585 3.82718 0
    endloop
  endfacet
  facet normal 0 0 -1
    outer loop
      vertex 101 0 0
      vertex 100.579 3.82795 0
      vertex 100.582 3.82738 0
    endloop
  endfacet
  facet normal 0 0 -1
    outer loop
      vertex 101 0 0
      vertex 100.172 3.90904 0
      vertex 100.579 3.82795 0
    endloop
  endfacet
  facet normal 0 0 -1
    outer loop
      vertex 101 0 0
      vertex 100.169 3.90998 0
      vertex 100.172 3.90904 0
    endloop
  endfacet
  facet normal 0 0 -1
    outer loop
      vertex 101 0 0
      vertex 99.7754 4.04359 0
      vertex 100.169 3.90998 0
    endloop
  endfacet
  facet normal 0 0 -1
    outer loop
      vertex 101 0 0
      vertex 99.4026 4.22743 0
      vertex 99.7754 4.04359 0
    endloop
  endfacet
  facet normal 0 0 -1
    outer loop
      vertex 101 0 0
      vertex 99.4 4.22872 0
      vertex 99.4026 4.22743 0
    endloop
  endfacet
  facet normal 0 0 -1
    outer loop
      vertex 101 0 0
      vertex 99.3976 4.23034 0
      vertex 99.4 4.22872 0
    endloop
  endfacet
  facet normal 0 0 -1
    outer loop
      vertex 101 0 0
      vertex 99.052 4.46127 0
      vertex 99.3976 4.23034 0
    endloop
  endfacet
  facet normal 0 0 -1
    outer loop
      vertex 101 0 0
      vertex 98.7395 4.73533 0
      vertex 99.052 4.46127 0
    endloop
  endfacet
  facet normal 0 0 -1
    outer loop
      vertex 101 0 0
      vertex 98.7373 4.73726 0
      vertex 98.7395 4.73533 0
    endloop
  endfacet
  facet normal 0 0 -1
    outer loop
      vertex 101 0 0
      vertex 98.7353 4.73946 0
      vertex 98.7373 4.73726 0
    endloop
  endfacet
  facet normal 0 0 -1
    outer loop
      vertex 101 0 0
      vertex 98.4613 5.05196 0
      vertex 98.7353 4.73946 0
    endloop
  endfacet
  facet normal 0 0 -1
    outer loop
      vertex 101 0 0
      vertex 98.2303 5.39757 0
      vertex 98.4613 5.05196 0
    endloop
  endfacet
  facet normal 0 0 -1
    outer loop
      vertex 101 0 0
      vertex 98.2287 5.4 0
      vertex 98.2303 5.39757 0
    endloop
  endfacet
  facet normal 0 0 -1
    outer loop
      vertex 98.0436 5.77541 0
      vertex 97.909 6.17178 0
      vertex 97.91 6.16901 0
    endloop
  endfacet
  facet normal 0 0 1
    outer loop
      vertex 97.909 6.17178 0
      vertex 97.8274 6.58232 0
      vertex 97.8279 6.57945 0
    endloop
  endfacet
  facet normal 0 0 1
    outer loop
      vertex 97.8274 6.58232 0
      vertex 97.8 7 0
      vertex 97.8272 6.58524 0
    endloop
  endfacet
  facet normal 0 0 -1
    outer loop
      vertex 97.8274 72.5823 0
      vertex 10.2 73 0
      vertex 97.8272 72.5852 0
    endloop
  endfacet
  facet normal 0 0 -1
    outer loop
      vertex 97.8274 6.58232 0
      vertex 10.2 7 0
      vertex 97.8 7 0
    endloop
  endfacet
  facet normal 0 0 -1
    outer loop
      vertex 10.1726 6.58232 0
      vertex 97.8274 6.58232 0
      vertex 97.909 6.17178 0
    endloop
  endfacet
  facet normal 0 0 -1
    outer loop
      vertex 10.091 6.17178 0
      vertex 97.909 6.17178 0
      vertex 98.0436 5.77541 0
    endloop
  endfacet
  facet normal 0 0 -1
    outer loop
      vertex 9.95641 5.77541 0
      vertex 98.0436 5.77541 0
      vertex 98.2274 5.40262 0
    endloop
  endfacet
  facet normal 0 0 -1
    outer loop
      vertex 9.95641 5.77541 0
      vertex 98.2274 5.40262 0
      vertex 98.2287 5.4 0
    endloop
  endfacet
  facet normal 0 0 -1
    outer loop
      vertex 9.77128 5.4 0
      vertex 98.2287 5.4 0
      vertex 101 0 0
    endloop
  endfacet
  facet normal 0 0 -1
    outer loop
      vertex 97.8274 6.58232 0
      vertex 10.1728 6.58524 0
      vertex 10.2 7 0
    endloop
  endfacet
  facet normal 0 0 -1
    outer loop
      vertex 97.8274 6.58232 0
      vertex 10.1726 6.58232 0
      vertex 10.1728 6.58524 0
    endloop
  endfacet
  facet normal 0 0 -1
    outer loop
      vertex 97.909 6.17178 0
      vertex 10.1721 6.57945 0
      vertex 10.1726 6.58232 0
    endloop
  endfacet
  facet normal 0 0 -1
    outer loop
      vertex 97.909 6.17178 0
      vertex 10.091 6.17178 0
      vertex 10.1721 6.57945 0
    endloop
  endfacet
  facet normal 0 0 -1
    outer loop
      vertex 98.0436 5.77541 0
      vertex 10.09 6.16901 0
      vertex 10.091 6.17178 0
    endloop
  endfacet
  facet normal 0 0 -1
    outer loop
      vertex 98.0436 5.77541 0
      vertex 9.95641 5.77541 0
      vertex 10.09 6.16901 0
    endloop
  endfacet
  facet normal 0 0 -1
    outer loop
      vertex 98.2287 5.4 0
      vertex 9.77258 5.40262 0
      vertex 9.95641 5.77541 0
    endloop
  endfacet
  facet normal 0 0 -1
    outer loop
      vertex 98.2287 5.4 0
      vertex 9.77128 5.4 0
      vertex 9.77258 5.40262 0
    endloop
  endfacet
  facet normal 0 0 -1
    outer loop
      vertex 7 0 0
      vertex 9.77128 5.4 0
      vertex 101 0 0
    endloop
  endfacet
  facet normal 0 0 -1
    outer loop
      vertex 9.77128 5.4 0
      vertex 7 0 0
      vertex 9.76966 5.39757 0
    endloop
  endfacet
  facet normal 0 0 -1
    outer loop
      vertex 9.76966 5.39757 0
      vertex 7 0 0
      vertex 9.53873 5.05196 0
    endloop
  endfacet
  facet normal 0 0 -1
    outer loop
      vertex 9.53873 5.05196 0
      vertex 7 0 0
      vertex 9.26467 4.73946 0
    endloop
  endfacet
  facet normal 0 0 -1
    outer loop
      vertex 9.26467 4.73946 0
      vertex 7 0 0
      vertex 9.26274 4.73726 0
    endloop
  endfacet
  facet normal 0 0 -1
    outer loop
      vertex 9.26274 4.73726 0
      vertex 7 0 0
      vertex 9.26054 4.73533 0
    endloop
  endfacet
  facet normal 0 0 -1
    outer loop
      vertex 9.26054 4.73533 0
      vertex 7 0 0
      vertex 8.94804 4.46127 0
    endloop
  endfacet
  facet normal 0 0 -1
    outer loop
      vertex 8.94804 4.46127 0
      vertex 7 0 0
      vertex 8.60243 4.23034 0
    endloop
  endfacet
  facet normal 0 0 -1
    outer loop
      vertex 8.60243 4.23034 0
      vertex 7 0 0
      vertex 8.6 4.22872 0
    endloop
  endfacet
  facet normal 0 0 -1
    outer loop
      vertex 8.6 4.22872 0
      vertex 7 0 0
      vertex 8.59738 4.22743 0
    endloop
  endfacet
  facet normal 0 0 -1
    outer loop
      vertex 8.59738 4.22743 0
      vertex 7 0 0
      vertex 8.22459 4.04359 0
    endloop
  endfacet
  facet normal 0 0 -1
    outer loop
      vertex 8.22459 4.04359 0
      vertex 7 0 0
      vertex 7.83099 3.90998 0
    endloop
  endfacet
  facet normal 0 0 -1
    outer loop
      vertex 7.83099 3.90998 0
      vertex 7 0 0
      vertex 7.82822 3.90904 0
    endloop
  endfacet
  facet normal 0 0 -1
    outer loop
      vertex 7.82822 3.90904 0
      vertex 7 0 0
      vertex 7.42055 3.82795 0
    endloop
  endfacet
  facet normal 0 0 -1
    outer loop
      vertex 7.42055 3.82795 0
      vertex 7 0 0
      vertex 7.41768 3.82738 0
    endloop
  endfacet
  facet normal 0 0 -1
    outer loop
      vertex 7.41768 3.82738 0
      vertex 7 0 0
      vertex 7.41476 3.82718 0
    endloop
  endfacet
  facet normal 0 0 -1
    outer loop
      vertex 7 0 0
      vertex 7 3.8 0
      vertex 7.41476 3.82718 0
    endloop
  endfacet
  facet normal 0 0 -1
    outer loop
      vertex 7 0 0
      vertex 6.58524 3.82718 0
      vertex 7 3.8 0
    endloop
  endfacet
  facet normal 0 0 -1
    outer loop
      vertex 6.0863 0.0598907 0
      vertex 6.58524 3.82718 0
      vertex 7 0 0
    endloop
  endfacet
  facet normal -0 0 -1
    outer loop
      vertex 6.58524 3.82718 0
      vertex 6.0863 0.0598907 0
      vertex 6.58232 3.82738 0
    endloop
  endfacet
  facet normal -0 0 -1
    outer loop
      vertex 6.58232 3.82738 0
      vertex 6.0863 0.0598907 0
      vertex 6.57945 3.82795 0
    endloop
  endfacet
  facet normal -0 0 -1
    outer loop
      vertex 6.57945 3.82795 0
      vertex 6.0863 0.0598907 0
      vertex 6.17178 3.90904 0
    endloop
  endfacet
  facet normal 0 0 -1
    outer loop
      vertex 5.18826 0.238525 0
      vertex 6.17178 3.90904 0
      vertex 6.0863 0.0598907 0
    endloop
  endfacet
  facet normal -0 0 -1
    outer loop
      vertex 6.17178 3.90904 0
      vertex 5.18826 0.238525 0
      vertex 6.16901 3.90998 0
    endloop
  endfacet
  facet normal -0 0 -1
    outer loop
      vertex 6.16901 3.90998 0
      vertex 5.18826 0.238525 0
      vertex 5.77541 4.04359 0
    endloop
  endfacet
  facet normal 0 0 -1
    outer loop
      vertex 4.32121 0.532852 0
      vertex 5.77541 4.04359 0
      vertex 5.18826 0.238525 0
    endloop
  endfacet
  facet normal -0 0 -1
    outer loop
      vertex 5.77541 4.04359 0
      vertex 4.32121 0.532852 0
      vertex 5.40262 4.22743 0
    endloop
  endfacet
  facet normal 0 0 -1
    outer loop
      vertex 3.5 0.937836 0
      vertex 5.40262 4.22743 0
      vertex 4.32121 0.532852 0
    endloop
  endfacet
  facet normal -0 0 -1
    outer loop
      vertex 5.40262 4.22743 0
      vertex 3.5 0.937836 0
      vertex 5.4 4.22872 0
    endloop
  endfacet
  facet normal -0 0 -1
    outer loop
      vertex 5.4 4.22872 0
      vertex 3.5 0.937836 0
      vertex 5.39757 4.23034 0
    endloop
  endfacet
  facet normal -0 0 -1
    outer loop
      vertex 5.39757 4.23034 0
      vertex 3.5 0.937836 0
      vertex 5.05196 4.46127 0
    endloop
  endfacet
  facet normal 0 0 -1
    outer loop
      vertex 2.73866 1.44653 0
      vertex 5.05196 4.46127 0
      vertex 3.5 0.937836 0
    endloop
  endfacet
  facet normal -0 0 -1
    outer loop
      vertex 5.05196 4.46127 0
      vertex 2.73866 1.44653 0
      vertex 4.73946 4.73533 0
    endloop
  endfacet
  facet normal 0 0 -1
    outer loop
      vertex 2.05025 2.05026 0
      vertex 4.73946 4.73533 0
      vertex 2.73866 1.44653 0
    endloop
  endfacet
  facet normal -0 0 -1
    outer loop
      vertex 4.73946 4.73533 0
      vertex 2.05025 2.05026 0
      vertex 4.73726 4.73726 0
    endloop
  endfacet
  facet normal -0 0 -1
    outer loop
      vertex 4.73726 4.73726 0
      vertex 2.05025 2.05026 0
      vertex 4.73533 4.73946 0
    endloop
  endfacet
  facet normal -0 0 -1
    outer loop
      vertex 4.73533 4.73946 0
      vertex 2.05025 2.05026 0
      vertex 4.46127 5.05196 0
    endloop
  endfacet
  facet normal 0 0 -1
    outer loop
      vertex 1.44652 2.73868 0
      vertex 4.46127 5.05196 0
      vertex 2.05025 2.05026 0
    endloop
  endfacet
  facet normal -0 0 -1
    outer loop
      vertex 4.46127 5.05196 0
      vertex 1.44652 2.73868 0
      vertex 4.23034 5.39757 0
    endloop
  endfacet
  facet normal 0 0 -1
    outer loop
      vertex 0.93782 3.5 0
      vertex 4.23034 5.39757 0
      vertex 1.44652 2.73868 0
    endloop
  endfacet
  facet normal -0 0 -1
    outer loop
      vertex 4.23034 5.39757 0
      vertex 0.93782 3.5 0
      vertex 4.22872 5.4 0
    endloop
  endfacet
  facet normal -0 0 -1
    outer loop
      vertex 4.22872 5.4 0
      vertex 0.93782 3.5 0
      vertex 4.22743 5.40262 0
    endloop
  endfacet
  facet normal 0 0 -1
    outer loop
      vertex 0.0598755 6.08632 0
      vertex 3.82718 6.58524 0
      vertex 3.82738 6.58232 0
    endloop
  endfacet
  facet normal -0 0 -1
    outer loop
      vertex 4.04359 5.77541 0
      vertex 0.532837 4.32123 0
      vertex 3.90998 6.16901 0
    endloop
  endfacet
  facet normal 0 0 -1
    outer loop
      vertex 0.532837 4.32123 0
      vertex 4.04359 5.77541 0
      vertex 0.93782 3.5 0
    endloop
  endfacet
  facet normal -0 0 -1
    outer loop
      vertex 4.22743 5.40262 0
      vertex 0.93782 3.5 0
      vertex 4.04359 5.77541 0
    endloop
  endfacet
  facet normal -0 0 -1
    outer loop
      vertex 107.761 74.8117 0
      vertex 104.09 73.831 0
      vertex 107.467 75.6788 0
    endloop
  endfacet
  facet normal 0 0 -1
    outer loop
      vertex 103.956 74.2246 0
      vertex 107.467 75.6788 0
      vertex 104.09 73.831 0
    endloop
  endfacet
  facet normal -0 0 -1
    outer loop
      vertex 107.467 75.6788 0
      vertex 103.956 74.2246 0
      vertex 107.062 76.5 0
    endloop
  endfacet
  facet normal 0 0 -1
    outer loop
      vertex 103.773 74.5974 0
      vertex 107.062 76.5 0
      vertex 103.956 74.2246 0
    endloop
  endfacet
  facet normal 0 0 -1
    outer loop
      vertex 103.771 74.6 0
      vertex 107.062 76.5 0
      vertex 103.773 74.5974 0
    endloop
  endfacet
  facet normal 0 0 -1
    outer loop
      vertex 103.77 74.6024 0
      vertex 107.062 76.5 0
      vertex 103.771 74.6 0
    endloop
  endfacet
  facet normal -0 0 -1
    outer loop
      vertex 107.062 76.5 0
      vertex 103.77 74.6024 0
      vertex 106.553 77.2613 0
    endloop
  endfacet
  facet normal 0 0 -1
    outer loop
      vertex 103.539 74.948 0
      vertex 106.553 77.2613 0
      vertex 103.77 74.6024 0
    endloop
  endfacet
  facet normal -0 0 -1
    outer loop
      vertex 106.553 77.2613 0
      vertex 103.539 74.948 0
      vertex 105.95 77.9498 0
    endloop
  endfacet
  facet normal 0 0 -1
    outer loop
      vertex 103.265 75.2605 0
      vertex 105.95 77.9498 0
      vertex 103.539 74.948 0
    endloop
  endfacet
  facet normal 0 0 -1
    outer loop
      vertex 103.263 75.2627 0
      vertex 105.95 77.9498 0
      vertex 103.265 75.2605 0
    endloop
  endfacet
  facet normal 0 0 -1
    outer loop
      vertex 103.261 75.2647 0
      vertex 105.95 77.9498 0
      vertex 103.263 75.2627 0
    endloop
  endfacet
  facet normal -0 0 -1
    outer loop
      vertex 105.95 77.9498 0
      vertex 103.261 75.2647 0
      vertex 105.261 78.5535 0
    endloop
  endfacet
  facet normal 0 0 -1
    outer loop
      vertex 102.948 75.5387 0
      vertex 105.261 78.5535 0
      vertex 103.261 75.2647 0
    endloop
  endfacet
  facet normal -0 0 -1
    outer loop
      vertex 105.261 78.5535 0
      vertex 102.948 75.5387 0
      vertex 104.5 79.0622 0
    endloop
  endfacet
  facet normal 0 0 -1
    outer loop
      vertex 102.602 75.7697 0
      vertex 104.5 79.0622 0
      vertex 102.948 75.5387 0
    endloop
  endfacet
  facet normal 0 0 -1
    outer loop
      vertex 102.6 75.7713 0
      vertex 104.5 79.0622 0
      vertex 102.602 75.7697 0
    endloop
  endfacet
  facet normal 0 0 -1
    outer loop
      vertex 102.597 75.7726 0
      vertex 104.5 79.0622 0
      vertex 102.6 75.7713 0
    endloop
  endfacet
  facet normal -0 0 -1
    outer loop
      vertex 104.5 79.0622 0
      vertex 102.597 75.7726 0
      vertex 103.679 79.4672 0
    endloop
  endfacet
  facet normal 0 0 -1
    outer loop
      vertex 102.225 75.9564 0
      vertex 103.679 79.4672 0
      vertex 102.597 75.7726 0
    endloop
  endfacet
  facet normal -0 0 -1
    outer loop
      vertex 103.679 79.4672 0
      vertex 102.225 75.9564 0
      vertex 102.812 79.7615 0
    endloop
  endfacet
  facet normal 0 0 -1
    outer loop
      vertex 101.831 76.09 0
      vertex 102.812 79.7615 0
      vertex 102.225 75.9564 0
    endloop
  endfacet
  facet normal 0 0 -1
    outer loop
      vertex 101.828 76.091 0
      vertex 102.812 79.7615 0
      vertex 101.831 76.09 0
    endloop
  endfacet
  facet normal -0 0 -1
    outer loop
      vertex 102.812 79.7615 0
      vertex 101.828 76.091 0
      vertex 101.914 79.9401 0
    endloop
  endfacet
  facet normal 0 0 -1
    outer loop
      vertex 101.421 76.1721 0
      vertex 101.914 79.9401 0
      vertex 101.828 76.091 0
    endloop
  endfacet
  facet normal 0 0 -1
    outer loop
      vertex 101.418 76.1726 0
      vertex 101.914 79.9401 0
      vertex 101.421 76.1721 0
    endloop
  endfacet
  facet normal 0 0 -1
    outer loop
      vertex 101.415 76.1728 0
      vertex 101.914 79.9401 0
      vertex 101.418 76.1726 0
    endloop
  endfacet
  facet normal 0 0 -1
    outer loop
      vertex 101 76.2 0
      vertex 101.914 79.9401 0
      vertex 101.415 76.1728 0
    endloop
  endfacet
  facet normal 0 0 -1
    outer loop
      vertex 101 76.2 0
      vertex 101 80 0
      vertex 101.914 79.9401 0
    endloop
  endfacet
  facet normal 0 0 -1
    outer loop
      vertex 100.585 76.1728 0
      vertex 101 80 0
      vertex 101 76.2 0
    endloop
  endfacet
  facet normal 0 0 -1
    outer loop
      vertex 100.582 76.1726 0
      vertex 101 80 0
      vertex 100.585 76.1728 0
    endloop
  endfacet
  facet normal 0 0 -1
    outer loop
      vertex 100.579 76.1721 0
      vertex 101 80 0
      vertex 100.582 76.1726 0
    endloop
  endfacet
  facet normal 0 0 -1
    outer loop
      vertex 100.172 76.091 0
      vertex 101 80 0
      vertex 100.579 76.1721 0
    endloop
  endfacet
  facet normal 0 0 -1
    outer loop
      vertex 100.169 76.09 0
      vertex 101 80 0
      vertex 100.172 76.091 0
    endloop
  endfacet
  facet normal 0 0 -1
    outer loop
      vertex 99.7754 75.9564 0
      vertex 101 80 0
      vertex 100.169 76.09 0
    endloop
  endfacet
  facet normal 0 0 -1
    outer loop
      vertex 99.4026 75.7726 0
      vertex 101 80 0
      vertex 99.7754 75.9564 0
    endloop
  endfacet
  facet normal 0 0 -1
    outer loop
      vertex 99.4 75.7713 0
      vertex 101 80 0
      vertex 99.4026 75.7726 0
    endloop
  endfacet
  facet normal 0 0 -1
    outer loop
      vertex 99.3976 75.7697 0
      vertex 101 80 0
      vertex 99.4 75.7713 0
    endloop
  endfacet
  facet normal 0 0 -1
    outer loop
      vertex 99.052 75.5387 0
      vertex 101 80 0
      vertex 99.3976 75.7697 0
    endloop
  endfacet
  facet normal 0 0 -1
    outer loop
      vertex 98.7395 75.2647 0
      vertex 101 80 0
      vertex 99.052 75.5387 0
    endloop
  endfacet
  facet normal 0 0 -1
    outer loop
      vertex 98.7373 75.2627 0
      vertex 101 80 0
      vertex 98.7395 75.2647 0
    endloop
  endfacet
  facet normal 0 0 -1
    outer loop
      vertex 98.7353 75.2605 0
      vertex 101 80 0
      vertex 98.7373 75.2627 0
    endloop
  endfacet
  facet normal 0 0 -1
    outer loop
      vertex 98.4613 74.948 0
      vertex 101 80 0
      vertex 98.7353 75.2605 0
    endloop
  endfacet
  facet normal 0 0 -1
    outer loop
      vertex 98.2303 74.6024 0
      vertex 101 80 0
      vertex 98.4613 74.948 0
    endloop
  endfacet
  facet normal 0 0 -1
    outer loop
      vertex 98.2287 74.6 0
      vertex 101 80 0
      vertex 98.2303 74.6024 0
    endloop
  endfacet
  facet normal 0 0 -1
    outer loop
      vertex 97.909 73.8282 0
      vertex 98.0436 74.2246 0
      vertex 97.91 73.831 0
    endloop
  endfacet
  facet normal 0 0 1
    outer loop
      vertex 97.8274 73.4177 0
      vertex 97.909 73.8282 0
      vertex 97.8279 73.4206 0
    endloop
  endfacet
  facet normal 0 0 1
    outer loop
      vertex 97.8 73 0
      vertex 97.8274 73.4177 0
      vertex 97.8272 73.4148 0
    endloop
  endfacet
  facet normal 0 0 -1
    outer loop
      vertex 97.8272 72.5852 0
      vertex 10.2 73 0
      vertex 97.8 73 0
    endloop
  endfacet
  facet normal 0 0 -1
    outer loop
      vertex 97.8 73 0
      vertex 10.2 73 0
      vertex 97.8274 73.4177 0
    endloop
  endfacet
  facet normal 0 0 -1
    outer loop
      vertex 10.1728 73.4148 0
      vertex 97.8274 73.4177 0
      vertex 10.2 73 0
    endloop
  endfacet
  facet normal 0 0 -1
    outer loop
      vertex 10.1726 73.4177 0
      vertex 97.8274 73.4177 0
      vertex 10.1728 73.4148 0
    endloop
  endfacet
  facet normal 0 0 -1
    outer loop
      vertex 97.8274 73.4177 0
      vertex 10.1726 73.4177 0
      vertex 97.909 73.8282 0
    endloop
  endfacet
  facet normal 0 0 -1
    outer loop
      vertex 10.1721 73.4206 0
      vertex 97.909 73.8282 0
      vertex 10.1726 73.4177 0
    endloop
  endfacet
  facet normal 0 0 -1
    outer loop
      vertex 10.091 73.8282 0
      vertex 97.909 73.8282 0
      vertex 10.1721 73.4206 0
    endloop
  endfacet
  facet normal 0 0 -1
    outer loop
      vertex 97.909 73.8282 0
      vertex 10.091 73.8282 0
      vertex 98.0436 74.2246 0
    endloop
  endfacet
  facet normal 0 0 -1
    outer loop
      vertex 10.09 73.831 0
      vertex 98.0436 74.2246 0
      vertex 10.091 73.8282 0
    endloop
  endfacet
  facet normal 0 0 -1
    outer loop
      vertex 9.95641 74.2246 0
      vertex 98.0436 74.2246 0
      vertex 10.09 73.831 0
    endloop
  endfacet
  facet normal 0 0 -1
    outer loop
      vertex 98.0436 74.2246 0
      vertex 9.95641 74.2246 0
      vertex 98.2274 74.5974 0
    endloop
  endfacet
  facet normal -0 0 -1
    outer loop
      vertex 98.2274 74.5974 0
      vertex 9.95641 74.2246 0
      vertex 98.2287 74.6 0
    endloop
  endfacet
  facet normal 0 0 -1
    outer loop
      vertex 9.77258 74.5974 0
      vertex 98.2287 74.6 0
      vertex 9.95641 74.2246 0
    endloop
  endfacet
  facet normal 0 0 -1
    outer loop
      vertex 9.77128 74.6 0
      vertex 98.2287 74.6 0
      vertex 9.77258 74.5974 0
    endloop
  endfacet
  facet normal 0 0 -1
    outer loop
      vertex 98.2287 74.6 0
      vertex 9.77128 74.6 0
      vertex 101 80 0
    endloop
  endfacet
  facet normal 0 0 -1
    outer loop
      vertex 7 80 0
      vertex 9.77128 74.6 0
      vertex 9.76966 74.6024 0
    endloop
  endfacet
  facet normal 0 0 -1
    outer loop
      vertex 7 80 0
      vertex 9.76966 74.6024 0
      vertex 9.53873 74.948 0
    endloop
  endfacet
  facet normal 0 0 -1
    outer loop
      vertex 7 80 0
      vertex 9.53873 74.948 0
      vertex 9.26467 75.2605 0
    endloop
  endfacet
  facet normal 0 0 -1
    outer loop
      vertex 7 80 0
      vertex 9.26467 75.2605 0
      vertex 9.26274 75.2627 0
    endloop
  endfacet
  facet normal 0 0 -1
    outer loop
      vertex 7 80 0
      vertex 9.26274 75.2627 0
      vertex 9.26054 75.2647 0
    endloop
  endfacet
  facet normal 0 0 -1
    outer loop
      vertex 7 80 0
      vertex 9.26054 75.2647 0
      vertex 8.94804 75.5387 0
    endloop
  endfacet
  facet normal 0 0 -1
    outer loop
      vertex 7 80 0
      vertex 8.94804 75.5387 0
      vertex 8.60243 75.7697 0
    endloop
  endfacet
  facet normal 0 0 -1
    outer loop
      vertex 7 80 0
      vertex 8.60243 75.7697 0
      vertex 8.6 75.7713 0
    endloop
  endfacet
  facet normal 0 0 -1
    outer loop
      vertex 7 80 0
      vertex 8.6 75.7713 0
      vertex 8.59738 75.7726 0
    endloop
  endfacet
  facet normal 0 0 -1
    outer loop
      vertex 7 80 0
      vertex 8.59738 75.7726 0
      vertex 8.22459 75.9564 0
    endloop
  endfacet
  facet normal 0 0 -1
    outer loop
      vertex 7 80 0
      vertex 8.22459 75.9564 0
      vertex 7.83099 76.09 0
    endloop
  endfacet
  facet normal 0 0 -1
    outer loop
      vertex 7 80 0
      vertex 7.83099 76.09 0
      vertex 7.82822 76.091 0
    endloop
  endfacet
  facet normal 0 0 -1
    outer loop
      vertex 7 80 0
      vertex 7.82822 76.091 0
      vertex 7.42055 76.1721 0
    endloop
  endfacet
  facet normal 0 0 -1
    outer loop
      vertex 7 80 0
      vertex 7.42055 76.1721 0
      vertex 7.41768 76.1726 0
    endloop
  endfacet
  facet normal 0 0 -1
    outer loop
      vertex 7 80 0
      vertex 7.41768 76.1726 0
      vertex 7.41476 76.1728 0
    endloop
  endfacet
  facet normal 0 0 -1
    outer loop
      vertex 7 80 0
      vertex 7.41476 76.1728 0
      vertex 7 76.2 0
    endloop
  endfacet
  facet normal 0 0 -1
    outer loop
      vertex 9.77128 74.6 0
      vertex 7 80 0
      vertex 101 80 0
    endloop
  endfacet
  facet normal 0 0 -1
    outer loop
      vertex 6.58524 76.1728 0
      vertex 7 80 0
      vertex 7 76.2 0
    endloop
  endfacet
  facet normal 0 0 -1
    outer loop
      vertex 6.0863 79.9401 0
      vertex 6.58524 76.1728 0
      vertex 6.58232 76.1726 0
    endloop
  endfacet
  facet normal 0 0 -1
    outer loop
      vertex 6.0863 79.9401 0
      vertex 6.58232 76.1726 0
      vertex 6.57945 76.1721 0
    endloop
  endfacet
  facet normal 0 0 -1
    outer loop
      vertex 6.0863 79.9401 0
      vertex 6.57945 76.1721 0
      vertex 6.17178 76.091 0
    endloop
  endfacet
  facet normal 0 0 -1
    outer loop
      vertex 5.18826 79.7615 0
      vertex 6.17178 76.091 0
      vertex 6.16901 76.09 0
    endloop
  endfacet
  facet normal 0 0 -1
    outer loop
      vertex 6.58524 76.1728 0
      vertex 6.0863 79.9401 0
      vertex 7 80 0
    endloop
  endfacet
  facet normal 0 0 -1
    outer loop
      vertex 5.18826 79.7615 0
      vertex 6.16901 76.09 0
      vertex 5.77541 75.9564 0
    endloop
  endfacet
  facet normal 0 0 -1
    outer loop
      vertex 4.32121 79.4672 0
      vertex 5.77541 75.9564 0
      vertex 5.40262 75.7726 0
    endloop
  endfacet
  facet normal 0 0 -1
    outer loop
      vertex 3.5 79.0622 0
      vertex 5.40262 75.7726 0
      vertex 5.4 75.7713 0
    endloop
  endfacet
  facet normal 0 0 -1
    outer loop
      vertex 3.5 79.0622 0
      vertex 5.4 75.7713 0
      vertex 5.39757 75.7697 0
    endloop
  endfacet
  facet normal 0 0 -1
    outer loop
      vertex 6.17178 76.091 0
      vertex 5.18826 79.7615 0
      vertex 6.0863 79.9401 0
    endloop
  endfacet
  facet normal 0 0 -1
    outer loop
      vertex 3.5 79.0622 0
      vertex 5.39757 75.7697 0
      vertex 5.05196 75.5387 0
    endloop
  endfacet
  facet normal 0 0 -1
    outer loop
      vertex 2.73866 78.5535 0
      vertex 5.05196 75.5387 0
      vertex 4.73946 75.2647 0
    endloop
  endfacet
  facet normal 0 0 -1
    outer loop
      vertex 2.05025 77.9498 0
      vertex 4.73946 75.2647 0
      vertex 4.73726 75.2627 0
    endloop
  endfacet
  facet normal 0 0 -1
    outer loop
      vertex 2.05025 77.9498 0
      vertex 4.73726 75.2627 0
      vertex 4.73533 75.2605 0
    endloop
  endfacet
  facet normal 0 0 -1
    outer loop
      vertex 2.05025 77.9498 0
      vertex 4.73533 75.2605 0
      vertex 4.46127 74.948 0
    endloop
  endfacet
  facet normal 0 0 -1
    outer loop
      vertex 5.77541 75.9564 0
      vertex 4.32121 79.4672 0
      vertex 5.18826 79.7615 0
    endloop
  endfacet
  facet normal 0 0 -1
    outer loop
      vertex 1.44652 77.2613 0
      vertex 4.46127 74.948 0
      vertex 4.23034 74.6024 0
    endloop
  endfacet
  facet normal 0 0 -1
    outer loop
      vertex 0.93782 76.5 0
      vertex 4.23034 74.6024 0
      vertex 4.22872 74.6 0
    endloop
  endfacet
  facet normal 0 0 -1
    outer loop
      vertex 0.93782 76.5 0
      vertex 4.22872 74.6 0
      vertex 4.22743 74.5974 0
    endloop
  endfacet
  facet normal 0 0 -1
    outer loop
      vertex 0.93782 76.5 0
      vertex 4.22743 74.5974 0
      vertex 4.04359 74.2246 0
    endloop
  endfacet
  facet normal 0 0 -1
    outer loop
      vertex 0.532837 75.6788 0
      vertex 4.04359 74.2246 0
      vertex 3.90998 73.831 0
    endloop
  endfacet
  facet normal 0 0 -1
    outer loop
      vertex 0.23851 74.8117 0
      vertex 3.90998 73.831 0
      vertex 3.90904 73.8282 0
    endloop
  endfacet
  facet normal 0 0 -1
    outer loop
      vertex 0.23851 74.8117 0
      vertex 3.90904 73.8282 0
      vertex 3.82795 73.4206 0
    endloop
  endfacet
  facet normal 0 0 -1
    outer loop
      vertex 0.0598755 73.9137 0
      vertex 3.82795 73.4206 0
      vertex 3.82738 73.4177 0
    endloop
  endfacet
  facet normal 0 0 -1
    outer loop
      vertex 0.0598755 73.9137 0
      vertex 3.82718 73.4148 0
      vertex 3.8 73 0
    endloop
  endfacet
  facet normal 0 0 -1
    outer loop
      vertex 5.40262 75.7726 0
      vertex 3.5 79.0622 0
      vertex 4.32121 79.4672 0
    endloop
  endfacet
  facet normal 0 0 -1
    outer loop
      vertex 3.82718 73.4148 0
      vertex 0.0598755 73.9137 0
      vertex 3.82738 73.4177 0
    endloop
  endfacet
  facet normal 0 0 -1
    outer loop
      vertex 3.82738 72.5823 0
      vertex 0 73 0
      vertex 3.82718 72.5852 0
    endloop
  endfacet
  facet normal 0 0 -1
    outer loop
      vertex 0.23851 5.18828 0
      vertex 3.90998 6.16901 0
      vertex 0.532837 4.32123 0
    endloop
  endfacet
  facet normal 0 0 -1
    outer loop
      vertex 3.82718 72.5852 0
      vertex 0 73 0
      vertex 3.8 73 0
    endloop
  endfacet
  facet normal -0 0 -1
    outer loop
      vertex 3.90998 6.16901 0
      vertex 0.23851 5.18828 0
      vertex 3.90904 6.17178 0
    endloop
  endfacet
  facet normal 0 -0 -1
    outer loop
      vertex 0.0598755 73.9137 0
      vertex 3.8 73 0
      vertex 0 73 0
    endloop
  endfacet
  facet normal -0 0 -1
    outer loop
      vertex 3.90904 6.17178 0
      vertex 0.23851 5.18828 0
      vertex 3.82795 6.57945 0
    endloop
  endfacet
  facet normal 0 0 -1
    outer loop
      vertex 5.05196 75.5387 0
      vertex 2.73866 78.5535 0
      vertex 3.5 79.0622 0
    endloop
  endfacet
  facet normal 0 0 -1
    outer loop
      vertex 0.0598755 6.08632 0
      vertex 3.82795 6.57945 0
      vertex 0.23851 5.18828 0
    endloop
  endfacet
  facet normal 0 0 -1
    outer loop
      vertex 4.73946 75.2647 0
      vertex 2.05025 77.9498 0
      vertex 2.73866 78.5535 0
    endloop
  endfacet
  facet normal -0 0 -1
    outer loop
      vertex 3.82795 6.57945 0
      vertex 0.0598755 6.08632 0
      vertex 3.82738 6.58232 0
    endloop
  endfacet
  facet normal 0 0 -1
    outer loop
      vertex 4.46127 74.948 0
      vertex 1.44652 77.2613 0
      vertex 2.05025 77.9498 0
    endloop
  endfacet
  facet normal -0 0 -1
    outer loop
      vertex 3.82718 6.58524 0
      vertex 0.0598755 6.08632 0
      vertex 3.8 7 0
    endloop
  endfacet
  facet normal 0 0 -1
    outer loop
      vertex 4.23034 74.6024 0
      vertex 0.93782 76.5 0
      vertex 1.44652 77.2613 0
    endloop
  endfacet
  facet normal -0 0 -1
    outer loop
      vertex 3.8 7 0
      vertex 0.0598755 6.08632 0
      vertex 0 7 0
    endloop
  endfacet
  facet normal 0 0 -1
    outer loop
      vertex 4.04359 74.2246 0
      vertex 0.532837 75.6788 0
      vertex 0.93782 76.5 0
    endloop
  endfacet
  facet normal 0 0 -1
    outer loop
      vertex 3.90998 73.831 0
      vertex 0.23851 74.8117 0
      vertex 0.532837 75.6788 0
    endloop
  endfacet
  facet normal 0 0 -1
    outer loop
      vertex 3.82795 73.4206 0
      vertex 0.0598755 73.9137 0
      vertex 0.23851 74.8117 0
    endloop
  endfacet
  facet normal 0.896867 -0.442301 0
    outer loop
      vertex 107.062 3.5 3
      vertex 107.467 4.32123 0
      vertex 107.467 4.32123 3
    endloop
  endfacet
  facet normal 0.896867 -0.442301 0
    outer loop
      vertex 107.467 4.32123 0
      vertex 107.062 3.5 3
      vertex 107.062 3.5 0
    endloop
  endfacet
  facet normal -0.0654071 -0.997859 0
    outer loop
      vertex 6.0863 0.0598907 0
      vertex 7 0 3
      vertex 6.0863 0.0598907 3
    endloop
  endfacet
  facet normal -0.0654071 -0.997859 -0
    outer loop
      vertex 7 0 3
      vertex 6.0863 0.0598907 0
      vertex 7 0 0
    endloop
  endfacet
  facet normal 0.980706 0.195486 0
    outer loop
      vertex 107.94 73.9137 3
      vertex 107.761 74.8117 0
      vertex 107.761 74.8117 3
    endloop
  endfacet
  facet normal 0.980706 0.195486 0
    outer loop
      vertex 107.761 74.8117 0
      vertex 107.94 73.9137 3
      vertex 107.94 73.9137 0
    endloop
  endfacet
  facet normal -0.555562 0.831475 0
    outer loop
      vertex 3.5 79.0622 0
      vertex 2.73866 78.5535 3
      vertex 3.5 79.0622 3
    endloop
  endfacet
  facet normal -0.555562 0.831475 0
    outer loop
      vertex 2.73866 78.5535 3
      vertex 3.5 79.0622 0
      vertex 2.73866 78.5535 0
    endloop
  endfacet
  facet normal 1 -0 0
    outer loop
      vertex 90 3.3 5.4
      vertex 90 4.9 3
      vertex 90 4.9 5.4
    endloop
  endfacet
  facet normal 1 0 0
    outer loop
      vertex 90 4.9 3
      vertex 90 3.3 5.4
      vertex 90 3.3 3
    endloop
  endfacet
  facet normal -0 0 1
    outer loop
      vertex 18 4.9 5.4
      vertex 90 3.3 5.4
      vertex 90 4.9 5.4
    endloop
  endfacet
  facet normal 0 0 1
    outer loop
      vertex 90 3.3 5.4
      vertex 18 4.9 5.4
      vertex 18 3.3 5.4
    endloop
  endfacet
  facet normal -1 0 0
    outer loop
      vertex 18 3.3 3
      vertex 18 4.9 5.4
      vertex 18 4.9 3
    endloop
  endfacet
  facet normal -1 -0 0
    outer loop
      vertex 18 4.9 5.4
      vertex 18 3.3 3
      vertex 18 3.3 5.4
    endloop
  endfacet
  facet normal 0 -1 0
    outer loop
      vertex 18 3.3 3
      vertex 90 3.3 5.4
      vertex 18 3.3 5.4
    endloop
  endfacet
  facet normal 0 -1 -0
    outer loop
      vertex 90 3.3 5.4
      vertex 18 3.3 3
      vertex 90 3.3 3
    endloop
  endfacet
  facet normal 0 1 -0
    outer loop
      vertex 90 4.9 3
      vertex 18 4.9 5.4
      vertex 90 4.9 5.4
    endloop
  endfacet
  facet normal 0 1 0
    outer loop
      vertex 18 4.9 5.4
      vertex 90 4.9 3
      vertex 18 4.9 3
    endloop
  endfacet
  facet normal 1 -0 0
    outer loop
      vertex 2.7 44.87 8
      vertex 2.7 60.27 3
      vertex 2.7 60.27 8
    endloop
  endfacet
  facet normal 1 0 0
    outer loop
      vertex 2.7 60.27 3
      vertex 2.7 44.87 8
      vertex 2.7 44.87 3
    endloop
  endfacet
  facet normal -0 0 1
    outer loop
      vertex 0.299999 60.27 8
      vertex 2.7 44.87 8
      vertex 2.7 60.27 8
    endloop
  endfacet
  facet normal 0 0 1
    outer loop
      vertex 2.7 44.87 8
      vertex 0.299999 60.27 8
      vertex 0.299999 44.87 8
    endloop
  endfacet
  facet normal -1 0 0
    outer loop
      vertex 0.299999 44.87 3
      vertex 0.299999 60.27 8
      vertex 0.299999 60.27 3
    endloop
  endfacet
  facet normal -1 -0 0
    outer loop
      vertex 0.299999 60.27 8
      vertex 0.299999 44.87 3
      vertex 0.299999 44.87 8
    endloop
  endfacet
  facet normal 0 -1 0
    outer loop
      vertex 0.299999 44.87 3
      vertex 2.7 44.87 8
      vertex 0.299999 44.87 8
    endloop
  endfacet
  facet normal 0 -1 -0
    outer loop
      vertex 2.7 44.87 8
      vertex 0.299999 44.87 3
      vertex 2.7 44.87 3
    endloop
  endfacet
  facet normal 0 1 -0
    outer loop
      vertex 2.7 60.27 3
      vertex 0.299999 60.27 8
      vertex 2.7 60.27 8
    endloop
  endfacet
  facet normal 0 1 0
    outer loop
      vertex 0.299999 60.27 8
      vertex 2.7 60.27 3
      vertex 0.299999 60.27 3
    endloop
  endfacet
  facet normal 1 -0 0
    outer loop
      vertex 78.65 77.3 7.88
      vertex 78.65 79.7 3
      vertex 78.65 79.7 7.88
    endloop
  endfacet
  facet normal 1 0 0
    outer loop
      vertex 78.65 79.7 3
      vertex 78.65 77.3 7.88
      vertex 78.65 77.3 3
    endloop
  endfacet
  facet normal -0 0 1
    outer loop
      vertex 29.35 79.7 7.88
      vertex 78.65 77.3 7.88
      vertex 78.65 79.7 7.88
    endloop
  endfacet
  facet normal 0 0 1
    outer loop
      vertex 78.65 77.3 7.88
      vertex 29.35 79.7 7.88
      vertex 29.35 77.3 7.88
    endloop
  endfacet
  facet normal -1 0 0
    outer loop
      vertex 29.35 77.3 3
      vertex 29.35 79.7 7.88
      vertex 29.35 79.7 3
    endloop
  endfacet
  facet normal -1 -0 0
    outer loop
      vertex 29.35 79.7 7.88
      vertex 29.35 77.3 3
      vertex 29.35 77.3 7.88
    endloop
  endfacet
  facet normal 0 -1 0
    outer loop
      vertex 29.35 77.3 3
      vertex 78.65 77.3 7.88
      vertex 29.35 77.3 7.88
    endloop
  endfacet
  facet normal 0 -1 -0
    outer loop
      vertex 78.65 77.3 7.88
      vertex 29.35 77.3 3
      vertex 78.65 77.3 3
    endloop
  endfacet
  facet normal 0 1 -0
    outer loop
      vertex 78.65 79.7 3
      vertex 29.35 79.7 7.88
      vertex 78.65 79.7 7.88
    endloop
  endfacet
  facet normal 0 1 0
    outer loop
      vertex 29.35 79.7 7.88
      vertex 78.65 79.7 3
      vertex 29.35 79.7 3
    endloop
  endfacet
  facet normal 1 -0 0
    outer loop
      vertex 79.55 74.9 6.48
      vertex 79.55 76.5 3
      vertex 79.55 76.5 6.48
    endloop
  endfacet
  facet normal 1 0 0
    outer loop
      vertex 79.55 76.5 3
      vertex 79.55 74.9 6.48
      vertex 79.55 74.9 3
    endloop
  endfacet
  facet normal -0 0 1
    outer loop
      vertex 28.45 76.5 6.48
      vertex 79.55 74.9 6.48
      vertex 79.55 76.5 6.48
    endloop
  endfacet
  facet normal 0 0 1
    outer loop
      vertex 79.55 74.9 6.48
      vertex 28.45 76.5 6.48
      vertex 28.45 74.9 6.48
    endloop
  endfacet
  facet normal -1 0 0
    outer loop
      vertex 28.45 74.9 3
      vertex 28.45 76.5 6.48
      vertex 28.45 76.5 3
    endloop
  endfacet
  facet normal -1 -0 0
    outer loop
      vertex 28.45 76.5 6.48
      vertex 28.45 74.9 3
      vertex 28.45 74.9 6.48
    endloop
  endfacet
  facet normal 0 -1 0
    outer loop
      vertex 28.45 74.9 3
      vertex 79.55 74.9 6.48
      vertex 28.45 74.9 6.48
    endloop
  endfacet
  facet normal 0 -1 -0
    outer loop
      vertex 79.55 74.9 6.48
      vertex 28.45 74.9 3
      vertex 79.55 74.9 3
    endloop
  endfacet
  facet normal 0 1 -0
    outer loop
      vertex 79.55 76.5 3
      vertex 28.45 76.5 6.48
      vertex 79.55 76.5 6.48
    endloop
  endfacet
  facet normal 0 1 0
    outer loop
      vertex 28.45 76.5 6.48
      vertex 79.55 76.5 3
      vertex 28.45 76.5 3
    endloop
  endfacet
  facet normal -0.659291 0.751888 0
    outer loop
      vertex 8.20208 71.7979 1.5
      vertex 8.03489 71.6513 3
      vertex 8.20208 71.7979 3
    endloop
  endfacet
  facet normal -0.659291 0.751888 0
    outer loop
      vertex 8.03489 71.6513 3
      vertex 8.20208 71.7979 1.5
      vertex 8.03489 71.6513 1.5
    endloop
  endfacet
  facet normal -0.980779 0.195122 0
    outer loop
      vertex 8.64207 72.56 1.5
      vertex 8.68546 72.7781 3
      vertex 8.68546 72.7781 1.5
    endloop
  endfacet
  facet normal -0.980779 0.195122 0
    outer loop
      vertex 8.68546 72.7781 3
      vertex 8.64207 72.56 1.5
      vertex 8.64207 72.56 3
    endloop
  endfacet
  facet normal -0.99786 0.0653848 0
    outer loop
      vertex 8.68546 72.7781 1.5
      vertex 8.7 73 3
      vertex 8.7 73 1.5
    endloop
  endfacet
  facet normal -0.99786 0.0653848 0
    outer loop
      vertex 8.7 73 3
      vertex 8.68546 72.7781 1.5
      vertex 8.68546 72.7781 3
    endloop
  endfacet
  facet normal 0.442459 0.896789 -0
    outer loop
      vertex 6.34944 71.4294 1.5
      vertex 6.15 71.5278 3
      vertex 6.34944 71.4294 3
    endloop
  endfacet
  facet normal 0.442459 0.896789 0
    outer loop
      vertex 6.15 71.5278 3
      vertex 6.34944 71.4294 1.5
      vertex 6.15 71.5278 1.5
    endloop
  endfacet
  facet normal -0.321525 0.946901 0
    outer loop
      vertex 7.65056 71.4294 1.5
      vertex 7.43999 71.3579 3
      vertex 7.65056 71.4294 3
    endloop
  endfacet
  facet normal -0.321525 0.946901 0
    outer loop
      vertex 7.43999 71.3579 3
      vertex 7.65056 71.4294 1.5
      vertex 7.43999 71.3579 1.5
    endloop
  endfacet
  facet normal 0.195165 0.98077 -0
    outer loop
      vertex 6.77811 71.3145 1.5
      vertex 6.56001 71.3579 3
      vertex 6.77811 71.3145 3
    endloop
  endfacet
  facet normal 0.195165 0.98077 0
    outer loop
      vertex 6.56001 71.3579 3
      vertex 6.77811 71.3145 1.5
      vertex 6.56001 71.3579 1.5
    endloop
  endfacet
  facet normal 0.99786 0.0653848 0
    outer loop
      vertex 5.31454 72.7781 3
      vertex 5.3 73 1.5
      vertex 5.3 73 3
    endloop
  endfacet
  facet normal 0.99786 0.0653848 0
    outer loop
      vertex 5.3 73 1.5
      vertex 5.31454 72.7781 3
      vertex 5.31454 72.7781 1.5
    endloop
  endfacet
  facet normal -0.896843 -0.442349 0
    outer loop
      vertex 8.57059 73.6506 1.5
      vertex 8.47224 73.85 3
      vertex 8.47224 73.85 1.5
    endloop
  endfacet
  facet normal -0.896843 -0.442349 0
    outer loop
      vertex 8.47224 73.85 3
      vertex 8.57059 73.6506 1.5
      vertex 8.57059 73.6506 3
    endloop
  endfacet
  facet normal 0.980779 0.195122 0
    outer loop
      vertex 5.35793 72.56 3
      vertex 5.31454 72.7781 1.5
      vertex 5.31454 72.7781 3
    endloop
  endfacet
  facet normal 0.980779 0.195122 0
    outer loop
      vertex 5.31454 72.7781 1.5
      vertex 5.35793 72.56 3
      vertex 5.35793 72.56 1.5
    endloop
  endfacet
  facet normal -0.831483 0.555551 0
    outer loop
      vertex 8.3487 71.9651 1.5
      vertex 8.47224 72.15 3
      vertex 8.47224 72.15 1.5
    endloop
  endfacet
  facet normal -0.831483 0.555551 0
    outer loop
      vertex 8.47224 72.15 3
      vertex 8.3487 71.9651 1.5
      vertex 8.3487 71.9651 3
    endloop
  endfacet
  facet normal -0.195165 0.98077 0
    outer loop
      vertex 7.43999 71.3579 1.5
      vertex 7.22189 71.3145 3
      vertex 7.43999 71.3579 3
    endloop
  endfacet
  facet normal -0.195165 0.98077 0
    outer loop
      vertex 7.22189 71.3145 3
      vertex 7.43999 71.3579 1.5
      vertex 7.22189 71.3145 1.5
    endloop
  endfacet
  facet normal 0.896843 -0.442349 0
    outer loop
      vertex 5.42941 73.6506 3
      vertex 5.52776 73.85 1.5
      vertex 5.52776 73.85 3
    endloop
  endfacet
  facet normal 0.896843 -0.442349 0
    outer loop
      vertex 5.52776 73.85 1.5
      vertex 5.42941 73.6506 3
      vertex 5.42941 73.6506 1.5
    endloop
  endfacet
  facet normal -0.946943 0.321403 0
    outer loop
      vertex 8.57059 72.3494 1.5
      vertex 8.64207 72.56 3
      vertex 8.64207 72.56 1.5
    endloop
  endfacet
  facet normal -0.946943 0.321403 0
    outer loop
      vertex 8.64207 72.56 3
      vertex 8.57059 72.3494 1.5
      vertex 8.57059 72.3494 3
    endloop
  endfacet
  facet normal 0.555447 -0.831552 0
    outer loop
      vertex 5.96511 74.3487 1.5
      vertex 6.15 74.4722 3
      vertex 5.96511 74.3487 3
    endloop
  endfacet
  facet normal 0.555447 -0.831552 0
    outer loop
      vertex 6.15 74.4722 3
      vertex 5.96511 74.3487 1.5
      vertex 6.15 74.4722 1.5
    endloop
  endfacet
  facet normal -0.321525 -0.946901 0
    outer loop
      vertex 7.43999 74.6421 1.5
      vertex 7.65056 74.5706 3
      vertex 7.43999 74.6421 3
    endloop
  endfacet
  facet normal -0.321525 -0.946901 -0
    outer loop
      vertex 7.65056 74.5706 3
      vertex 7.43999 74.6421 1.5
      vertex 7.65056 74.5706 1.5
    endloop
  endfacet
  facet normal 0.946943 -0.321403 0
    outer loop
      vertex 5.35793 73.44 3
      vertex 5.42941 73.6506 1.5
      vertex 5.42941 73.6506 3
    endloop
  endfacet
  facet normal 0.946943 -0.321403 0
    outer loop
      vertex 5.42941 73.6506 1.5
      vertex 5.35793 73.44 3
      vertex 5.35793 73.44 1.5
    endloop
  endfacet
  facet normal 0.659291 -0.751888 0
    outer loop
      vertex 5.79792 74.2021 1.5
      vertex 5.96511 74.3487 3
      vertex 5.79792 74.2021 3
    endloop
  endfacet
  facet normal 0.659291 -0.751888 0
    outer loop
      vertex 5.96511 74.3487 3
      vertex 5.79792 74.2021 1.5
      vertex 5.96511 74.3487 1.5
    endloop
  endfacet
  facet normal -0.442459 -0.896789 0
    outer loop
      vertex 7.65056 74.5706 1.5
      vertex 7.85 74.4722 3
      vertex 7.65056 74.5706 3
    endloop
  endfacet
  facet normal -0.442459 -0.896789 -0
    outer loop
      vertex 7.85 74.4722 3
      vertex 7.65056 74.5706 1.5
      vertex 7.85 74.4722 1.5
    endloop
  endfacet
  facet normal 0.321525 -0.946901 0
    outer loop
      vertex 6.34944 74.5706 1.5
      vertex 6.56001 74.6421 3
      vertex 6.34944 74.5706 3
    endloop
  endfacet
  facet normal 0.321525 -0.946901 0
    outer loop
      vertex 6.56001 74.6421 3
      vertex 6.34944 74.5706 1.5
      vertex 6.56001 74.6421 1.5
    endloop
  endfacet
  facet normal -0.195165 -0.98077 0
    outer loop
      vertex 7.22189 74.6855 1.5
      vertex 7.43999 74.6421 3
      vertex 7.22189 74.6855 3
    endloop
  endfacet
  facet normal -0.195165 -0.98077 -0
    outer loop
      vertex 7.43999 74.6421 3
      vertex 7.22189 74.6855 1.5
      vertex 7.43999 74.6421 1.5
    endloop
  endfacet
  facet normal 0.99786 -0.0653848 0
    outer loop
      vertex 5.3 73 3
      vertex 5.31454 73.2219 1.5
      vertex 5.31454 73.2219 3
    endloop
  endfacet
  facet normal 0.99786 -0.0653848 0
    outer loop
      vertex 5.31454 73.2219 1.5
      vertex 5.3 73 3
      vertex 5.3 73 1.5
    endloop
  endfacet
  facet normal -0.555447 0.831552 0
    outer loop
      vertex 8.03489 71.6513 1.5
      vertex 7.85 71.5278 3
      vertex 8.03489 71.6513 3
    endloop
  endfacet
  facet normal -0.555447 0.831552 0
    outer loop
      vertex 7.85 71.5278 3
      vertex 8.03489 71.6513 1.5
      vertex 7.85 71.5278 1.5
    endloop
  endfacet
  facet normal -0.0652086 -0.997872 0
    outer loop
      vertex 7 74.7 1.5
      vertex 7.22189 74.6855 3
      vertex 7 74.7 3
    endloop
  endfacet
  facet normal -0.0652086 -0.997872 -0
    outer loop
      vertex 7.22189 74.6855 3
      vertex 7 74.7 1.5
      vertex 7.22189 74.6855 1.5
    endloop
  endfacet
  facet normal -0.946943 -0.321403 0
    outer loop
      vertex 8.64207 73.44 1.5
      vertex 8.57059 73.6506 3
      vertex 8.57059 73.6506 1.5
    endloop
  endfacet
  facet normal -0.946943 -0.321403 0
    outer loop
      vertex 8.57059 73.6506 3
      vertex 8.64207 73.44 1.5
      vertex 8.64207 73.44 3
    endloop
  endfacet
  facet normal -0.555447 -0.831552 0
    outer loop
      vertex 7.85 74.4722 1.5
      vertex 8.03489 74.3487 3
      vertex 7.85 74.4722 3
    endloop
  endfacet
  facet normal -0.555447 -0.831552 -0
    outer loop
      vertex 8.03489 74.3487 3
      vertex 7.85 74.4722 1.5
      vertex 8.03489 74.3487 1.5
    endloop
  endfacet
  facet normal -0.831483 -0.555551 0
    outer loop
      vertex 8.47224 73.85 1.5
      vertex 8.3487 74.0349 3
      vertex 8.3487 74.0349 1.5
    endloop
  endfacet
  facet normal -0.831483 -0.555551 0
    outer loop
      vertex 8.3487 74.0349 3
      vertex 8.47224 73.85 1.5
      vertex 8.47224 73.85 3
    endloop
  endfacet
  facet normal -0.99786 -0.0653848 0
    outer loop
      vertex 8.7 73 1.5
      vertex 8.68546 73.2219 3
      vertex 8.68546 73.2219 1.5
    endloop
  endfacet
  facet normal -0.99786 -0.0653848 0
    outer loop
      vertex 8.68546 73.2219 3
      vertex 8.7 73 1.5
      vertex 8.7 73 3
    endloop
  endfacet
  facet normal -0.896843 0.442349 0
    outer loop
      vertex 8.47224 72.15 1.5
      vertex 8.57059 72.3494 3
      vertex 8.57059 72.3494 1.5
    endloop
  endfacet
  facet normal -0.896843 0.442349 0
    outer loop
      vertex 8.57059 72.3494 3
      vertex 8.47224 72.15 1.5
      vertex 8.47224 72.15 3
    endloop
  endfacet
  facet normal 0.831483 0.555551 0
    outer loop
      vertex 5.6513 71.9651 3
      vertex 5.52776 72.15 1.5
      vertex 5.52776 72.15 3
    endloop
  endfacet
  facet normal 0.831483 0.555551 0
    outer loop
      vertex 5.52776 72.15 1.5
      vertex 5.6513 71.9651 3
      vertex 5.6513 71.9651 1.5
    endloop
  endfacet
  facet normal 0.659291 0.751888 -0
    outer loop
      vertex 5.96511 71.6513 1.5
      vertex 5.79792 71.7979 3
      vertex 5.96511 71.6513 3
    endloop
  endfacet
  facet normal 0.659291 0.751888 0
    outer loop
      vertex 5.79792 71.7979 3
      vertex 5.96511 71.6513 1.5
      vertex 5.79792 71.7979 1.5
    endloop
  endfacet
  facet normal 0.195165 -0.98077 0
    outer loop
      vertex 6.56001 74.6421 1.5
      vertex 6.77811 74.6855 3
      vertex 6.56001 74.6421 3
    endloop
  endfacet
  facet normal 0.195165 -0.98077 0
    outer loop
      vertex 6.77811 74.6855 3
      vertex 6.56001 74.6421 1.5
      vertex 6.77811 74.6855 1.5
    endloop
  endfacet
  facet normal 0.751863 0.659319 0
    outer loop
      vertex 5.79792 71.7979 3
      vertex 5.6513 71.9651 1.5
      vertex 5.6513 71.9651 3
    endloop
  endfacet
  facet normal 0.751863 0.659319 0
    outer loop
      vertex 5.6513 71.9651 1.5
      vertex 5.79792 71.7979 3
      vertex 5.79792 71.7979 1.5
    endloop
  endfacet
  facet normal 0.946943 0.321403 0
    outer loop
      vertex 5.42941 72.3494 3
      vertex 5.35793 72.56 1.5
      vertex 5.35793 72.56 3
    endloop
  endfacet
  facet normal 0.946943 0.321403 0
    outer loop
      vertex 5.35793 72.56 1.5
      vertex 5.42941 72.3494 3
      vertex 5.42941 72.3494 1.5
    endloop
  endfacet
  facet normal 0.321525 0.946901 -0
    outer loop
      vertex 6.56001 71.3579 1.5
      vertex 6.34944 71.4294 3
      vertex 6.56001 71.3579 3
    endloop
  endfacet
  facet normal 0.321525 0.946901 0
    outer loop
      vertex 6.34944 71.4294 3
      vertex 6.56001 71.3579 1.5
      vertex 6.34944 71.4294 1.5
    endloop
  endfacet
  facet normal 0.751863 -0.659319 0
    outer loop
      vertex 5.6513 74.0349 3
      vertex 5.79792 74.2021 1.5
      vertex 5.79792 74.2021 3
    endloop
  endfacet
  facet normal 0.751863 -0.659319 0
    outer loop
      vertex 5.79792 74.2021 1.5
      vertex 5.6513 74.0349 3
      vertex 5.6513 74.0349 1.5
    endloop
  endfacet
  facet normal -0.442459 0.896789 0
    outer loop
      vertex 7.85 71.5278 1.5
      vertex 7.65056 71.4294 3
      vertex 7.85 71.5278 3
    endloop
  endfacet
  facet normal -0.442459 0.896789 0
    outer loop
      vertex 7.65056 71.4294 3
      vertex 7.85 71.5278 1.5
      vertex 7.65056 71.4294 1.5
    endloop
  endfacet
  facet normal -0.0652086 0.997872 0
    outer loop
      vertex 7.22189 71.3145 1.5
      vertex 7 71.3 3
      vertex 7.22189 71.3145 3
    endloop
  endfacet
  facet normal -0.0652086 0.997872 0
    outer loop
      vertex 7 71.3 3
      vertex 7.22189 71.3145 1.5
      vertex 7 71.3 1.5
    endloop
  endfacet
  facet normal 0.0652086 0.997872 -0
    outer loop
      vertex 7 71.3 1.5
      vertex 6.77811 71.3145 3
      vertex 7 71.3 3
    endloop
  endfacet
  facet normal 0.0652086 0.997872 0
    outer loop
      vertex 6.77811 71.3145 3
      vertex 7 71.3 1.5
      vertex 6.77811 71.3145 1.5
    endloop
  endfacet
  facet normal 0.980779 -0.195122 0
    outer loop
      vertex 5.31454 73.2219 3
      vertex 5.35793 73.44 1.5
      vertex 5.35793 73.44 3
    endloop
  endfacet
  facet normal 0.980779 -0.195122 0
    outer loop
      vertex 5.35793 73.44 1.5
      vertex 5.31454 73.2219 3
      vertex 5.31454 73.2219 1.5
    endloop
  endfacet
  facet normal -0.980779 -0.195122 0
    outer loop
      vertex 8.68546 73.2219 1.5
      vertex 8.64207 73.44 3
      vertex 8.64207 73.44 1.5
    endloop
  endfacet
  facet normal -0.980779 -0.195122 0
    outer loop
      vertex 8.64207 73.44 3
      vertex 8.68546 73.2219 1.5
      vertex 8.68546 73.2219 3
    endloop
  endfacet
  facet normal -0.659291 -0.751888 0
    outer loop
      vertex 8.03489 74.3487 1.5
      vertex 8.20208 74.2021 3
      vertex 8.03489 74.3487 3
    endloop
  endfacet
  facet normal -0.659291 -0.751888 -0
    outer loop
      vertex 8.20208 74.2021 3
      vertex 8.03489 74.3487 1.5
      vertex 8.20208 74.2021 1.5
    endloop
  endfacet
  facet normal 0.831483 -0.555551 0
    outer loop
      vertex 5.52776 73.85 3
      vertex 5.6513 74.0349 1.5
      vertex 5.6513 74.0349 3
    endloop
  endfacet
  facet normal 0.831483 -0.555551 0
    outer loop
      vertex 5.6513 74.0349 1.5
      vertex 5.52776 73.85 3
      vertex 5.52776 73.85 1.5
    endloop
  endfacet
  facet normal -0.751863 0.659319 0
    outer loop
      vertex 8.20208 71.7979 1.5
      vertex 8.3487 71.9651 3
      vertex 8.3487 71.9651 1.5
    endloop
  endfacet
  facet normal -0.751863 0.659319 0
    outer loop
      vertex 8.3487 71.9651 3
      vertex 8.20208 71.7979 1.5
      vertex 8.20208 71.7979 3
    endloop
  endfacet
  facet normal 0.0652086 -0.997872 0
    outer loop
      vertex 6.77811 74.6855 1.5
      vertex 7 74.7 3
      vertex 6.77811 74.6855 3
    endloop
  endfacet
  facet normal 0.0652086 -0.997872 0
    outer loop
      vertex 7 74.7 3
      vertex 6.77811 74.6855 1.5
      vertex 7 74.7 1.5
    endloop
  endfacet
  facet normal 0.442459 -0.896789 0
    outer loop
      vertex 6.15 74.4722 1.5
      vertex 6.34944 74.5706 3
      vertex 6.15 74.4722 3
    endloop
  endfacet
  facet normal 0.442459 -0.896789 0
    outer loop
      vertex 6.34944 74.5706 3
      vertex 6.15 74.4722 1.5
      vertex 6.34944 74.5706 1.5
    endloop
  endfacet
  facet normal 0.555447 0.831552 -0
    outer loop
      vertex 6.15 71.5278 1.5
      vertex 5.96511 71.6513 3
      vertex 6.15 71.5278 3
    endloop
  endfacet
  facet normal 0.555447 0.831552 0
    outer loop
      vertex 5.96511 71.6513 3
      vertex 6.15 71.5278 1.5
      vertex 5.96511 71.6513 1.5
    endloop
  endfacet
  facet normal -0.751863 -0.659319 0
    outer loop
      vertex 8.3487 74.0349 1.5
      vertex 8.20208 74.2021 3
      vertex 8.20208 74.2021 1.5
    endloop
  endfacet
  facet normal -0.751863 -0.659319 0
    outer loop
      vertex 8.20208 74.2021 3
      vertex 8.3487 74.0349 1.5
      vertex 8.3487 74.0349 3
    endloop
  endfacet
  facet normal 0.896843 0.442349 0
    outer loop
      vertex 5.52776 72.15 3
      vertex 5.42941 72.3494 1.5
      vertex 5.42941 72.3494 3
    endloop
  endfacet
  facet normal 0.896843 0.442349 0
    outer loop
      vertex 5.42941 72.3494 1.5
      vertex 5.52776 72.15 3
      vertex 5.52776 72.15 1.5
    endloop
  endfacet
  facet normal -0.706348 0.0463179 -0.706348
    outer loop
      vertex 8.7 73 1.5
      vertex 10.2 73 0
      vertex 10.1728 72.5852 0
    endloop
  endfacet
  facet normal 0.532201 0.466736 -0.706342
    outer loop
      vertex 4.46127 71.052 0
      vertex 5.6513 71.9651 1.5
      vertex 4.73533 70.7395 0
    endloop
  endfacet
  facet normal -0.314598 -0.634037 -0.706417
    outer loop
      vertex 7.85 74.4722 1.5
      vertex 8.59738 75.7726 0
      vertex 8.6 75.7713 0
    endloop
  endfacet
  facet normal -0.313192 -0.634788 -0.706368
    outer loop
      vertex 8.59738 75.7726 0
      vertex 7.85 74.4722 1.5
      vertex 7.65056 74.5706 1.5
    endloop
  endfacet
  facet normal 0.393352 -0.588513 -0.706347
    outer loop
      vertex 5.05196 75.5387 0
      vertex 5.39757 75.7697 0
      vertex 5.96511 74.3487 1.5
    endloop
  endfacet
  facet normal -0.121417 0.696931 -0.706785
    outer loop
      vertex 7.22189 71.3145 1.5
      vertex 7.42055 69.8279 0
      vertex 7.41768 69.8274 0
    endloop
  endfacet
  facet normal -0.13815 0.694253 -0.706348
    outer loop
      vertex 7.42055 69.8279 0
      vertex 7.22189 71.3145 1.5
      vertex 7.43999 71.3579 1.5
    endloop
  endfacet
  facet normal 0.670305 -0.227509 -0.70635
    outer loop
      vertex 5.35793 73.44 1.5
      vertex 3.90998 73.831 0
      vertex 5.42941 73.6506 1.5
    endloop
  endfacet
  facet normal 0.670988 -0.22526 -0.706423
    outer loop
      vertex 3.90998 73.831 0
      vertex 5.35793 73.44 1.5
      vertex 3.90904 73.8282 0
    endloop
  endfacet
  facet normal -0.634876 0.313061 -0.706347
    outer loop
      vertex 8.57059 72.3494 1.5
      vertex 9.95641 71.7754 0
      vertex 9.77258 71.4026 0
    endloop
  endfacet
  facet normal 0.634869 -0.313075 -0.706346
    outer loop
      vertex 4.04359 74.2246 0
      vertex 4.22743 74.5974 0
      vertex 5.42941 73.6506 1.5
    endloop
  endfacet
  facet normal -0.13815 -0.694253 -0.706348
    outer loop
      vertex 7.22189 74.6855 1.5
      vertex 7.42055 76.1721 0
      vertex 7.43999 74.6421 1.5
    endloop
  endfacet
  facet normal -0.121417 -0.696931 -0.706785
    outer loop
      vertex 7.42055 76.1721 0
      vertex 7.22189 74.6855 1.5
      vertex 7.41768 76.1726 0
    endloop
  endfacet
  facet normal -0.706348 -0.0463179 -0.706348
    outer loop
      vertex 8.7 73 1.5
      vertex 10.1728 73.4148 0
      vertex 10.2 73 0
    endloop
  endfacet
  facet normal -0.667004 -0.238216 -0.705945
    outer loop
      vertex 8.64207 73.44 1.5
      vertex 10.09 73.831 0
      vertex 10.091 73.8282 0
    endloop
  endfacet
  facet normal -0.67031 -0.227511 -0.706345
    outer loop
      vertex 10.09 73.831 0
      vertex 8.64207 73.44 1.5
      vertex 8.57059 73.6506 1.5
    endloop
  endfacet
  facet normal 0.0463224 -0.706348 -0.706348
    outer loop
      vertex 6.58524 76.1728 0
      vertex 7 76.2 0
      vertex 7 74.7 1.5
    endloop
  endfacet
  facet normal 0.532225 -0.466715 -0.706338
    outer loop
      vertex 4.73533 75.2605 0
      vertex 5.79792 74.2021 1.5
      vertex 5.6513 74.0349 1.5
    endloop
  endfacet
  facet normal 0.532126 -0.46682 -0.706343
    outer loop
      vertex 5.79792 74.2021 1.5
      vertex 4.73533 75.2605 0
      vertex 4.73726 75.2627 0
    endloop
  endfacet
  facet normal 0.588566 -0.39328 -0.706343
    outer loop
      vertex 4.23034 74.6024 0
      vertex 4.46127 74.948 0
      vertex 5.6513 74.0349 1.5
    endloop
  endfacet
  facet normal 0.670299 -0.227537 -0.706347
    outer loop
      vertex 3.90998 73.831 0
      vertex 4.04359 74.2246 0
      vertex 5.42941 73.6506 1.5
    endloop
  endfacet
  facet normal 0.706349 -0.0462835 -0.706349
    outer loop
      vertex 3.82718 73.4148 0
      vertex 5.31454 73.2219 1.5
      vertex 5.3 73 1.5
    endloop
  endfacet
  facet normal 0.706112 -0.0486974 -0.706424
    outer loop
      vertex 5.31454 73.2219 1.5
      vertex 3.82718 73.4148 0
      vertex 3.82738 73.4177 0
    endloop
  endfacet
  facet normal -0.466675 -0.532248 -0.706347
    outer loop
      vertex 8.03489 74.3487 1.5
      vertex 8.94804 75.5387 0
      vertex 9.26054 75.2647 0
    endloop
  endfacet
  facet normal -0.313027 -0.634892 -0.706347
    outer loop
      vertex 7.65056 74.5706 1.5
      vertex 8.22459 75.9564 0
      vertex 8.59738 75.7726 0
    endloop
  endfacet
  facet normal -0.667004 0.238216 -0.705945
    outer loop
      vertex 10.09 72.169 0
      vertex 8.64207 72.56 1.5
      vertex 10.091 72.1718 0
    endloop
  endfacet
  facet normal -0.67031 0.227511 -0.706345
    outer loop
      vertex 8.64207 72.56 1.5
      vertex 10.09 72.169 0
      vertex 8.57059 72.3494 1.5
    endloop
  endfacet
  facet normal 0.694259 0.138119 -0.706348
    outer loop
      vertex 3.82795 72.5794 0
      vertex 5.35793 72.56 1.5
      vertex 3.90904 72.1718 0
    endloop
  endfacet
  facet normal -0.0463224 0.706348 -0.706348
    outer loop
      vertex 7 69.8 0
      vertex 7 71.3 1.5
      vertex 7.41476 69.8272 0
    endloop
  endfacet
  facet normal 0.227523 0.670307 -0.706344
    outer loop
      vertex 5.77541 70.0436 0
      vertex 6.34944 71.4294 1.5
      vertex 6.16901 69.91 0
    endloop
  endfacet
  facet normal -0.393352 -0.588513 -0.706347
    outer loop
      vertex 8.03489 74.3487 1.5
      vertex 8.60243 75.7697 0
      vertex 8.94804 75.5387 0
    endloop
  endfacet
  facet normal -0.393352 0.588513 -0.706347
    outer loop
      vertex 8.03489 71.6513 1.5
      vertex 8.94804 70.4613 0
      vertex 8.60243 70.2303 0
    endloop
  endfacet
  facet normal 0.466688 0.532235 -0.706349
    outer loop
      vertex 4.73946 70.7353 0
      vertex 5.79792 71.7979 1.5
      vertex 5.96511 71.6513 1.5
    endloop
  endfacet
  facet normal 0.475928 0.523521 -0.706696
    outer loop
      vertex 5.79792 71.7979 1.5
      vertex 4.73946 70.7353 0
      vertex 4.73726 70.7373 0
    endloop
  endfacet
  facet normal -0.227523 0.670307 -0.706344
    outer loop
      vertex 7.65056 71.4294 1.5
      vertex 8.22459 70.0436 0
      vertex 7.83099 69.91 0
    endloop
  endfacet
  facet normal 0.121417 -0.696931 -0.706785
    outer loop
      vertex 6.77811 74.6855 1.5
      vertex 6.57945 76.1721 0
      vertex 6.58232 76.1726 0
    endloop
  endfacet
  facet normal 0.13815 -0.694253 -0.706348
    outer loop
      vertex 6.57945 76.1721 0
      vertex 6.77811 74.6855 1.5
      vertex 6.56001 74.6421 1.5
    endloop
  endfacet
  facet normal 0.706349 0.0462839 -0.706349
    outer loop
      vertex 3.8 73 0
      vertex 5.3 73 1.5
      vertex 3.82718 72.5852 0
    endloop
  endfacet
  facet normal 0.706112 0.0486974 -0.706424
    outer loop
      vertex 3.82718 72.5852 0
      vertex 5.31454 72.7781 1.5
      vertex 3.82738 72.5823 0
    endloop
  endfacet
  facet normal 0.706349 0.0462835 -0.706349
    outer loop
      vertex 5.31454 72.7781 1.5
      vertex 3.82718 72.5852 0
      vertex 5.3 73 1.5
    endloop
  endfacet
  facet normal -0.633024 0.316512 -0.706471
    outer loop
      vertex 8.47224 72.15 1.5
      vertex 9.77258 71.4026 0
      vertex 9.77128 71.4 0
    endloop
  endfacet
  facet normal -0.634838 0.313121 -0.706354
    outer loop
      vertex 9.77258 71.4026 0
      vertex 8.47224 72.15 1.5
      vertex 8.57059 72.3494 1.5
    endloop
  endfacet
  facet normal -0.0463224 -0.706348 -0.706348
    outer loop
      vertex 7 74.7 1.5
      vertex 7 76.2 0
      vertex 7.41476 76.1728 0
    endloop
  endfacet
  facet normal -0.634838 -0.313121 -0.706354
    outer loop
      vertex 8.47224 73.85 1.5
      vertex 9.77258 74.5974 0
      vertex 8.57059 73.6506 1.5
    endloop
  endfacet
  facet normal -0.633024 -0.316512 -0.706471
    outer loop
      vertex 9.77258 74.5974 0
      vertex 8.47224 73.85 1.5
      vertex 9.77128 74.6 0
    endloop
  endfacet
  facet normal -0.588566 -0.39328 -0.706343
    outer loop
      vertex 8.3487 74.0349 1.5
      vertex 9.53873 74.948 0
      vertex 9.76966 74.6024 0
    endloop
  endfacet
  facet normal 0.393352 0.588513 -0.706347
    outer loop
      vertex 5.05196 70.4613 0
      vertex 5.96511 71.6513 1.5
      vertex 5.39757 70.2303 0
    endloop
  endfacet
  facet normal -0.532225 -0.466715 -0.706338
    outer loop
      vertex 8.20208 74.2021 1.5
      vertex 9.26467 75.2605 0
      vertex 8.3487 74.0349 1.5
    endloop
  endfacet
  facet normal -0.532126 -0.46682 -0.706343
    outer loop
      vertex 9.26467 75.2605 0
      vertex 8.20208 74.2021 1.5
      vertex 9.26274 75.2627 0
    endloop
  endfacet
  facet normal 0.588566 0.39328 -0.706343
    outer loop
      vertex 4.23034 71.3976 0
      vertex 5.6513 71.9651 1.5
      vertex 4.46127 71.052 0
    endloop
  endfacet
  facet normal -0.67031 -0.227507 -0.706346
    outer loop
      vertex 8.57059 73.6506 1.5
      vertex 9.95641 74.2246 0
      vertex 10.09 73.831 0
    endloop
  endfacet
  facet normal -0.138112 0.694257 -0.706352
    outer loop
      vertex 7.42055 69.8279 0
      vertex 7.43999 71.3579 1.5
      vertex 7.82822 69.909 0
    endloop
  endfacet
  facet normal 0.2276 -0.67029 -0.706336
    outer loop
      vertex 6.16901 76.09 0
      vertex 6.56001 74.6421 1.5
      vertex 6.34944 74.5706 1.5
    endloop
  endfacet
  facet normal 0.240535 -0.666283 -0.70584
    outer loop
      vertex 6.56001 74.6421 1.5
      vertex 6.16901 76.09 0
      vertex 6.17178 76.091 0
    endloop
  endfacet
  facet normal 0.466675 -0.532248 -0.706347
    outer loop
      vertex 4.73946 75.2647 0
      vertex 5.05196 75.5387 0
      vertex 5.96511 74.3487 1.5
    endloop
  endfacet
  facet normal 0.670299 0.227537 -0.706347
    outer loop
      vertex 3.90998 72.169 0
      vertex 5.42941 72.3494 1.5
      vertex 4.04359 71.7754 0
    endloop
  endfacet
  facet normal -0.475928 -0.523521 -0.706696
    outer loop
      vertex 8.20208 74.2021 1.5
      vertex 9.26054 75.2647 0
      vertex 9.26274 75.2627 0
    endloop
  endfacet
  facet normal -0.466688 -0.532235 -0.706349
    outer loop
      vertex 9.26054 75.2647 0
      vertex 8.20208 74.2021 1.5
      vertex 8.03489 74.3487 1.5
    endloop
  endfacet
  facet normal 0.634869 0.313075 -0.706346
    outer loop
      vertex 4.04359 71.7754 0
      vertex 5.42941 72.3494 1.5
      vertex 4.22743 71.4026 0
    endloop
  endfacet
  facet normal 0.138112 0.694257 -0.706352
    outer loop
      vertex 6.17178 69.909 0
      vertex 6.56001 71.3579 1.5
      vertex 6.57945 69.8279 0
    endloop
  endfacet
  facet normal -0.532201 -0.466736 -0.706342
    outer loop
      vertex 8.3487 74.0349 1.5
      vertex 9.26467 75.2605 0
      vertex 9.53873 74.948 0
    endloop
  endfacet
  facet normal 0.706349 -0.0462839 -0.706349
    outer loop
      vertex 3.8 73 0
      vertex 3.82718 73.4148 0
      vertex 5.3 73 1.5
    endloop
  endfacet
  facet normal 0.240535 0.666283 -0.70584
    outer loop
      vertex 6.16901 69.91 0
      vertex 6.56001 71.3579 1.5
      vertex 6.17178 69.909 0
    endloop
  endfacet
  facet normal 0.2276 0.67029 -0.706336
    outer loop
      vertex 6.56001 71.3579 1.5
      vertex 6.16901 69.91 0
      vertex 6.34944 71.4294 1.5
    endloop
  endfacet
  facet normal -0.697108 0.120191 -0.70682
    outer loop
      vertex 10.1721 72.5794 0
      vertex 8.68546 72.7781 1.5
      vertex 10.1726 72.5823 0
    endloop
  endfacet
  facet normal -0.694247 0.138117 -0.70636
    outer loop
      vertex 8.68546 72.7781 1.5
      vertex 10.1721 72.5794 0
      vertex 8.64207 72.56 1.5
    endloop
  endfacet
  facet normal -0.588566 0.39328 -0.706343
    outer loop
      vertex 8.3487 71.9651 1.5
      vertex 9.76966 71.3976 0
      vertex 9.53873 71.052 0
    endloop
  endfacet
  facet normal 0.0463224 0.706348 -0.706348
    outer loop
      vertex 6.58524 69.8272 0
      vertex 7 71.3 1.5
      vertex 7 69.8 0
    endloop
  endfacet
  facet normal 0.466675 0.532248 -0.706347
    outer loop
      vertex 4.73946 70.7353 0
      vertex 5.96511 71.6513 1.5
      vertex 5.05196 70.4613 0
    endloop
  endfacet
  facet normal 0.670305 0.227509 -0.70635
    outer loop
      vertex 3.90998 72.169 0
      vertex 5.35793 72.56 1.5
      vertex 5.42941 72.3494 1.5
    endloop
  endfacet
  facet normal 0.670988 0.22526 -0.706423
    outer loop
      vertex 5.35793 72.56 1.5
      vertex 3.90998 72.169 0
      vertex 3.90904 72.1718 0
    endloop
  endfacet
  facet normal 0.532201 -0.466736 -0.706342
    outer loop
      vertex 4.46127 74.948 0
      vertex 4.73533 75.2605 0
      vertex 5.6513 74.0349 1.5
    endloop
  endfacet
  facet normal -0.04616 -0.706376 -0.70633
    outer loop
      vertex 7.41476 76.1728 0
      vertex 7.22189 74.6855 1.5
      vertex 7 74.7 1.5
    endloop
  endfacet
  facet normal -0.0483671 -0.706159 -0.706399
    outer loop
      vertex 7.22189 74.6855 1.5
      vertex 7.41476 76.1728 0
      vertex 7.41768 76.1726 0
    endloop
  endfacet
  facet normal 0.39317 -0.588609 -0.706369
    outer loop
      vertex 5.39757 75.7697 0
      vertex 6.15 74.4722 1.5
      vertex 5.96511 74.3487 1.5
    endloop
  endfacet
  facet normal 0.389189 -0.591081 -0.70651
    outer loop
      vertex 6.15 74.4722 1.5
      vertex 5.39757 75.7697 0
      vertex 5.4 75.7713 0
    endloop
  endfacet
  facet normal -0.0483671 0.706159 -0.706399
    outer loop
      vertex 7.41476 69.8272 0
      vertex 7.22189 71.3145 1.5
      vertex 7.41768 69.8274 0
    endloop
  endfacet
  facet normal -0.04616 0.706376 -0.70633
    outer loop
      vertex 7.22189 71.3145 1.5
      vertex 7.41476 69.8272 0
      vertex 7 71.3 1.5
    endloop
  endfacet
  facet normal 0.694259 0.13812 -0.706348
    outer loop
      vertex 3.82795 72.5794 0
      vertex 5.31454 72.7781 1.5
      vertex 5.35793 72.56 1.5
    endloop
  endfacet
  facet normal 0.694525 0.13651 -0.706399
    outer loop
      vertex 5.31454 72.7781 1.5
      vertex 3.82795 72.5794 0
      vertex 3.82738 72.5823 0
    endloop
  endfacet
  facet normal 0.532126 0.46682 -0.706343
    outer loop
      vertex 4.73533 70.7395 0
      vertex 5.79792 71.7979 1.5
      vertex 4.73726 70.7373 0
    endloop
  endfacet
  facet normal 0.532225 0.466715 -0.706338
    outer loop
      vertex 5.79792 71.7979 1.5
      vertex 4.73533 70.7395 0
      vertex 5.6513 71.9651 1.5
    endloop
  endfacet
  facet normal 0.121417 0.696931 -0.706785
    outer loop
      vertex 6.57945 69.8279 0
      vertex 6.77811 71.3145 1.5
      vertex 6.58232 69.8274 0
    endloop
  endfacet
  facet normal 0.13815 0.694253 -0.706348
    outer loop
      vertex 6.77811 71.3145 1.5
      vertex 6.57945 69.8279 0
      vertex 6.56001 71.3579 1.5
    endloop
  endfacet
  facet normal -0.694246 -0.138134 -0.706358
    outer loop
      vertex 8.64207 73.44 1.5
      vertex 10.091 73.8282 0
      vertex 10.1721 73.4206 0
    endloop
  endfacet
  facet normal -0.39317 -0.588609 -0.706369
    outer loop
      vertex 7.85 74.4722 1.5
      vertex 8.60243 75.7697 0
      vertex 8.03489 74.3487 1.5
    endloop
  endfacet
  facet normal -0.389189 -0.591081 -0.70651
    outer loop
      vertex 8.60243 75.7697 0
      vertex 7.85 74.4722 1.5
      vertex 8.6 75.7713 0
    endloop
  endfacet
  facet normal -0.389189 0.591081 -0.70651
    outer loop
      vertex 7.85 71.5278 1.5
      vertex 8.60243 70.2303 0
      vertex 8.6 70.2287 0
    endloop
  endfacet
  facet normal -0.39317 0.588609 -0.706369
    outer loop
      vertex 8.60243 70.2303 0
      vertex 7.85 71.5278 1.5
      vertex 8.03489 71.6513 1.5
    endloop
  endfacet
  facet normal -0.466675 0.532248 -0.706347
    outer loop
      vertex 8.03489 71.6513 1.5
      vertex 9.26054 70.7353 0
      vertex 8.94804 70.4613 0
    endloop
  endfacet
  facet normal -0.532201 0.466736 -0.706342
    outer loop
      vertex 8.3487 71.9651 1.5
      vertex 9.53873 71.052 0
      vertex 9.26467 70.7395 0
    endloop
  endfacet
  facet normal -0.694246 0.138134 -0.706358
    outer loop
      vertex 8.64207 72.56 1.5
      vertex 10.1721 72.5794 0
      vertex 10.091 72.1718 0
    endloop
  endfacet
  facet normal -0.475928 0.523521 -0.706696
    outer loop
      vertex 9.26054 70.7353 0
      vertex 8.20208 71.7979 1.5
      vertex 9.26274 70.7373 0
    endloop
  endfacet
  facet normal -0.466688 0.532235 -0.706349
    outer loop
      vertex 8.20208 71.7979 1.5
      vertex 9.26054 70.7353 0
      vertex 8.03489 71.6513 1.5
    endloop
  endfacet
  facet normal -0.313027 0.634892 -0.706347
    outer loop
      vertex 7.65056 71.4294 1.5
      vertex 8.59738 70.2274 0
      vertex 8.22459 70.0436 0
    endloop
  endfacet
  facet normal -0.706116 0.0486977 -0.706419
    outer loop
      vertex 8.68546 72.7781 1.5
      vertex 10.1728 72.5852 0
      vertex 10.1726 72.5823 0
    endloop
  endfacet
  facet normal -0.706354 0.0462838 -0.706344
    outer loop
      vertex 10.1728 72.5852 0
      vertex 8.68546 72.7781 1.5
      vertex 8.7 73 1.5
    endloop
  endfacet
  facet normal 0.313192 0.634788 -0.706368
    outer loop
      vertex 5.40262 70.2274 0
      vertex 6.15 71.5278 1.5
      vertex 6.34944 71.4294 1.5
    endloop
  endfacet
  facet normal 0.314598 0.634037 -0.706417
    outer loop
      vertex 6.15 71.5278 1.5
      vertex 5.40262 70.2274 0
      vertex 5.4 70.2287 0
    endloop
  endfacet
  facet normal -0.634876 -0.313061 -0.706347
    outer loop
      vertex 8.57059 73.6506 1.5
      vertex 9.77258 74.5974 0
      vertex 9.95641 74.2246 0
    endloop
  endfacet
  facet normal -0.697108 -0.120191 -0.70682
    outer loop
      vertex 8.68546 73.2219 1.5
      vertex 10.1721 73.4206 0
      vertex 10.1726 73.4177 0
    endloop
  endfacet
  facet normal -0.694247 -0.138117 -0.70636
    outer loop
      vertex 10.1721 73.4206 0
      vertex 8.68546 73.2219 1.5
      vertex 8.64207 73.44 1.5
    endloop
  endfacet
  facet normal -0.706354 -0.0462838 -0.706344
    outer loop
      vertex 8.68546 73.2219 1.5
      vertex 10.1728 73.4148 0
      vertex 8.7 73 1.5
    endloop
  endfacet
  facet normal -0.706116 -0.0486977 -0.706419
    outer loop
      vertex 10.1728 73.4148 0
      vertex 8.68546 73.2219 1.5
      vertex 10.1726 73.4177 0
    endloop
  endfacet
  facet normal 0.138112 -0.694257 -0.706352
    outer loop
      vertex 6.17178 76.091 0
      vertex 6.57945 76.1721 0
      vertex 6.56001 74.6421 1.5
    endloop
  endfacet
  facet normal 0.588579 0.393256 -0.706346
    outer loop
      vertex 4.23034 71.3976 0
      vertex 5.52776 72.15 1.5
      vertex 5.6513 71.9651 1.5
    endloop
  endfacet
  facet normal 0.586805 0.396094 -0.706236
    outer loop
      vertex 5.52776 72.15 1.5
      vertex 4.23034 71.3976 0
      vertex 4.22872 71.4 0
    endloop
  endfacet
  facet normal 0.634056 0.314589 -0.706404
    outer loop
      vertex 4.22743 71.4026 0
      vertex 5.52776 72.15 1.5
      vertex 4.22872 71.4 0
    endloop
  endfacet
  facet normal 0.63484 0.313122 -0.706352
    outer loop
      vertex 5.52776 72.15 1.5
      vertex 4.22743 71.4026 0
      vertex 5.42941 72.3494 1.5
    endloop
  endfacet
  facet normal 0.0483671 -0.706159 -0.706399
    outer loop
      vertex 6.58524 76.1728 0
      vertex 6.77811 74.6855 1.5
      vertex 6.58232 76.1726 0
    endloop
  endfacet
  facet normal 0.04616 -0.706376 -0.70633
    outer loop
      vertex 6.77811 74.6855 1.5
      vertex 6.58524 76.1728 0
      vertex 7 74.7 1.5
    endloop
  endfacet
  facet normal 0.389189 0.591081 -0.70651
    outer loop
      vertex 5.39757 70.2303 0
      vertex 6.15 71.5278 1.5
      vertex 5.4 70.2287 0
    endloop
  endfacet
  facet normal 0.39317 0.588609 -0.706369
    outer loop
      vertex 6.15 71.5278 1.5
      vertex 5.39757 70.2303 0
      vertex 5.96511 71.6513 1.5
    endloop
  endfacet
  facet normal -0.240535 0.666283 -0.70584
    outer loop
      vertex 7.43999 71.3579 1.5
      vertex 7.83099 69.91 0
      vertex 7.82822 69.909 0
    endloop
  endfacet
  facet normal -0.2276 0.67029 -0.706336
    outer loop
      vertex 7.83099 69.91 0
      vertex 7.43999 71.3579 1.5
      vertex 7.65056 71.4294 1.5
    endloop
  endfacet
  facet normal 0.694259 -0.13812 -0.706348
    outer loop
      vertex 5.31454 73.2219 1.5
      vertex 3.82795 73.4206 0
      vertex 5.35793 73.44 1.5
    endloop
  endfacet
  facet normal 0.694525 -0.13651 -0.706399
    outer loop
      vertex 3.82795 73.4206 0
      vertex 5.31454 73.2219 1.5
      vertex 3.82738 73.4177 0
    endloop
  endfacet
  facet normal 0.04616 0.706376 -0.70633
    outer loop
      vertex 6.58524 69.8272 0
      vertex 6.77811 71.3145 1.5
      vertex 7 71.3 1.5
    endloop
  endfacet
  facet normal 0.0483671 0.706159 -0.706399
    outer loop
      vertex 6.77811 71.3145 1.5
      vertex 6.58524 69.8272 0
      vertex 6.58232 69.8274 0
    endloop
  endfacet
  facet normal -0.2276 -0.67029 -0.706336
    outer loop
      vertex 7.43999 74.6421 1.5
      vertex 7.83099 76.09 0
      vertex 7.65056 74.5706 1.5
    endloop
  endfacet
  facet normal -0.240535 -0.666283 -0.70584
    outer loop
      vertex 7.83099 76.09 0
      vertex 7.43999 74.6421 1.5
      vertex 7.82822 76.091 0
    endloop
  endfacet
  facet normal 0.313027 0.634892 -0.706347
    outer loop
      vertex 5.40262 70.2274 0
      vertex 6.34944 71.4294 1.5
      vertex 5.77541 70.0436 0
    endloop
  endfacet
  facet normal -0.586805 0.396094 -0.706236
    outer loop
      vertex 9.76966 71.3976 0
      vertex 8.47224 72.15 1.5
      vertex 9.77128 71.4 0
    endloop
  endfacet
  facet normal -0.588579 0.393256 -0.706346
    outer loop
      vertex 8.47224 72.15 1.5
      vertex 9.76966 71.3976 0
      vertex 8.3487 71.9651 1.5
    endloop
  endfacet
  facet normal -0.314598 0.634037 -0.706417
    outer loop
      vertex 8.59738 70.2274 0
      vertex 7.85 71.5278 1.5
      vertex 8.6 70.2287 0
    endloop
  endfacet
  facet normal -0.313192 0.634788 -0.706368
    outer loop
      vertex 7.85 71.5278 1.5
      vertex 8.59738 70.2274 0
      vertex 7.65056 71.4294 1.5
    endloop
  endfacet
  facet normal -0.586805 -0.396094 -0.706236
    outer loop
      vertex 8.47224 73.85 1.5
      vertex 9.76966 74.6024 0
      vertex 9.77128 74.6 0
    endloop
  endfacet
  facet normal -0.588579 -0.393256 -0.706346
    outer loop
      vertex 9.76966 74.6024 0
      vertex 8.47224 73.85 1.5
      vertex 8.3487 74.0349 1.5
    endloop
  endfacet
  facet normal -0.532126 0.46682 -0.706343
    outer loop
      vertex 8.20208 71.7979 1.5
      vertex 9.26467 70.7395 0
      vertex 9.26274 70.7373 0
    endloop
  endfacet
  facet normal -0.532225 0.466715 -0.706338
    outer loop
      vertex 9.26467 70.7395 0
      vertex 8.20208 71.7979 1.5
      vertex 8.3487 71.9651 1.5
    endloop
  endfacet
  facet normal -0.67031 0.227507 -0.706346
    outer loop
      vertex 8.57059 72.3494 1.5
      vertex 10.09 72.169 0
      vertex 9.95641 71.7754 0
    endloop
  endfacet
  facet normal 0.588579 -0.393256 -0.706346
    outer loop
      vertex 5.52776 73.85 1.5
      vertex 4.23034 74.6024 0
      vertex 5.6513 74.0349 1.5
    endloop
  endfacet
  facet normal 0.586805 -0.396094 -0.706236
    outer loop
      vertex 4.23034 74.6024 0
      vertex 5.52776 73.85 1.5
      vertex 4.22872 74.6 0
    endloop
  endfacet
  facet normal -0.227523 -0.670307 -0.706344
    outer loop
      vertex 7.65056 74.5706 1.5
      vertex 7.83099 76.09 0
      vertex 8.22459 75.9564 0
    endloop
  endfacet
  facet normal -0.138112 -0.694257 -0.706352
    outer loop
      vertex 7.42055 76.1721 0
      vertex 7.82822 76.091 0
      vertex 7.43999 74.6421 1.5
    endloop
  endfacet
  facet normal 0.694259 -0.138119 -0.706348
    outer loop
      vertex 3.82795 73.4206 0
      vertex 3.90904 73.8282 0
      vertex 5.35793 73.44 1.5
    endloop
  endfacet
  facet normal 0.313192 -0.634788 -0.706368
    outer loop
      vertex 6.15 74.4722 1.5
      vertex 5.40262 75.7726 0
      vertex 6.34944 74.5706 1.5
    endloop
  endfacet
  facet normal 0.314598 -0.634037 -0.706417
    outer loop
      vertex 5.40262 75.7726 0
      vertex 6.15 74.4722 1.5
      vertex 5.4 75.7713 0
    endloop
  endfacet
  facet normal 0.466688 -0.532235 -0.706349
    outer loop
      vertex 5.79792 74.2021 1.5
      vertex 4.73946 75.2647 0
      vertex 5.96511 74.3487 1.5
    endloop
  endfacet
  facet normal 0.475928 -0.523521 -0.706696
    outer loop
      vertex 4.73946 75.2647 0
      vertex 5.79792 74.2021 1.5
      vertex 4.73726 75.2627 0
    endloop
  endfacet
  facet normal 0.227523 -0.670307 -0.706344
    outer loop
      vertex 5.77541 75.9564 0
      vertex 6.16901 76.09 0
      vertex 6.34944 74.5706 1.5
    endloop
  endfacet
  facet normal 0.313027 -0.634892 -0.706347
    outer loop
      vertex 5.40262 75.7726 0
      vertex 5.77541 75.9564 0
      vertex 6.34944 74.5706 1.5
    endloop
  endfacet
  facet normal 0.63484 -0.313122 -0.706352
    outer loop
      vertex 4.22743 74.5974 0
      vertex 5.52776 73.85 1.5
      vertex 5.42941 73.6506 1.5
    endloop
  endfacet
  facet normal 0.634056 -0.314589 -0.706404
    outer loop
      vertex 5.52776 73.85 1.5
      vertex 4.22743 74.5974 0
      vertex 4.22872 74.6 0
    endloop
  endfacet
  facet normal -0.981113 0.193434 0
    outer loop
      vertex 102.642 72.56 1.5
      vertex 102.685 72.7781 3
      vertex 102.685 72.7781 1.5
    endloop
  endfacet
  facet normal -0.981113 0.193434 0
    outer loop
      vertex 102.685 72.7781 3
      vertex 102.642 72.56 1.5
      vertex 102.642 72.56 3
    endloop
  endfacet
  facet normal -0.997723 0.0674441 0
    outer loop
      vertex 102.685 72.7781 1.5
      vertex 102.7 73 3
      vertex 102.7 73 1.5
    endloop
  endfacet
  facet normal -0.997723 0.0674441 0
    outer loop
      vertex 102.7 73 3
      vertex 102.685 72.7781 1.5
      vertex 102.685 72.7781 3
    endloop
  endfacet
  facet normal -0.0651764 -0.997874 0
    outer loop
      vertex 101 74.7 1.5
      vertex 101.222 74.6855 3
      vertex 101 74.7 3
    endloop
  endfacet
  facet normal -0.0651764 -0.997874 -0
    outer loop
      vertex 101.222 74.6855 3
      vertex 101 74.7 1.5
      vertex 101.222 74.6855 1.5
    endloop
  endfacet
  facet normal 0.659268 0.751908 -0
    outer loop
      vertex 99.9651 71.6513 1.5
      vertex 99.7979 71.7979 3
      vertex 99.9651 71.6513 3
    endloop
  endfacet
  facet normal 0.659268 0.751908 0
    outer loop
      vertex 99.7979 71.7979 3
      vertex 99.9651 71.6513 1.5
      vertex 99.7979 71.7979 1.5
    endloop
  endfacet
  facet normal 0.831566 -0.555426 0
    outer loop
      vertex 99.5278 73.85 3
      vertex 99.6513 74.0349 1.5
      vertex 99.6513 74.0349 3
    endloop
  endfacet
  facet normal 0.831566 -0.555426 0
    outer loop
      vertex 99.6513 74.0349 1.5
      vertex 99.5278 73.85 3
      vertex 99.5278 73.85 1.5
    endloop
  endfacet
  facet normal -0.659714 0.751516 0
    outer loop
      vertex 102.202 71.7979 1.5
      vertex 102.035 71.6513 3
      vertex 102.202 71.7979 3
    endloop
  endfacet
  facet normal -0.659714 0.751516 0
    outer loop
      vertex 102.035 71.6513 3
      vertex 102.202 71.7979 1.5
      vertex 102.035 71.6513 1.5
    endloop
  endfacet
  facet normal -0.947598 -0.319466 0
    outer loop
      vertex 102.642 73.44 1.5
      vertex 102.571 73.6506 3
      vertex 102.571 73.6506 1.5
    endloop
  endfacet
  facet normal -0.947598 -0.319466 0
    outer loop
      vertex 102.571 73.6506 3
      vertex 102.642 73.44 1.5
      vertex 102.642 73.44 3
    endloop
  endfacet
  facet normal 0.555426 -0.831566 0
    outer loop
      vertex 99.9651 74.3487 1.5
      vertex 100.15 74.4722 3
      vertex 99.9651 74.3487 3
    endloop
  endfacet
  facet normal 0.555426 -0.831566 0
    outer loop
      vertex 100.15 74.4722 3
      vertex 99.9651 74.3487 1.5
      vertex 100.15 74.4722 1.5
    endloop
  endfacet
  facet normal -0.751016 0.660284 0
    outer loop
      vertex 102.202 71.7979 1.5
      vertex 102.349 71.9651 3
      vertex 102.349 71.9651 1.5
    endloop
  endfacet
  facet normal -0.751016 0.660284 0
    outer loop
      vertex 102.349 71.9651 3
      vertex 102.202 71.7979 1.5
      vertex 102.202 71.7979 3
    endloop
  endfacet
  facet normal 0.946915 -0.321484 0
    outer loop
      vertex 99.3579 73.44 3
      vertex 99.4294 73.6506 1.5
      vertex 99.4294 73.6506 3
    endloop
  endfacet
  facet normal 0.946915 -0.321484 0
    outer loop
      vertex 99.4294 73.6506 1.5
      vertex 99.3579 73.44 3
      vertex 99.3579 73.44 1.5
    endloop
  endfacet
  facet normal -0.320937 -0.947101 0
    outer loop
      vertex 101.44 74.6421 1.5
      vertex 101.651 74.5706 3
      vertex 101.44 74.6421 3
    endloop
  endfacet
  facet normal -0.320937 -0.947101 -0
    outer loop
      vertex 101.651 74.5706 3
      vertex 101.44 74.6421 1.5
      vertex 101.651 74.5706 1.5
    endloop
  endfacet
  facet normal 0.0651764 -0.997874 0
    outer loop
      vertex 100.778 74.6855 1.5
      vertex 101 74.7 3
      vertex 100.778 74.6855 3
    endloop
  endfacet
  facet normal 0.0651764 -0.997874 0
    outer loop
      vertex 101 74.7 3
      vertex 100.778 74.6855 1.5
      vertex 101 74.7 1.5
    endloop
  endfacet
  facet normal 0.320937 0.947101 -0
    outer loop
      vertex 100.56 71.3579 1.5
      vertex 100.349 71.4294 3
      vertex 100.56 71.3579 3
    endloop
  endfacet
  facet normal 0.320937 0.947101 0
    outer loop
      vertex 100.349 71.4294 3
      vertex 100.56 71.3579 1.5
      vertex 100.349 71.4294 1.5
    endloop
  endfacet
  facet normal 0.751908 0.659268 0
    outer loop
      vertex 99.7979 71.7979 3
      vertex 99.6513 71.9651 1.5
      vertex 99.6513 71.9651 3
    endloop
  endfacet
  facet normal 0.751908 0.659268 0
    outer loop
      vertex 99.6513 71.9651 1.5
      vertex 99.7979 71.7979 3
      vertex 99.7979 71.7979 1.5
    endloop
  endfacet
  facet normal 0.443245 -0.8964 0
    outer loop
      vertex 100.15 74.4722 1.5
      vertex 100.349 74.5706 3
      vertex 100.15 74.4722 3
    endloop
  endfacet
  facet normal 0.443245 -0.8964 0
    outer loop
      vertex 100.349 74.5706 3
      vertex 100.15 74.4722 1.5
      vertex 100.349 74.5706 1.5
    endloop
  endfacet
  facet normal 0.0651764 0.997874 -0
    outer loop
      vertex 101 71.3 1.5
      vertex 100.778 71.3145 3
      vertex 101 71.3 3
    endloop
  endfacet
  facet normal 0.0651764 0.997874 0
    outer loop
      vertex 100.778 71.3145 3
      vertex 101 71.3 1.5
      vertex 100.778 71.3145 1.5
    endloop
  endfacet
  facet normal -0.895681 -0.444696 0
    outer loop
      vertex 102.571 73.6506 1.5
      vertex 102.472 73.85 3
      vertex 102.472 73.85 1.5
    endloop
  endfacet
  facet normal -0.895681 -0.444696 0
    outer loop
      vertex 102.472 73.85 3
      vertex 102.571 73.6506 1.5
      vertex 102.571 73.6506 3
    endloop
  endfacet
  facet normal -0.555219 -0.831704 0
    outer loop
      vertex 101.85 74.4722 1.5
      vertex 102.035 74.3487 3
      vertex 101.85 74.4722 3
    endloop
  endfacet
  facet normal -0.555219 -0.831704 -0
    outer loop
      vertex 102.035 74.3487 3
      vertex 101.85 74.4722 1.5
      vertex 102.035 74.3487 1.5
    endloop
  endfacet
  facet normal 0.896754 0.44253 0
    outer loop
      vertex 99.5278 72.15 3
      vertex 99.4294 72.3494 1.5
      vertex 99.4294 72.3494 3
    endloop
  endfacet
  facet normal 0.896754 0.44253 0
    outer loop
      vertex 99.4294 72.3494 1.5
      vertex 99.5278 72.15 3
      vertex 99.5278 72.15 1.5
    endloop
  endfacet
  facet normal 0.98077 -0.195165 0
    outer loop
      vertex 99.3145 73.2219 3
      vertex 99.3579 73.44 1.5
      vertex 99.3579 73.44 3
    endloop
  endfacet
  facet normal 0.98077 -0.195165 0
    outer loop
      vertex 99.3579 73.44 1.5
      vertex 99.3145 73.2219 3
      vertex 99.3145 73.2219 1.5
    endloop
  endfacet
  facet normal 0.751908 -0.659268 0
    outer loop
      vertex 99.6513 74.0349 3
      vertex 99.7979 74.2021 1.5
      vertex 99.7979 74.2021 3
    endloop
  endfacet
  facet normal 0.751908 -0.659268 0
    outer loop
      vertex 99.7979 74.2021 1.5
      vertex 99.6513 74.0349 3
      vertex 99.6513 74.0349 1.5
    endloop
  endfacet
  facet normal -0.195251 0.980753 0
    outer loop
      vertex 101.44 71.3579 1.5
      vertex 101.222 71.3145 3
      vertex 101.44 71.3579 3
    endloop
  endfacet
  facet normal -0.195251 0.980753 0
    outer loop
      vertex 101.222 71.3145 3
      vertex 101.44 71.3579 1.5
      vertex 101.222 71.3145 1.5
    endloop
  endfacet
  facet normal -0.832604 0.553869 0
    outer loop
      vertex 102.349 71.9651 1.5
      vertex 102.472 72.15 3
      vertex 102.472 72.15 1.5
    endloop
  endfacet
  facet normal -0.832604 0.553869 0
    outer loop
      vertex 102.472 72.15 3
      vertex 102.349 71.9651 1.5
      vertex 102.349 71.9651 3
    endloop
  endfacet
  facet normal -0.997723 -0.0674441 0
    outer loop
      vertex 102.7 73 1.5
      vertex 102.685 73.2219 3
      vertex 102.685 73.2219 1.5
    endloop
  endfacet
  facet normal -0.997723 -0.0674441 0
    outer loop
      vertex 102.685 73.2219 3
      vertex 102.7 73 1.5
      vertex 102.7 73 3
    endloop
  endfacet
  facet normal -0.320937 0.947101 0
    outer loop
      vertex 101.651 71.4294 1.5
      vertex 101.44 71.3579 3
      vertex 101.651 71.4294 3
    endloop
  endfacet
  facet normal -0.320937 0.947101 0
    outer loop
      vertex 101.44 71.3579 3
      vertex 101.651 71.4294 1.5
      vertex 101.44 71.3579 1.5
    endloop
  endfacet
  facet normal -0.555219 0.831704 0
    outer loop
      vertex 102.035 71.6513 1.5
      vertex 101.85 71.5278 3
      vertex 102.035 71.6513 3
    endloop
  endfacet
  facet normal -0.555219 0.831704 0
    outer loop
      vertex 101.85 71.5278 3
      vertex 102.035 71.6513 1.5
      vertex 101.85 71.5278 1.5
    endloop
  endfacet
  facet normal 0.195251 0.980753 -0
    outer loop
      vertex 100.778 71.3145 1.5
      vertex 100.56 71.3579 3
      vertex 100.778 71.3145 3
    endloop
  endfacet
  facet normal 0.195251 0.980753 0
    outer loop
      vertex 100.56 71.3579 3
      vertex 100.778 71.3145 1.5
      vertex 100.56 71.3579 1.5
    endloop
  endfacet
  facet normal -0.981113 -0.193434 0
    outer loop
      vertex 102.685 73.2219 1.5
      vertex 102.642 73.44 3
      vertex 102.642 73.44 1.5
    endloop
  endfacet
  facet normal -0.981113 -0.193434 0
    outer loop
      vertex 102.642 73.44 3
      vertex 102.685 73.2219 1.5
      vertex 102.685 73.2219 3
    endloop
  endfacet
  facet normal 0.831566 0.555426 0
    outer loop
      vertex 99.6513 71.9651 3
      vertex 99.5278 72.15 1.5
      vertex 99.5278 72.15 3
    endloop
  endfacet
  facet normal 0.831566 0.555426 0
    outer loop
      vertex 99.5278 72.15 1.5
      vertex 99.6513 71.9651 3
      vertex 99.6513 71.9651 1.5
    endloop
  endfacet
  facet normal -0.195251 -0.980753 0
    outer loop
      vertex 101.222 74.6855 1.5
      vertex 101.44 74.6421 3
      vertex 101.222 74.6855 3
    endloop
  endfacet
  facet normal -0.195251 -0.980753 -0
    outer loop
      vertex 101.44 74.6421 3
      vertex 101.222 74.6855 1.5
      vertex 101.44 74.6421 1.5
    endloop
  endfacet
  facet normal 0.659268 -0.751908 0
    outer loop
      vertex 99.7979 74.2021 1.5
      vertex 99.9651 74.3487 3
      vertex 99.7979 74.2021 3
    endloop
  endfacet
  facet normal 0.659268 -0.751908 0
    outer loop
      vertex 99.9651 74.3487 3
      vertex 99.7979 74.2021 1.5
      vertex 99.9651 74.3487 1.5
    endloop
  endfacet
  facet normal -0.0651764 0.997874 0
    outer loop
      vertex 101.222 71.3145 1.5
      vertex 101 71.3 3
      vertex 101.222 71.3145 3
    endloop
  endfacet
  facet normal -0.0651764 0.997874 0
    outer loop
      vertex 101 71.3 3
      vertex 101.222 71.3145 1.5
      vertex 101 71.3 1.5
    endloop
  endfacet
  facet normal -0.443245 0.8964 0
    outer loop
      vertex 101.85 71.5278 1.5
      vertex 101.651 71.4294 3
      vertex 101.85 71.5278 3
    endloop
  endfacet
  facet normal -0.443245 0.8964 0
    outer loop
      vertex 101.651 71.4294 3
      vertex 101.85 71.5278 1.5
      vertex 101.651 71.4294 1.5
    endloop
  endfacet
  facet normal -0.832604 -0.553869 0
    outer loop
      vertex 102.472 73.85 1.5
      vertex 102.349 74.0349 3
      vertex 102.349 74.0349 1.5
    endloop
  endfacet
  facet normal -0.832604 -0.553869 0
    outer loop
      vertex 102.349 74.0349 3
      vertex 102.472 73.85 1.5
      vertex 102.472 73.85 3
    endloop
  endfacet
  facet normal 0.195251 -0.980753 0
    outer loop
      vertex 100.56 74.6421 1.5
      vertex 100.778 74.6855 3
      vertex 100.56 74.6421 3
    endloop
  endfacet
  facet normal 0.195251 -0.980753 0
    outer loop
      vertex 100.778 74.6855 3
      vertex 100.56 74.6421 1.5
      vertex 100.778 74.6855 1.5
    endloop
  endfacet
  facet normal 0.997872 -0.0652057 0
    outer loop
      vertex 99.3 73 3
      vertex 99.3145 73.2219 1.5
      vertex 99.3145 73.2219 3
    endloop
  endfacet
  facet normal 0.997872 -0.0652057 0
    outer loop
      vertex 99.3145 73.2219 1.5
      vertex 99.3 73 3
      vertex 99.3 73 1.5
    endloop
  endfacet
  facet normal -0.443245 -0.8964 0
    outer loop
      vertex 101.651 74.5706 1.5
      vertex 101.85 74.4722 3
      vertex 101.651 74.5706 3
    endloop
  endfacet
  facet normal -0.443245 -0.8964 -0
    outer loop
      vertex 101.85 74.4722 3
      vertex 101.651 74.5706 1.5
      vertex 101.85 74.4722 1.5
    endloop
  endfacet
  facet normal 0.98077 0.195165 0
    outer loop
      vertex 99.3579 72.56 3
      vertex 99.3145 72.7781 1.5
      vertex 99.3145 72.7781 3
    endloop
  endfacet
  facet normal 0.98077 0.195165 0
    outer loop
      vertex 99.3145 72.7781 1.5
      vertex 99.3579 72.56 3
      vertex 99.3579 72.56 1.5
    endloop
  endfacet
  facet normal 0.896754 -0.44253 0
    outer loop
      vertex 99.4294 73.6506 3
      vertex 99.5278 73.85 1.5
      vertex 99.5278 73.85 3
    endloop
  endfacet
  facet normal 0.896754 -0.44253 0
    outer loop
      vertex 99.5278 73.85 1.5
      vertex 99.4294 73.6506 3
      vertex 99.4294 73.6506 1.5
    endloop
  endfacet
  facet normal 0.946915 0.321484 0
    outer loop
      vertex 99.4294 72.3494 3
      vertex 99.3579 72.56 1.5
      vertex 99.3579 72.56 3
    endloop
  endfacet
  facet normal 0.946915 0.321484 0
    outer loop
      vertex 99.3579 72.56 1.5
      vertex 99.4294 72.3494 3
      vertex 99.4294 72.3494 1.5
    endloop
  endfacet
  facet normal -0.895681 0.444696 0
    outer loop
      vertex 102.472 72.15 1.5
      vertex 102.571 72.3494 3
      vertex 102.571 72.3494 1.5
    endloop
  endfacet
  facet normal -0.895681 0.444696 0
    outer loop
      vertex 102.571 72.3494 3
      vertex 102.472 72.15 1.5
      vertex 102.472 72.15 3
    endloop
  endfacet
  facet normal -0.947598 0.319466 0
    outer loop
      vertex 102.571 72.3494 1.5
      vertex 102.642 72.56 3
      vertex 102.642 72.56 1.5
    endloop
  endfacet
  facet normal -0.947598 0.319466 0
    outer loop
      vertex 102.642 72.56 3
      vertex 102.571 72.3494 1.5
      vertex 102.571 72.3494 3
    endloop
  endfacet
  facet normal 0.997872 0.0652057 0
    outer loop
      vertex 99.3145 72.7781 3
      vertex 99.3 73 1.5
      vertex 99.3 73 3
    endloop
  endfacet
  facet normal 0.997872 0.0652057 0
    outer loop
      vertex 99.3 73 1.5
      vertex 99.3145 72.7781 3
      vertex 99.3145 72.7781 1.5
    endloop
  endfacet
  facet normal 0.320937 -0.947101 0
    outer loop
      vertex 100.349 74.5706 1.5
      vertex 100.56 74.6421 3
      vertex 100.349 74.5706 3
    endloop
  endfacet
  facet normal 0.320937 -0.947101 0
    outer loop
      vertex 100.56 74.6421 3
      vertex 100.349 74.5706 1.5
      vertex 100.56 74.6421 1.5
    endloop
  endfacet
  facet normal 0.443245 0.8964 -0
    outer loop
      vertex 100.349 71.4294 1.5
      vertex 100.15 71.5278 3
      vertex 100.349 71.4294 3
    endloop
  endfacet
  facet normal 0.443245 0.8964 0
    outer loop
      vertex 100.15 71.5278 3
      vertex 100.349 71.4294 1.5
      vertex 100.15 71.5278 1.5
    endloop
  endfacet
  facet normal 0.555426 0.831566 -0
    outer loop
      vertex 100.15 71.5278 1.5
      vertex 99.9651 71.6513 3
      vertex 100.15 71.5278 3
    endloop
  endfacet
  facet normal 0.555426 0.831566 0
    outer loop
      vertex 99.9651 71.6513 3
      vertex 100.15 71.5278 1.5
      vertex 99.9651 71.6513 1.5
    endloop
  endfacet
  facet normal -0.659714 -0.751516 0
    outer loop
      vertex 102.035 74.3487 1.5
      vertex 102.202 74.2021 3
      vertex 102.035 74.3487 3
    endloop
  endfacet
  facet normal -0.659714 -0.751516 -0
    outer loop
      vertex 102.202 74.2021 3
      vertex 102.035 74.3487 1.5
      vertex 102.202 74.2021 1.5
    endloop
  endfacet
  facet normal -0.751016 -0.660284 0
    outer loop
      vertex 102.349 74.0349 1.5
      vertex 102.202 74.2021 3
      vertex 102.202 74.2021 1.5
    endloop
  endfacet
  facet normal -0.751016 -0.660284 0
    outer loop
      vertex 102.202 74.2021 3
      vertex 102.349 74.0349 1.5
      vertex 102.349 74.0349 3
    endloop
  endfacet
  facet normal -0.706359 0.045978 -0.706359
    outer loop
      vertex 102.7 73 1.5
      vertex 104.2 73 0
      vertex 104.173 72.5852 0
    endloop
  endfacet
  facet normal -0.499967 -0.499967 -0.707153
    outer loop
      vertex 102.202 74.2021 1.5
      vertex 103.261 75.2647 0
      vertex 103.263 75.2627 0
    endloop
  endfacet
  facet normal -0.466924 -0.531899 -0.706446
    outer loop
      vertex 103.261 75.2647 0
      vertex 102.202 74.2021 1.5
      vertex 102.035 74.3487 1.5
    endloop
  endfacet
  facet normal 0.706126 -0.0486983 -0.70641
    outer loop
      vertex 99.3145 73.2219 1.5
      vertex 97.8272 73.4148 0
      vertex 97.8274 73.4177 0
    endloop
  endfacet
  facet normal 0.706375 -0.0461579 -0.706331
    outer loop
      vertex 97.8272 73.4148 0
      vertex 99.3145 73.2219 1.5
      vertex 99.3 73 1.5
    endloop
  endfacet
  facet normal 0.532254 -0.46668 -0.706339
    outer loop
      vertex 98.4613 74.948 0
      vertex 98.7353 75.2605 0
      vertex 99.6513 74.0349 1.5
    endloop
  endfacet
  facet normal 0.633012 0.316506 -0.706484
    outer loop
      vertex 98.2274 71.4026 0
      vertex 99.5278 72.15 1.5
      vertex 98.2287 71.4 0
    endloop
  endfacet
  facet normal 0.634759 0.313241 -0.706372
    outer loop
      vertex 99.5278 72.15 1.5
      vertex 98.2274 71.4026 0
      vertex 99.4294 72.3494 1.5
    endloop
  endfacet
  facet normal -0.313571 -0.634649 -0.706324
    outer loop
      vertex 101.651 74.5706 1.5
      vertex 102.225 75.9564 0
      vertex 102.597 75.7726 0
    endloop
  endfacet
  facet normal -0.532254 -0.46668 -0.706339
    outer loop
      vertex 102.349 74.0349 1.5
      vertex 103.265 75.2605 0
      vertex 103.539 74.948 0
    endloop
  endfacet
  facet normal 0.706348 -0.0463179 -0.706348
    outer loop
      vertex 97.8 73 0
      vertex 97.8272 73.4148 0
      vertex 99.3 73 1.5
    endloop
  endfacet
  facet normal 0.706375 0.0461579 -0.706331
    outer loop
      vertex 99.3145 72.7781 1.5
      vertex 97.8272 72.5852 0
      vertex 99.3 73 1.5
    endloop
  endfacet
  facet normal 0.706126 0.0486983 -0.70641
    outer loop
      vertex 97.8272 72.5852 0
      vertex 99.3145 72.7781 1.5
      vertex 97.8274 72.5823 0
    endloop
  endfacet
  facet normal 0.706348 0.0463179 -0.706348
    outer loop
      vertex 97.8 73 0
      vertex 99.3 73 1.5
      vertex 97.8272 72.5852 0
    endloop
  endfacet
  facet normal -0.138332 0.694216 -0.706348
    outer loop
      vertex 101.421 69.8279 0
      vertex 101.44 71.3579 1.5
      vertex 101.828 69.909 0
    endloop
  endfacet
  facet normal -0.655431 -0.273096 -0.704151
    outer loop
      vertex 102.472 73.85 1.5
      vertex 103.77 74.6024 0
      vertex 103.771 74.6 0
    endloop
  endfacet
  facet normal -0.58924 -0.391977 -0.706505
    outer loop
      vertex 103.77 74.6024 0
      vertex 102.472 73.85 1.5
      vertex 102.349 74.0349 1.5
    endloop
  endfacet
  facet normal 0.670309 -0.227524 -0.706342
    outer loop
      vertex 97.91 73.831 0
      vertex 98.0436 74.2246 0
      vertex 99.4294 73.6506 1.5
    endloop
  endfacet
  facet normal -0.633839 -0.314694 -0.706552
    outer loop
      vertex 102.472 73.85 1.5
      vertex 103.773 74.5974 0
      vertex 102.571 73.6506 1.5
    endloop
  endfacet
  facet normal -0.562922 -0.433017 -0.703999
    outer loop
      vertex 103.773 74.5974 0
      vertex 102.472 73.85 1.5
      vertex 103.771 74.6 0
    endloop
  endfacet
  facet normal 0.670298 0.22757 -0.706337
    outer loop
      vertex 97.91 72.169 0
      vertex 99.3579 72.56 1.5
      vertex 99.4294 72.3494 1.5
    endloop
  endfacet
  facet normal 0.66701 0.238218 -0.705938
    outer loop
      vertex 99.3579 72.56 1.5
      vertex 97.91 72.169 0
      vertex 97.909 72.1718 0
    endloop
  endfacet
  facet normal 0.588622 0.393157 -0.706365
    outer loop
      vertex 98.2303 71.3976 0
      vertex 99.5278 72.15 1.5
      vertex 99.6513 71.9651 1.5
    endloop
  endfacet
  facet normal 0.588948 0.392632 -0.706385
    outer loop
      vertex 99.5278 72.15 1.5
      vertex 98.2303 71.3976 0
      vertex 98.2287 71.4 0
    endloop
  endfacet
  facet normal 0.532254 0.46668 -0.706339
    outer loop
      vertex 98.4613 71.052 0
      vertex 99.6513 71.9651 1.5
      vertex 98.7353 70.7395 0
    endloop
  endfacet
  facet normal 0.138332 0.694216 -0.706348
    outer loop
      vertex 100.172 69.909 0
      vertex 100.56 71.3579 1.5
      vertex 100.579 69.8279 0
    endloop
  endfacet
  facet normal -0.531549 -0.467331 -0.70644
    outer loop
      vertex 102.202 74.2021 1.5
      vertex 103.265 75.2605 0
      vertex 102.349 74.0349 1.5
    endloop
  endfacet
  facet normal -0.523476 -0.475887 -0.706756
    outer loop
      vertex 103.265 75.2605 0
      vertex 102.202 74.2021 1.5
      vertex 103.263 75.2627 0
    endloop
  endfacet
  facet normal -0.694268 0.137968 -0.706369
    outer loop
      vertex 102.642 72.56 1.5
      vertex 104.172 72.5794 0
      vertex 104.091 72.1718 0
    endloop
  endfacet
  facet normal 0.634898 0.313021 -0.706344
    outer loop
      vertex 98.0436 71.7754 0
      vertex 99.4294 72.3494 1.5
      vertex 98.2274 71.4026 0
    endloop
  endfacet
  facet normal -0.706359 -0.045978 -0.706359
    outer loop
      vertex 102.7 73 1.5
      vertex 104.173 73.4148 0
      vertex 104.2 73 0
    endloop
  endfacet
  facet normal -0.694268 -0.137968 -0.706369
    outer loop
      vertex 102.642 73.44 1.5
      vertex 104.091 73.8282 0
      vertex 104.172 73.4206 0
    endloop
  endfacet
  facet normal 0.588513 0.393364 -0.706341
    outer loop
      vertex 98.2303 71.3976 0
      vertex 99.6513 71.9651 1.5
      vertex 98.4613 71.052 0
    endloop
  endfacet
  facet normal -0.116283 0.697698 -0.706892
    outer loop
      vertex 101.222 71.3145 1.5
      vertex 101.421 69.8279 0
      vertex 101.418 69.8274 0
    endloop
  endfacet
  facet normal -0.138209 0.694228 -0.706361
    outer loop
      vertex 101.421 69.8279 0
      vertex 101.222 71.3145 1.5
      vertex 101.44 71.3579 1.5
    endloop
  endfacet
  facet normal 0.694251 -0.13815 -0.70635
    outer loop
      vertex 99.3145 73.2219 1.5
      vertex 97.8279 73.4206 0
      vertex 99.3579 73.44 1.5
    endloop
  endfacet
  facet normal 0.697117 -0.120193 -0.706811
    outer loop
      vertex 97.8279 73.4206 0
      vertex 99.3145 73.2219 1.5
      vertex 97.8274 73.4177 0
    endloop
  endfacet
  facet normal -0.499967 0.499967 -0.707153
    outer loop
      vertex 103.261 70.7353 0
      vertex 102.202 71.7979 1.5
      vertex 103.263 70.7373 0
    endloop
  endfacet
  facet normal -0.466924 0.531899 -0.706446
    outer loop
      vertex 102.202 71.7979 1.5
      vertex 103.261 70.7353 0
      vertex 102.035 71.6513 1.5
    endloop
  endfacet
  facet normal 0.466679 0.532256 -0.706339
    outer loop
      vertex 98.7395 70.7353 0
      vertex 99.7979 71.7979 1.5
      vertex 99.9651 71.6513 1.5
    endloop
  endfacet
  facet normal 0.475934 0.523528 -0.706686
    outer loop
      vertex 99.7979 71.7979 1.5
      vertex 98.7395 70.7353 0
      vertex 98.7373 70.7373 0
    endloop
  endfacet
  facet normal 0.46668 0.532254 -0.706339
    outer loop
      vertex 98.7395 70.7353 0
      vertex 99.9651 71.6513 1.5
      vertex 99.052 70.4613 0
    endloop
  endfacet
  facet normal -0.393063 0.588744 -0.706315
    outer loop
      vertex 102.035 71.6513 1.5
      vertex 102.948 70.4613 0
      vertex 102.602 70.2303 0
    endloop
  endfacet
  facet normal 0.523528 0.475934 -0.706686
    outer loop
      vertex 98.7353 70.7395 0
      vertex 99.7979 71.7979 1.5
      vertex 98.7373 70.7373 0
    endloop
  endfacet
  facet normal 0.532256 0.466679 -0.706339
    outer loop
      vertex 99.7979 71.7979 1.5
      vertex 98.7353 70.7395 0
      vertex 99.6513 71.9651 1.5
    endloop
  endfacet
  facet normal 0.694253 0.138135 -0.706351
    outer loop
      vertex 97.8279 72.5794 0
      vertex 99.3579 72.56 1.5
      vertex 97.909 72.1718 0
    endloop
  endfacet
  facet normal -0.66699 -0.238211 -0.705961
    outer loop
      vertex 102.642 73.44 1.5
      vertex 104.09 73.831 0
      vertex 104.091 73.8282 0
    endloop
  endfacet
  facet normal -0.670716 -0.22612 -0.706406
    outer loop
      vertex 104.09 73.831 0
      vertex 102.642 73.44 1.5
      vertex 102.571 73.6506 1.5
    endloop
  endfacet
  facet normal -0.588513 0.393364 -0.706341
    outer loop
      vertex 102.349 71.9651 1.5
      vertex 103.77 71.3976 0
      vertex 103.539 71.052 0
    endloop
  endfacet
  facet normal -0.466257 0.532622 -0.706342
    outer loop
      vertex 102.035 71.6513 1.5
      vertex 103.261 70.7353 0
      vertex 102.948 70.4613 0
    endloop
  endfacet
  facet normal -0.675075 0.232785 -0.700061
    outer loop
      vertex 104.172 72.5794 0
      vertex 102.685 72.7781 1.5
      vertex 104.173 72.5823 0
    endloop
  endfacet
  facet normal -0.694365 0.136899 -0.706482
    outer loop
      vertex 102.685 72.7781 1.5
      vertex 104.172 72.5794 0
      vertex 102.642 72.56 1.5
    endloop
  endfacet
  facet normal 0.670309 0.227524 -0.706342
    outer loop
      vertex 97.91 72.169 0
      vertex 99.4294 72.3494 1.5
      vertex 98.0436 71.7754 0
    endloop
  endfacet
  facet normal 0.393364 -0.588513 -0.706341
    outer loop
      vertex 99.052 75.5387 0
      vertex 99.3976 75.7697 0
      vertex 99.9651 74.3487 1.5
    endloop
  endfacet
  facet normal 0.393364 0.588513 -0.706341
    outer loop
      vertex 99.052 70.4613 0
      vertex 99.9651 71.6513 1.5
      vertex 99.3976 70.2303 0
    endloop
  endfacet
  facet normal 0.0462956 -0.706349 -0.706349
    outer loop
      vertex 100.585 76.1728 0
      vertex 101 76.2 0
      vertex 101 74.7 1.5
    endloop
  endfacet
  facet normal -0.670251 -0.228185 -0.706184
    outer loop
      vertex 102.571 73.6506 1.5
      vertex 103.956 74.2246 0
      vertex 104.09 73.831 0
    endloop
  endfacet
  facet normal -0.393036 -0.588759 -0.706318
    outer loop
      vertex 101.85 74.4722 1.5
      vertex 102.602 75.7697 0
      vertex 102.035 74.3487 1.5
    endloop
  endfacet
  facet normal -0.444244 -0.555305 -0.703053
    outer loop
      vertex 102.602 75.7697 0
      vertex 101.85 74.4722 1.5
      vertex 102.6 75.7713 0
    endloop
  endfacet
  facet normal -0.0461372 -0.706376 -0.706332
    outer loop
      vertex 101.415 76.1728 0
      vertex 101.222 74.6855 1.5
      vertex 101 74.7 1.5
    endloop
  endfacet
  facet normal -0.0470856 -0.706283 -0.706362
    outer loop
      vertex 101.222 74.6855 1.5
      vertex 101.415 76.1728 0
      vertex 101.418 76.1726 0
    endloop
  endfacet
  facet normal -0.0462956 -0.706349 -0.706349
    outer loop
      vertex 101 74.7 1.5
      vertex 101 76.2 0
      vertex 101.415 76.1728 0
    endloop
  endfacet
  facet normal 0.393157 -0.588622 -0.706365
    outer loop
      vertex 99.3976 75.7697 0
      vertex 100.15 74.4722 1.5
      vertex 99.9651 74.3487 1.5
    endloop
  endfacet
  facet normal 0.392632 -0.588948 -0.706385
    outer loop
      vertex 100.15 74.4722 1.5
      vertex 99.3976 75.7697 0
      vertex 99.4 75.7713 0
    endloop
  endfacet
  facet normal 0.694251 0.13815 -0.70635
    outer loop
      vertex 97.8279 72.5794 0
      vertex 99.3145 72.7781 1.5
      vertex 99.3579 72.56 1.5
    endloop
  endfacet
  facet normal 0.697117 0.120193 -0.706811
    outer loop
      vertex 99.3145 72.7781 1.5
      vertex 97.8279 72.5794 0
      vertex 97.8274 72.5823 0
    endloop
  endfacet
  facet normal 0.227533 0.670338 -0.706311
    outer loop
      vertex 99.7754 70.0436 0
      vertex 100.349 71.4294 1.5
      vertex 100.169 69.91 0
    endloop
  endfacet
  facet normal -0.706056 0.047728 -0.706546
    outer loop
      vertex 104.173 72.5852 0
      vertex 102.685 72.7781 1.5
      vertex 102.7 73 1.5
    endloop
  endfacet
  facet normal -0.709941 0 -0.704261
    outer loop
      vertex 102.685 72.7781 1.5
      vertex 104.173 72.5852 0
      vertex 104.173 72.5823 0
    endloop
  endfacet
  facet normal -0.532254 0.46668 -0.706339
    outer loop
      vertex 102.349 71.9651 1.5
      vertex 103.539 71.052 0
      vertex 103.265 70.7395 0
    endloop
  endfacet
  facet normal -0.588513 -0.393364 -0.706341
    outer loop
      vertex 102.349 74.0349 1.5
      vertex 103.539 74.948 0
      vertex 103.77 74.6024 0
    endloop
  endfacet
  facet normal -0.66699 0.238211 -0.705961
    outer loop
      vertex 104.09 72.169 0
      vertex 102.642 72.56 1.5
      vertex 104.091 72.1718 0
    endloop
  endfacet
  facet normal -0.670716 0.22612 -0.706406
    outer loop
      vertex 102.642 72.56 1.5
      vertex 104.09 72.169 0
      vertex 102.571 72.3494 1.5
    endloop
  endfacet
  facet normal -0.0462956 0.706349 -0.706349
    outer loop
      vertex 101 69.8 0
      vertex 101 71.3 1.5
      vertex 101.415 69.8272 0
    endloop
  endfacet
  facet normal -0.670251 0.228185 -0.706184
    outer loop
      vertex 102.571 72.3494 1.5
      vertex 104.09 72.169 0
      vertex 103.956 71.7754 0
    endloop
  endfacet
  facet normal -0.523476 0.475887 -0.706756
    outer loop
      vertex 102.202 71.7979 1.5
      vertex 103.265 70.7395 0
      vertex 103.263 70.7373 0
    endloop
  endfacet
  facet normal -0.531549 0.467331 -0.70644
    outer loop
      vertex 103.265 70.7395 0
      vertex 102.202 71.7979 1.5
      vertex 102.349 71.9651 1.5
    endloop
  endfacet
  facet normal 0.392632 0.588948 -0.706385
    outer loop
      vertex 99.3976 70.2303 0
      vertex 100.15 71.5278 1.5
      vertex 99.4 70.2287 0
    endloop
  endfacet
  facet normal 0.393157 0.588622 -0.706365
    outer loop
      vertex 100.15 71.5278 1.5
      vertex 99.3976 70.2303 0
      vertex 99.9651 71.6513 1.5
    endloop
  endfacet
  facet normal 0.694253 -0.138135 -0.706351
    outer loop
      vertex 97.8279 73.4206 0
      vertex 97.909 73.8282 0
      vertex 99.3579 73.44 1.5
    endloop
  endfacet
  facet normal -0.709941 0 -0.704261
    outer loop
      vertex 104.173 73.4148 0
      vertex 102.685 73.2219 1.5
      vertex 104.173 73.4177 0
    endloop
  endfacet
  facet normal -0.706056 -0.047728 -0.706546
    outer loop
      vertex 102.685 73.2219 1.5
      vertex 104.173 73.4148 0
      vertex 102.7 73 1.5
    endloop
  endfacet
  facet normal -0.675075 -0.232785 -0.700061
    outer loop
      vertex 102.685 73.2219 1.5
      vertex 104.172 73.4206 0
      vertex 104.173 73.4177 0
    endloop
  endfacet
  facet normal -0.694365 -0.136899 -0.706482
    outer loop
      vertex 104.172 73.4206 0
      vertex 102.685 73.2219 1.5
      vertex 102.642 73.44 1.5
    endloop
  endfacet
  facet normal 0.46668 -0.532254 -0.706339
    outer loop
      vertex 98.7395 75.2647 0
      vertex 99.052 75.5387 0
      vertex 99.9651 74.3487 1.5
    endloop
  endfacet
  facet normal 0.532256 -0.466679 -0.706339
    outer loop
      vertex 98.7353 75.2605 0
      vertex 99.7979 74.2021 1.5
      vertex 99.6513 74.0349 1.5
    endloop
  endfacet
  facet normal 0.523528 -0.475934 -0.706686
    outer loop
      vertex 99.7979 74.2021 1.5
      vertex 98.7353 75.2605 0
      vertex 98.7373 75.2627 0
    endloop
  endfacet
  facet normal -0.282071 0.650932 -0.704786
    outer loop
      vertex 102.597 70.2274 0
      vertex 101.85 71.5278 1.5
      vertex 102.6 70.2287 0
    endloop
  endfacet
  facet normal -0.313758 0.634531 -0.706347
    outer loop
      vertex 101.85 71.5278 1.5
      vertex 102.597 70.2274 0
      vertex 101.651 71.4294 1.5
    endloop
  endfacet
  facet normal -0.635555 -0.311981 -0.706214
    outer loop
      vertex 102.571 73.6506 1.5
      vertex 103.773 74.5974 0
      vertex 103.956 74.2246 0
    endloop
  endfacet
  facet normal -0.227319 0.670386 -0.706335
    outer loop
      vertex 101.651 71.4294 1.5
      vertex 102.225 70.0436 0
      vertex 101.831 69.91 0
    endloop
  endfacet
  facet normal -0.282071 -0.650932 -0.704786
    outer loop
      vertex 101.85 74.4722 1.5
      vertex 102.597 75.7726 0
      vertex 102.6 75.7713 0
    endloop
  endfacet
  facet normal -0.313758 -0.634531 -0.706347
    outer loop
      vertex 102.597 75.7726 0
      vertex 101.85 74.4722 1.5
      vertex 101.651 74.5706 1.5
    endloop
  endfacet
  facet normal -0.562922 0.433017 -0.703999
    outer loop
      vertex 102.472 72.15 1.5
      vertex 103.773 71.4026 0
      vertex 103.771 71.4 0
    endloop
  endfacet
  facet normal -0.633839 0.314694 -0.706552
    outer loop
      vertex 103.773 71.4026 0
      vertex 102.472 72.15 1.5
      vertex 102.571 72.3494 1.5
    endloop
  endfacet
  facet normal 0.223812 0.671437 -0.706456
    outer loop
      vertex 100.169 69.91 0
      vertex 100.56 71.3579 1.5
      vertex 100.172 69.909 0
    endloop
  endfacet
  facet normal 0.227179 0.670417 -0.70635
    outer loop
      vertex 100.56 71.3579 1.5
      vertex 100.169 69.91 0
      vertex 100.349 71.4294 1.5
    endloop
  endfacet
  facet normal 0.670298 -0.22757 -0.706337
    outer loop
      vertex 99.3579 73.44 1.5
      vertex 97.91 73.831 0
      vertex 99.4294 73.6506 1.5
    endloop
  endfacet
  facet normal 0.66701 -0.238218 -0.705938
    outer loop
      vertex 97.91 73.831 0
      vertex 99.3579 73.44 1.5
      vertex 97.909 73.8282 0
    endloop
  endfacet
  facet normal -0.635555 0.311981 -0.706214
    outer loop
      vertex 102.571 72.3494 1.5
      vertex 103.956 71.7754 0
      vertex 103.773 71.4026 0
    endloop
  endfacet
  facet normal 0.634759 -0.313241 -0.706372
    outer loop
      vertex 98.2274 74.5974 0
      vertex 99.5278 73.85 1.5
      vertex 99.4294 73.6506 1.5
    endloop
  endfacet
  facet normal 0.633012 -0.316506 -0.706484
    outer loop
      vertex 99.5278 73.85 1.5
      vertex 98.2274 74.5974 0
      vertex 98.2287 74.6 0
    endloop
  endfacet
  facet normal -0.0470856 0.706283 -0.706362
    outer loop
      vertex 101.415 69.8272 0
      vertex 101.222 71.3145 1.5
      vertex 101.418 69.8274 0
    endloop
  endfacet
  facet normal -0.0461372 0.706376 -0.706332
    outer loop
      vertex 101.222 71.3145 1.5
      vertex 101.415 69.8272 0
      vertex 101 71.3 1.5
    endloop
  endfacet
  facet normal -0.444244 0.555305 -0.703053
    outer loop
      vertex 101.85 71.5278 1.5
      vertex 102.602 70.2303 0
      vertex 102.6 70.2287 0
    endloop
  endfacet
  facet normal -0.393036 0.588759 -0.706318
    outer loop
      vertex 102.602 70.2303 0
      vertex 101.85 71.5278 1.5
      vertex 102.035 71.6513 1.5
    endloop
  endfacet
  facet normal -0.393063 -0.588744 -0.706315
    outer loop
      vertex 102.035 74.3487 1.5
      vertex 102.602 75.7697 0
      vertex 102.948 75.5387 0
    endloop
  endfacet
  facet normal -0.223812 0.671437 -0.706456
    outer loop
      vertex 101.44 71.3579 1.5
      vertex 101.831 69.91 0
      vertex 101.828 69.909 0
    endloop
  endfacet
  facet normal -0.227179 0.670417 -0.70635
    outer loop
      vertex 101.831 69.91 0
      vertex 101.44 71.3579 1.5
      vertex 101.651 71.4294 1.5
    endloop
  endfacet
  facet normal -0.313571 0.634649 -0.706324
    outer loop
      vertex 101.651 71.4294 1.5
      vertex 102.597 70.2274 0
      vertex 102.225 70.0436 0
    endloop
  endfacet
  facet normal 0.0462956 0.706349 -0.706349
    outer loop
      vertex 100.585 69.8272 0
      vertex 101 71.3 1.5
      vertex 101 69.8 0
    endloop
  endfacet
  facet normal 0.227533 -0.670338 -0.706311
    outer loop
      vertex 99.7754 75.9564 0
      vertex 100.169 76.09 0
      vertex 100.349 74.5706 1.5
    endloop
  endfacet
  facet normal -0.466257 -0.532622 -0.706342
    outer loop
      vertex 102.035 74.3487 1.5
      vertex 102.948 75.5387 0
      vertex 103.261 75.2647 0
    endloop
  endfacet
  facet normal 0.0461372 0.706376 -0.706332
    outer loop
      vertex 100.585 69.8272 0
      vertex 100.778 71.3145 1.5
      vertex 101 71.3 1.5
    endloop
  endfacet
  facet normal 0.0470856 0.706283 -0.706362
    outer loop
      vertex 100.778 71.3145 1.5
      vertex 100.585 69.8272 0
      vertex 100.582 69.8274 0
    endloop
  endfacet
  facet normal 0.116283 0.697698 -0.706892
    outer loop
      vertex 100.579 69.8279 0
      vertex 100.778 71.3145 1.5
      vertex 100.582 69.8274 0
    endloop
  endfacet
  facet normal 0.138209 0.694228 -0.706361
    outer loop
      vertex 100.778 71.3145 1.5
      vertex 100.579 69.8279 0
      vertex 100.56 71.3579 1.5
    endloop
  endfacet
  facet normal 0.634898 -0.313021 -0.706344
    outer loop
      vertex 98.0436 74.2246 0
      vertex 98.2274 74.5974 0
      vertex 99.4294 73.6506 1.5
    endloop
  endfacet
  facet normal -0.655431 0.273096 -0.704151
    outer loop
      vertex 103.77 71.3976 0
      vertex 102.472 72.15 1.5
      vertex 103.771 71.4 0
    endloop
  endfacet
  facet normal -0.58924 0.391977 -0.706505
    outer loop
      vertex 102.472 72.15 1.5
      vertex 103.77 71.3976 0
      vertex 102.349 71.9651 1.5
    endloop
  endfacet
  facet normal 0.31304 0.634936 -0.706302
    outer loop
      vertex 99.4026 70.2274 0
      vertex 100.349 71.4294 1.5
      vertex 99.7754 70.0436 0
    endloop
  endfacet
  facet normal 0.313739 -0.634493 -0.706389
    outer loop
      vertex 100.15 74.4722 1.5
      vertex 99.4026 75.7726 0
      vertex 100.349 74.5706 1.5
    endloop
  endfacet
  facet normal 0.316506 -0.633012 -0.706484
    outer loop
      vertex 99.4026 75.7726 0
      vertex 100.15 74.4722 1.5
      vertex 99.4 75.7713 0
    endloop
  endfacet
  facet normal 0.227179 -0.670417 -0.70635
    outer loop
      vertex 100.169 76.09 0
      vertex 100.56 74.6421 1.5
      vertex 100.349 74.5706 1.5
    endloop
  endfacet
  facet normal 0.223812 -0.671437 -0.706456
    outer loop
      vertex 100.56 74.6421 1.5
      vertex 100.169 76.09 0
      vertex 100.172 76.091 0
    endloop
  endfacet
  facet normal 0.138332 -0.694216 -0.706348
    outer loop
      vertex 100.172 76.091 0
      vertex 100.579 76.1721 0
      vertex 100.56 74.6421 1.5
    endloop
  endfacet
  facet normal 0.588513 -0.393364 -0.706341
    outer loop
      vertex 98.2303 74.6024 0
      vertex 98.4613 74.948 0
      vertex 99.6513 74.0349 1.5
    endloop
  endfacet
  facet normal -0.227179 -0.670417 -0.70635
    outer loop
      vertex 101.44 74.6421 1.5
      vertex 101.831 76.09 0
      vertex 101.651 74.5706 1.5
    endloop
  endfacet
  facet normal -0.223812 -0.671437 -0.706456
    outer loop
      vertex 101.831 76.09 0
      vertex 101.44 74.6421 1.5
      vertex 101.828 76.091 0
    endloop
  endfacet
  facet normal -0.138332 -0.694216 -0.706348
    outer loop
      vertex 101.421 76.1721 0
      vertex 101.828 76.091 0
      vertex 101.44 74.6421 1.5
    endloop
  endfacet
  facet normal 0.466679 -0.532256 -0.706339
    outer loop
      vertex 99.7979 74.2021 1.5
      vertex 98.7395 75.2647 0
      vertex 99.9651 74.3487 1.5
    endloop
  endfacet
  facet normal 0.475934 -0.523528 -0.706686
    outer loop
      vertex 98.7395 75.2647 0
      vertex 99.7979 74.2021 1.5
      vertex 98.7373 75.2627 0
    endloop
  endfacet
  facet normal 0.116283 -0.697698 -0.706892
    outer loop
      vertex 100.778 74.6855 1.5
      vertex 100.579 76.1721 0
      vertex 100.582 76.1726 0
    endloop
  endfacet
  facet normal 0.138209 -0.694228 -0.706361
    outer loop
      vertex 100.579 76.1721 0
      vertex 100.778 74.6855 1.5
      vertex 100.56 74.6421 1.5
    endloop
  endfacet
  facet normal 0.0470856 -0.706283 -0.706362
    outer loop
      vertex 100.585 76.1728 0
      vertex 100.778 74.6855 1.5
      vertex 100.582 76.1726 0
    endloop
  endfacet
  facet normal 0.0461372 -0.706376 -0.706332
    outer loop
      vertex 100.778 74.6855 1.5
      vertex 100.585 76.1728 0
      vertex 101 74.7 1.5
    endloop
  endfacet
  facet normal 0.313739 0.634493 -0.706389
    outer loop
      vertex 99.4026 70.2274 0
      vertex 100.15 71.5278 1.5
      vertex 100.349 71.4294 1.5
    endloop
  endfacet
  facet normal 0.316506 0.633012 -0.706484
    outer loop
      vertex 100.15 71.5278 1.5
      vertex 99.4026 70.2274 0
      vertex 99.4 70.2287 0
    endloop
  endfacet
  facet normal 0.31304 -0.634936 -0.706302
    outer loop
      vertex 99.4026 75.7726 0
      vertex 99.7754 75.9564 0
      vertex 100.349 74.5706 1.5
    endloop
  endfacet
  facet normal 0.588622 -0.393157 -0.706365
    outer loop
      vertex 99.5278 73.85 1.5
      vertex 98.2303 74.6024 0
      vertex 99.6513 74.0349 1.5
    endloop
  endfacet
  facet normal 0.588948 -0.392632 -0.706385
    outer loop
      vertex 98.2303 74.6024 0
      vertex 99.5278 73.85 1.5
      vertex 98.2287 74.6 0
    endloop
  endfacet
  facet normal -0.138209 -0.694228 -0.706361
    outer loop
      vertex 101.222 74.6855 1.5
      vertex 101.421 76.1721 0
      vertex 101.44 74.6421 1.5
    endloop
  endfacet
  facet normal -0.116283 -0.697698 -0.706892
    outer loop
      vertex 101.421 76.1721 0
      vertex 101.222 74.6855 1.5
      vertex 101.418 76.1726 0
    endloop
  endfacet
  facet normal -0.227319 -0.670386 -0.706335
    outer loop
      vertex 101.651 74.5706 1.5
      vertex 101.831 76.09 0
      vertex 102.225 75.9564 0
    endloop
  endfacet
  facet normal -0.980779 0.195122 0
    outer loop
      vertex 8.64207 6.56001 1.5
      vertex 8.68546 6.77811 3
      vertex 8.68546 6.77811 1.5
    endloop
  endfacet
  facet normal -0.980779 0.195122 0
    outer loop
      vertex 8.68546 6.77811 3
      vertex 8.64207 6.56001 1.5
      vertex 8.64207 6.56001 3
    endloop
  endfacet
  facet normal -0.99786 0.0653877 0
    outer loop
      vertex 8.68546 6.77811 1.5
      vertex 8.7 7 3
      vertex 8.7 7 1.5
    endloop
  endfacet
  facet normal -0.99786 0.0653877 0
    outer loop
      vertex 8.7 7 3
      vertex 8.68546 6.77811 1.5
      vertex 8.68546 6.77811 3
    endloop
  endfacet
  facet normal -0.0653877 -0.99786 0
    outer loop
      vertex 7 8.7 1.5
      vertex 7.22189 8.68546 3
      vertex 7 8.7 3
    endloop
  endfacet
  facet normal -0.0653877 -0.99786 -0
    outer loop
      vertex 7.22189 8.68546 3
      vertex 7 8.7 1.5
      vertex 7.22189 8.68546 1.5
    endloop
  endfacet
  facet normal 0.659342 0.751844 -0
    outer loop
      vertex 5.96511 5.6513 1.5
      vertex 5.79792 5.79792 3
      vertex 5.96511 5.6513 3
    endloop
  endfacet
  facet normal 0.659342 0.751844 0
    outer loop
      vertex 5.79792 5.79792 3
      vertex 5.96511 5.6513 1.5
      vertex 5.79792 5.79792 1.5
    endloop
  endfacet
  facet normal 0.831469 -0.555572 0
    outer loop
      vertex 5.52776 7.85 3
      vertex 5.6513 8.03489 1.5
      vertex 5.6513 8.03489 3
    endloop
  endfacet
  facet normal 0.831469 -0.555572 0
    outer loop
      vertex 5.6513 8.03489 1.5
      vertex 5.52776 7.85 3
      vertex 5.52776 7.85 1.5
    endloop
  endfacet
  facet normal 0.195122 -0.980779 0
    outer loop
      vertex 6.56001 8.64207 1.5
      vertex 6.77811 8.68546 3
      vertex 6.56001 8.64207 3
    endloop
  endfacet
  facet normal 0.195122 -0.980779 0
    outer loop
      vertex 6.77811 8.68546 3
      vertex 6.56001 8.64207 1.5
      vertex 6.77811 8.68546 1.5
    endloop
  endfacet
  facet normal -0.659342 0.751844 0
    outer loop
      vertex 8.20208 5.79792 1.5
      vertex 8.03489 5.6513 3
      vertex 8.20208 5.79792 3
    endloop
  endfacet
  facet normal -0.659342 0.751844 0
    outer loop
      vertex 8.03489 5.6513 3
      vertex 8.20208 5.79792 1.5
      vertex 8.03489 5.6513 1.5
    endloop
  endfacet
  facet normal -0.946929 -0.321444 0
    outer loop
      vertex 8.64207 7.43999 1.5
      vertex 8.57059 7.65056 3
      vertex 8.57059 7.65056 1.5
    endloop
  endfacet
  facet normal -0.946929 -0.321444 0
    outer loop
      vertex 8.57059 7.65056 3
      vertex 8.64207 7.43999 1.5
      vertex 8.64207 7.43999 3
    endloop
  endfacet
  facet normal -0.751844 -0.659342 0
    outer loop
      vertex 8.3487 8.03489 1.5
      vertex 8.20208 8.20208 3
      vertex 8.20208 8.20208 1.5
    endloop
  endfacet
  facet normal -0.751844 -0.659342 0
    outer loop
      vertex 8.20208 8.20208 3
      vertex 8.3487 8.03489 1.5
      vertex 8.3487 8.03489 3
    endloop
  endfacet
  facet normal -0.751844 0.659342 0
    outer loop
      vertex 8.20208 5.79792 1.5
      vertex 8.3487 5.96511 3
      vertex 8.3487 5.96511 1.5
    endloop
  endfacet
  facet normal -0.751844 0.659342 0
    outer loop
      vertex 8.3487 5.96511 3
      vertex 8.20208 5.79792 1.5
      vertex 8.20208 5.79792 3
    endloop
  endfacet
  facet normal 0.946929 -0.321444 0
    outer loop
      vertex 5.35793 7.43999 3
      vertex 5.42941 7.65056 1.5
      vertex 5.42941 7.65056 3
    endloop
  endfacet
  facet normal 0.946929 -0.321444 0
    outer loop
      vertex 5.42941 7.65056 1.5
      vertex 5.35793 7.43999 3
      vertex 5.35793 7.43999 1.5
    endloop
  endfacet
  facet normal -0.321444 -0.946929 0
    outer loop
      vertex 7.43999 8.64207 1.5
      vertex 7.65056 8.57059 3
      vertex 7.43999 8.64207 3
    endloop
  endfacet
  facet normal -0.321444 -0.946929 -0
    outer loop
      vertex 7.65056 8.57059 3
      vertex 7.43999 8.64207 1.5
      vertex 7.65056 8.57059 1.5
    endloop
  endfacet
  facet normal 0.0653877 -0.99786 0
    outer loop
      vertex 6.77811 8.68546 1.5
      vertex 7 8.7 3
      vertex 6.77811 8.68546 3
    endloop
  endfacet
  facet normal 0.0653877 -0.99786 0
    outer loop
      vertex 7 8.7 3
      vertex 6.77811 8.68546 1.5
      vertex 7 8.7 1.5
    endloop
  endfacet
  facet normal 0.321444 0.946929 -0
    outer loop
      vertex 6.56001 5.35793 1.5
      vertex 6.34944 5.42941 3
      vertex 6.56001 5.35793 3
    endloop
  endfacet
  facet normal 0.321444 0.946929 0
    outer loop
      vertex 6.34944 5.42941 3
      vertex 6.56001 5.35793 1.5
      vertex 6.34944 5.42941 1.5
    endloop
  endfacet
  facet normal 0.751844 0.659342 0
    outer loop
      vertex 5.79792 5.79792 3
      vertex 5.6513 5.96511 1.5
      vertex 5.6513 5.96511 3
    endloop
  endfacet
  facet normal 0.751844 0.659342 0
    outer loop
      vertex 5.6513 5.96511 1.5
      vertex 5.79792 5.79792 3
      vertex 5.79792 5.79792 1.5
    endloop
  endfacet
  facet normal 0.442278 -0.896878 0
    outer loop
      vertex 6.15 8.47224 1.5
      vertex 6.34944 8.57059 3
      vertex 6.15 8.47224 3
    endloop
  endfacet
  facet normal 0.442278 -0.896878 0
    outer loop
      vertex 6.34944 8.57059 3
      vertex 6.15 8.47224 1.5
      vertex 6.34944 8.57059 1.5
    endloop
  endfacet
  facet normal 0.0653877 0.99786 -0
    outer loop
      vertex 7 5.3 1.5
      vertex 6.77811 5.31454 3
      vertex 7 5.3 3
    endloop
  endfacet
  facet normal 0.0653877 0.99786 0
    outer loop
      vertex 6.77811 5.31454 3
      vertex 7 5.3 1.5
      vertex 6.77811 5.31454 1.5
    endloop
  endfacet
  facet normal -0.896878 -0.442278 0
    outer loop
      vertex 8.57059 7.65056 1.5
      vertex 8.47224 7.85 3
      vertex 8.47224 7.85 1.5
    endloop
  endfacet
  facet normal -0.896878 -0.442278 0
    outer loop
      vertex 8.47224 7.85 3
      vertex 8.57059 7.65056 1.5
      vertex 8.57059 7.65056 3
    endloop
  endfacet
  facet normal -0.555572 -0.831469 0
    outer loop
      vertex 7.85 8.47224 1.5
      vertex 8.03489 8.3487 3
      vertex 7.85 8.47224 3
    endloop
  endfacet
  facet normal -0.555572 -0.831469 -0
    outer loop
      vertex 8.03489 8.3487 3
      vertex 7.85 8.47224 1.5
      vertex 8.03489 8.3487 1.5
    endloop
  endfacet
  facet normal 0.980779 -0.195122 0
    outer loop
      vertex 5.31454 7.22189 3
      vertex 5.35793 7.43999 1.5
      vertex 5.35793 7.43999 3
    endloop
  endfacet
  facet normal 0.980779 -0.195122 0
    outer loop
      vertex 5.35793 7.43999 1.5
      vertex 5.31454 7.22189 3
      vertex 5.31454 7.22189 1.5
    endloop
  endfacet
  facet normal 0.751844 -0.659342 0
    outer loop
      vertex 5.6513 8.03489 3
      vertex 5.79792 8.20208 1.5
      vertex 5.79792 8.20208 3
    endloop
  endfacet
  facet normal 0.751844 -0.659342 0
    outer loop
      vertex 5.79792 8.20208 1.5
      vertex 5.6513 8.03489 3
      vertex 5.6513 8.03489 1.5
    endloop
  endfacet
  facet normal -0.195122 0.980779 0
    outer loop
      vertex 7.43999 5.35793 1.5
      vertex 7.22189 5.31454 3
      vertex 7.43999 5.35793 3
    endloop
  endfacet
  facet normal -0.195122 0.980779 0
    outer loop
      vertex 7.22189 5.31454 3
      vertex 7.43999 5.35793 1.5
      vertex 7.22189 5.31454 1.5
    endloop
  endfacet
  facet normal -0.831469 0.555572 0
    outer loop
      vertex 8.3487 5.96511 1.5
      vertex 8.47224 6.15 3
      vertex 8.47224 6.15 1.5
    endloop
  endfacet
  facet normal -0.831469 0.555572 0
    outer loop
      vertex 8.47224 6.15 3
      vertex 8.3487 5.96511 1.5
      vertex 8.3487 5.96511 3
    endloop
  endfacet
  facet normal -0.99786 -0.0653877 0
    outer loop
      vertex 8.7 7 1.5
      vertex 8.68546 7.22189 3
      vertex 8.68546 7.22189 1.5
    endloop
  endfacet
  facet normal -0.99786 -0.0653877 0
    outer loop
      vertex 8.68546 7.22189 3
      vertex 8.7 7 1.5
      vertex 8.7 7 3
    endloop
  endfacet
  facet normal -0.321444 0.946929 0
    outer loop
      vertex 7.65056 5.42941 1.5
      vertex 7.43999 5.35793 3
      vertex 7.65056 5.42941 3
    endloop
  endfacet
  facet normal -0.321444 0.946929 0
    outer loop
      vertex 7.43999 5.35793 3
      vertex 7.65056 5.42941 1.5
      vertex 7.43999 5.35793 1.5
    endloop
  endfacet
  facet normal -0.555572 0.831469 0
    outer loop
      vertex 8.03489 5.6513 1.5
      vertex 7.85 5.52776 3
      vertex 8.03489 5.6513 3
    endloop
  endfacet
  facet normal -0.555572 0.831469 0
    outer loop
      vertex 7.85 5.52776 3
      vertex 8.03489 5.6513 1.5
      vertex 7.85 5.52776 1.5
    endloop
  endfacet
  facet normal 0.195122 0.980779 -0
    outer loop
      vertex 6.77811 5.31454 1.5
      vertex 6.56001 5.35793 3
      vertex 6.77811 5.31454 3
    endloop
  endfacet
  facet normal 0.195122 0.980779 0
    outer loop
      vertex 6.56001 5.35793 3
      vertex 6.77811 5.31454 1.5
      vertex 6.56001 5.35793 1.5
    endloop
  endfacet
  facet normal -0.659342 -0.751844 0
    outer loop
      vertex 8.03489 8.3487 1.5
      vertex 8.20208 8.20208 3
      vertex 8.03489 8.3487 3
    endloop
  endfacet
  facet normal -0.659342 -0.751844 -0
    outer loop
      vertex 8.20208 8.20208 3
      vertex 8.03489 8.3487 1.5
      vertex 8.20208 8.20208 1.5
    endloop
  endfacet
  facet normal 0.896878 0.442278 0
    outer loop
      vertex 5.52776 6.15 3
      vertex 5.42941 6.34944 1.5
      vertex 5.42941 6.34944 3
    endloop
  endfacet
  facet normal 0.896878 0.442278 0
    outer loop
      vertex 5.42941 6.34944 1.5
      vertex 5.52776 6.15 3
      vertex 5.52776 6.15 1.5
    endloop
  endfacet
  facet normal -0.980779 -0.195122 0
    outer loop
      vertex 8.68546 7.22189 1.5
      vertex 8.64207 7.43999 3
      vertex 8.64207 7.43999 1.5
    endloop
  endfacet
  facet normal -0.980779 -0.195122 0
    outer loop
      vertex 8.64207 7.43999 3
      vertex 8.68546 7.22189 1.5
      vertex 8.68546 7.22189 3
    endloop
  endfacet
  facet normal -0.195122 -0.980779 0
    outer loop
      vertex 7.22189 8.68546 1.5
      vertex 7.43999 8.64207 3
      vertex 7.22189 8.68546 3
    endloop
  endfacet
  facet normal -0.195122 -0.980779 -0
    outer loop
      vertex 7.43999 8.64207 3
      vertex 7.22189 8.68546 1.5
      vertex 7.43999 8.64207 1.5
    endloop
  endfacet
  facet normal 0.659342 -0.751844 0
    outer loop
      vertex 5.79792 8.20208 1.5
      vertex 5.96511 8.3487 3
      vertex 5.79792 8.20208 3
    endloop
  endfacet
  facet normal 0.659342 -0.751844 0
    outer loop
      vertex 5.96511 8.3487 3
      vertex 5.79792 8.20208 1.5
      vertex 5.96511 8.3487 1.5
    endloop
  endfacet
  facet normal -0.0653877 0.99786 0
    outer loop
      vertex 7.22189 5.31454 1.5
      vertex 7 5.3 3
      vertex 7.22189 5.31454 3
    endloop
  endfacet
  facet normal -0.0653877 0.99786 0
    outer loop
      vertex 7 5.3 3
      vertex 7.22189 5.31454 1.5
      vertex 7 5.3 1.5
    endloop
  endfacet
  facet normal -0.442278 0.896878 0
    outer loop
      vertex 7.85 5.52776 1.5
      vertex 7.65056 5.42941 3
      vertex 7.85 5.52776 3
    endloop
  endfacet
  facet normal -0.442278 0.896878 0
    outer loop
      vertex 7.65056 5.42941 3
      vertex 7.85 5.52776 1.5
      vertex 7.65056 5.42941 1.5
    endloop
  endfacet
  facet normal -0.831469 -0.555572 0
    outer loop
      vertex 8.47224 7.85 1.5
      vertex 8.3487 8.03489 3
      vertex 8.3487 8.03489 1.5
    endloop
  endfacet
  facet normal -0.831469 -0.555572 0
    outer loop
      vertex 8.3487 8.03489 3
      vertex 8.47224 7.85 1.5
      vertex 8.47224 7.85 3
    endloop
  endfacet
  facet normal 0.99786 -0.0653877 0
    outer loop
      vertex 5.3 7 3
      vertex 5.31454 7.22189 1.5
      vertex 5.31454 7.22189 3
    endloop
  endfacet
  facet normal 0.99786 -0.0653877 0
    outer loop
      vertex 5.31454 7.22189 1.5
      vertex 5.3 7 3
      vertex 5.3 7 1.5
    endloop
  endfacet
  facet normal -0.442278 -0.896878 0
    outer loop
      vertex 7.65056 8.57059 1.5
      vertex 7.85 8.47224 3
      vertex 7.65056 8.57059 3
    endloop
  endfacet
  facet normal -0.442278 -0.896878 -0
    outer loop
      vertex 7.85 8.47224 3
      vertex 7.65056 8.57059 1.5
      vertex 7.85 8.47224 1.5
    endloop
  endfacet
  facet normal 0.980779 0.195122 0
    outer loop
      vertex 5.35793 6.56001 3
      vertex 5.31454 6.77811 1.5
      vertex 5.31454 6.77811 3
    endloop
  endfacet
  facet normal 0.980779 0.195122 0
    outer loop
      vertex 5.31454 6.77811 1.5
      vertex 5.35793 6.56001 3
      vertex 5.35793 6.56001 1.5
    endloop
  endfacet
  facet normal 0.896878 -0.442278 0
    outer loop
      vertex 5.42941 7.65056 3
      vertex 5.52776 7.85 1.5
      vertex 5.52776 7.85 3
    endloop
  endfacet
  facet normal 0.896878 -0.442278 0
    outer loop
      vertex 5.52776 7.85 1.5
      vertex 5.42941 7.65056 3
      vertex 5.42941 7.65056 1.5
    endloop
  endfacet
  facet normal 0.946929 0.321444 0
    outer loop
      vertex 5.42941 6.34944 3
      vertex 5.35793 6.56001 1.5
      vertex 5.35793 6.56001 3
    endloop
  endfacet
  facet normal 0.946929 0.321444 0
    outer loop
      vertex 5.35793 6.56001 1.5
      vertex 5.42941 6.34944 3
      vertex 5.42941 6.34944 1.5
    endloop
  endfacet
  facet normal -0.896878 0.442278 0
    outer loop
      vertex 8.47224 6.15 1.5
      vertex 8.57059 6.34944 3
      vertex 8.57059 6.34944 1.5
    endloop
  endfacet
  facet normal -0.896878 0.442278 0
    outer loop
      vertex 8.57059 6.34944 3
      vertex 8.47224 6.15 1.5
      vertex 8.47224 6.15 3
    endloop
  endfacet
  facet normal -0.946929 0.321444 0
    outer loop
      vertex 8.57059 6.34944 1.5
      vertex 8.64207 6.56001 3
      vertex 8.64207 6.56001 1.5
    endloop
  endfacet
  facet normal -0.946929 0.321444 0
    outer loop
      vertex 8.64207 6.56001 3
      vertex 8.57059 6.34944 1.5
      vertex 8.57059 6.34944 3
    endloop
  endfacet
  facet normal 0.99786 0.0653877 0
    outer loop
      vertex 5.31454 6.77811 3
      vertex 5.3 7 1.5
      vertex 5.3 7 3
    endloop
  endfacet
  facet normal 0.99786 0.0653877 0
    outer loop
      vertex 5.3 7 1.5
      vertex 5.31454 6.77811 3
      vertex 5.31454 6.77811 1.5
    endloop
  endfacet
  facet normal 0.321444 -0.946929 0
    outer loop
      vertex 6.34944 8.57059 1.5
      vertex 6.56001 8.64207 3
      vertex 6.34944 8.57059 3
    endloop
  endfacet
  facet normal 0.321444 -0.946929 0
    outer loop
      vertex 6.56001 8.64207 3
      vertex 6.34944 8.57059 1.5
      vertex 6.56001 8.64207 1.5
    endloop
  endfacet
  facet normal 0.442278 0.896878 -0
    outer loop
      vertex 6.34944 5.42941 1.5
      vertex 6.15 5.52776 3
      vertex 6.34944 5.42941 3
    endloop
  endfacet
  facet normal 0.442278 0.896878 0
    outer loop
      vertex 6.15 5.52776 3
      vertex 6.34944 5.42941 1.5
      vertex 6.15 5.52776 1.5
    endloop
  endfacet
  facet normal 0.555572 0.831469 -0
    outer loop
      vertex 6.15 5.52776 1.5
      vertex 5.96511 5.6513 3
      vertex 6.15 5.52776 3
    endloop
  endfacet
  facet normal 0.555572 0.831469 0
    outer loop
      vertex 5.96511 5.6513 3
      vertex 6.15 5.52776 1.5
      vertex 5.96511 5.6513 1.5
    endloop
  endfacet
  facet normal 0.831469 0.555572 0
    outer loop
      vertex 5.6513 5.96511 3
      vertex 5.52776 6.15 1.5
      vertex 5.52776 6.15 3
    endloop
  endfacet
  facet normal 0.831469 0.555572 0
    outer loop
      vertex 5.52776 6.15 1.5
      vertex 5.6513 5.96511 3
      vertex 5.6513 5.96511 1.5
    endloop
  endfacet
  facet normal 0.555572 -0.831469 0
    outer loop
      vertex 5.96511 8.3487 1.5
      vertex 6.15 8.47224 3
      vertex 5.96511 8.3487 3
    endloop
  endfacet
  facet normal 0.555572 -0.831469 0
    outer loop
      vertex 6.15 8.47224 3
      vertex 5.96511 8.3487 1.5
      vertex 6.15 8.47224 1.5
    endloop
  endfacet
  facet normal -0.706348 0.0463224 -0.706348
    outer loop
      vertex 8.7 7 1.5
      vertex 10.2 7 0
      vertex 10.1728 6.58524 0
    endloop
  endfacet
  facet normal 0.532196 0.466731 -0.70635
    outer loop
      vertex 4.46127 5.05196 0
      vertex 5.6513 5.96511 1.5
      vertex 4.73533 4.73946 0
    endloop
  endfacet
  facet normal -0.314604 -0.634048 -0.706405
    outer loop
      vertex 7.85 8.47224 1.5
      vertex 8.59738 9.77258 0
      vertex 8.6 9.77128 0
    endloop
  endfacet
  facet normal -0.313072 -0.634866 -0.70635
    outer loop
      vertex 8.59738 9.77258 0
      vertex 7.85 8.47224 1.5
      vertex 7.65056 8.57059 1.5
    endloop
  endfacet
  facet normal 0.393269 -0.588566 -0.70635
    outer loop
      vertex 5.05196 9.53873 0
      vertex 5.39757 9.76966 0
      vertex 5.96511 8.3487 1.5
    endloop
  endfacet
  facet normal -0.137892 0.694298 -0.706354
    outer loop
      vertex 7.22189 5.31454 1.5
      vertex 7.42055 3.82795 0
      vertex 7.41768 3.82738 0
    endloop
  endfacet
  facet normal -0.13812 0.69426 -0.706346
    outer loop
      vertex 7.42055 3.82795 0
      vertex 7.22189 5.31454 1.5
      vertex 7.43999 5.35793 1.5
    endloop
  endfacet
  facet normal 0.670296 -0.227539 -0.706349
    outer loop
      vertex 5.35793 7.43999 1.5
      vertex 3.90998 7.83099 0
      vertex 5.42941 7.65056 1.5
    endloop
  endfacet
  facet normal 0.670317 -0.227472 -0.706351
    outer loop
      vertex 3.90998 7.83099 0
      vertex 5.35793 7.43999 1.5
      vertex 3.90904 7.82822 0
    endloop
  endfacet
  facet normal -0.63487 0.313067 -0.70635
    outer loop
      vertex 8.57059 6.34944 1.5
      vertex 9.95641 5.77541 0
      vertex 9.77258 5.40262 0
    endloop
  endfacet
  facet normal 0.634863 -0.31308 -0.706349
    outer loop
      vertex 4.04359 8.22459 0
      vertex 4.22743 8.59738 0
      vertex 5.42941 7.65056 1.5
    endloop
  endfacet
  facet normal -0.138118 -0.694249 -0.706358
    outer loop
      vertex 7.22189 8.68546 1.5
      vertex 7.42055 10.1721 0
      vertex 7.43999 8.64207 1.5
    endloop
  endfacet
  facet normal -0.121415 -0.696922 -0.706795
    outer loop
      vertex 7.42055 10.1721 0
      vertex 7.22189 8.68546 1.5
      vertex 7.41768 10.1726 0
    endloop
  endfacet
  facet normal -0.706348 -0.0463224 -0.706348
    outer loop
      vertex 8.7 7 1.5
      vertex 10.1728 7.41476 0
      vertex 10.2 7 0
    endloop
  endfacet
  facet normal -0.666276 -0.240533 -0.705847
    outer loop
      vertex 8.64207 7.43999 1.5
      vertex 10.09 7.83099 0
      vertex 10.091 7.82822 0
    endloop
  endfacet
  facet normal -0.670301 -0.22754 -0.706344
    outer loop
      vertex 10.09 7.83099 0
      vertex 8.64207 7.43999 1.5
      vertex 8.57059 7.65056 1.5
    endloop
  endfacet
  facet normal 0.0463224 -0.706348 -0.706348
    outer loop
      vertex 6.58524 10.1728 0
      vertex 7 10.2 0
      vertex 7 8.7 1.5
    endloop
  endfacet
  facet normal 0.532203 -0.466724 -0.706349
    outer loop
      vertex 4.73533 9.26054 0
      vertex 5.79792 8.20208 1.5
      vertex 5.6513 8.03489 1.5
    endloop
  endfacet
  facet normal 0.532119 -0.466814 -0.706352
    outer loop
      vertex 5.79792 8.20208 1.5
      vertex 4.73533 9.26054 0
      vertex 4.73726 9.26274 0
    endloop
  endfacet
  facet normal 0.588566 -0.393269 -0.70635
    outer loop
      vertex 4.23034 8.60243 0
      vertex 4.46127 8.94804 0
      vertex 5.6513 8.03489 1.5
    endloop
  endfacet
  facet normal 0.670297 -0.227537 -0.706349
    outer loop
      vertex 3.90998 7.83099 0
      vertex 4.04359 8.22459 0
      vertex 5.42941 7.65056 1.5
    endloop
  endfacet
  facet normal 0.706349 -0.0462856 -0.706349
    outer loop
      vertex 3.82718 7.41476 0
      vertex 5.31454 7.22189 1.5
      vertex 5.3 7 1.5
    endloop
  endfacet
  facet normal 0.706145 -0.0483661 -0.706413
    outer loop
      vertex 5.31454 7.22189 1.5
      vertex 3.82718 7.41476 0
      vertex 3.82738 7.41768 0
    endloop
  endfacet
  facet normal -0.466731 -0.532196 -0.70635
    outer loop
      vertex 8.03489 8.3487 1.5
      vertex 8.94804 9.53873 0
      vertex 9.26054 9.26467 0
    endloop
  endfacet
  facet normal -0.313067 -0.63487 -0.70635
    outer loop
      vertex 7.65056 8.57059 1.5
      vertex 8.22459 9.95641 0
      vertex 8.59738 9.77258 0
    endloop
  endfacet
  facet normal -0.666276 0.240533 -0.705847
    outer loop
      vertex 10.09 6.16901 0
      vertex 8.64207 6.56001 1.5
      vertex 10.091 6.17178 0
    endloop
  endfacet
  facet normal -0.670301 0.22754 -0.706344
    outer loop
      vertex 8.64207 6.56001 1.5
      vertex 10.09 6.16901 0
      vertex 8.57059 6.34944 1.5
    endloop
  endfacet
  facet normal 0.694263 0.138096 -0.706349
    outer loop
      vertex 3.82795 6.57945 0
      vertex 5.35793 6.56001 1.5
      vertex 3.90904 6.17178 0
    endloop
  endfacet
  facet normal -0.0462884 0.706349 -0.706349
    outer loop
      vertex 7 3.8 0
      vertex 7 5.3 1.5
      vertex 7.41476 3.82718 0
    endloop
  endfacet
  facet normal 0.227537 0.670297 -0.706349
    outer loop
      vertex 5.77541 4.04359 0
      vertex 6.34944 5.42941 1.5
      vertex 6.16901 3.90998 0
    endloop
  endfacet
  facet normal -0.393269 -0.588566 -0.70635
    outer loop
      vertex 8.03489 8.3487 1.5
      vertex 8.60243 9.76966 0
      vertex 8.94804 9.53873 0
    endloop
  endfacet
  facet normal -0.393269 0.588566 -0.70635
    outer loop
      vertex 8.03489 5.6513 1.5
      vertex 8.94804 4.46127 0
      vertex 8.60243 4.23034 0
    endloop
  endfacet
  facet normal 0.466724 0.532203 -0.706349
    outer loop
      vertex 4.73946 4.73533 0
      vertex 5.79792 5.79792 1.5
      vertex 5.96511 5.6513 1.5
    endloop
  endfacet
  facet normal 0.466814 0.532119 -0.706352
    outer loop
      vertex 5.79792 5.79792 1.5
      vertex 4.73946 4.73533 0
      vertex 4.73726 4.73726 0
    endloop
  endfacet
  facet normal -0.227537 0.670297 -0.706349
    outer loop
      vertex 7.65056 5.42941 1.5
      vertex 8.22459 4.04359 0
      vertex 7.83099 3.90998 0
    endloop
  endfacet
  facet normal 0.121415 -0.696922 -0.706795
    outer loop
      vertex 6.77811 8.68546 1.5
      vertex 6.57945 10.1721 0
      vertex 6.58232 10.1726 0
    endloop
  endfacet
  facet normal 0.138118 -0.694249 -0.706358
    outer loop
      vertex 6.57945 10.1721 0
      vertex 6.77811 8.68546 1.5
      vertex 6.56001 8.64207 1.5
    endloop
  endfacet
  facet normal 0.706349 0.0462884 -0.706349
    outer loop
      vertex 3.8 7 0
      vertex 5.3 7 1.5
      vertex 3.82718 6.58524 0
    endloop
  endfacet
  facet normal 0.706145 0.0483661 -0.706413
    outer loop
      vertex 3.82718 6.58524 0
      vertex 5.31454 6.77811 1.5
      vertex 3.82738 6.58232 0
    endloop
  endfacet
  facet normal 0.706349 0.0462856 -0.706349
    outer loop
      vertex 5.31454 6.77811 1.5
      vertex 3.82718 6.58524 0
      vertex 5.3 7 1.5
    endloop
  endfacet
  facet normal -0.634048 0.314604 -0.706405
    outer loop
      vertex 8.47224 6.15 1.5
      vertex 9.77258 5.40262 0
      vertex 9.77128 5.4 0
    endloop
  endfacet
  facet normal -0.634866 0.313072 -0.70635
    outer loop
      vertex 9.77258 5.40262 0
      vertex 8.47224 6.15 1.5
      vertex 8.57059 6.34944 1.5
    endloop
  endfacet
  facet normal -0.0463224 -0.706348 -0.706348
    outer loop
      vertex 7 8.7 1.5
      vertex 7 10.2 0
      vertex 7.41476 10.1728 0
    endloop
  endfacet
  facet normal -0.634866 -0.313072 -0.70635
    outer loop
      vertex 8.47224 7.85 1.5
      vertex 9.77258 8.59738 0
      vertex 8.57059 7.65056 1.5
    endloop
  endfacet
  facet normal -0.634048 -0.314604 -0.706405
    outer loop
      vertex 9.77258 8.59738 0
      vertex 8.47224 7.85 1.5
      vertex 9.77128 8.6 0
    endloop
  endfacet
  facet normal -0.588566 -0.393269 -0.70635
    outer loop
      vertex 8.3487 8.03489 1.5
      vertex 9.53873 8.94804 0
      vertex 9.76966 8.60243 0
    endloop
  endfacet
  facet normal 0.393269 0.588566 -0.70635
    outer loop
      vertex 5.05196 4.46127 0
      vertex 5.96511 5.6513 1.5
      vertex 5.39757 4.23034 0
    endloop
  endfacet
  facet normal -0.532203 -0.466724 -0.706349
    outer loop
      vertex 8.20208 8.20208 1.5
      vertex 9.26467 9.26054 0
      vertex 8.3487 8.03489 1.5
    endloop
  endfacet
  facet normal -0.532119 -0.466814 -0.706352
    outer loop
      vertex 9.26467 9.26054 0
      vertex 8.20208 8.20208 1.5
      vertex 9.26274 9.26274 0
    endloop
  endfacet
  facet normal 0.588566 0.393269 -0.70635
    outer loop
      vertex 4.23034 5.39757 0
      vertex 5.6513 5.96511 1.5
      vertex 4.46127 5.05196 0
    endloop
  endfacet
  facet normal -0.670308 -0.227506 -0.706348
    outer loop
      vertex 8.57059 7.65056 1.5
      vertex 9.95641 8.22459 0
      vertex 10.09 7.83099 0
    endloop
  endfacet
  facet normal -0.138096 0.694263 -0.706349
    outer loop
      vertex 7.42055 3.82795 0
      vertex 7.43999 5.35793 1.5
      vertex 7.82822 3.90904 0
    endloop
  endfacet
  facet normal 0.22754 -0.670301 -0.706344
    outer loop
      vertex 6.16901 10.09 0
      vertex 6.56001 8.64207 1.5
      vertex 6.34944 8.57059 1.5
    endloop
  endfacet
  facet normal 0.240533 -0.666276 -0.705847
    outer loop
      vertex 6.56001 8.64207 1.5
      vertex 6.16901 10.09 0
      vertex 6.17178 10.091 0
    endloop
  endfacet
  facet normal 0.466731 -0.532196 -0.70635
    outer loop
      vertex 4.73946 9.26467 0
      vertex 5.05196 9.53873 0
      vertex 5.96511 8.3487 1.5
    endloop
  endfacet
  facet normal 0.670297 0.227537 -0.706349
    outer loop
      vertex 3.90998 6.16901 0
      vertex 5.42941 6.34944 1.5
      vertex 4.04359 5.77541 0
    endloop
  endfacet
  facet normal -0.466814 -0.532119 -0.706352
    outer loop
      vertex 8.20208 8.20208 1.5
      vertex 9.26054 9.26467 0
      vertex 9.26274 9.26274 0
    endloop
  endfacet
  facet normal -0.466724 -0.532203 -0.706349
    outer loop
      vertex 9.26054 9.26467 0
      vertex 8.20208 8.20208 1.5
      vertex 8.03489 8.3487 1.5
    endloop
  endfacet
  facet normal 0.634863 0.31308 -0.706349
    outer loop
      vertex 4.04359 5.77541 0
      vertex 5.42941 6.34944 1.5
      vertex 4.22743 5.40262 0
    endloop
  endfacet
  facet normal 0.138096 0.694263 -0.706349
    outer loop
      vertex 6.17178 3.90904 0
      vertex 6.56001 5.35793 1.5
      vertex 6.57945 3.82795 0
    endloop
  endfacet
  facet normal -0.532196 -0.466731 -0.70635
    outer loop
      vertex 8.3487 8.03489 1.5
      vertex 9.26467 9.26054 0
      vertex 9.53873 8.94804 0
    endloop
  endfacet
  facet normal 0.706349 -0.0462884 -0.706349
    outer loop
      vertex 3.8 7 0
      vertex 3.82718 7.41476 0
      vertex 5.3 7 1.5
    endloop
  endfacet
  facet normal 0.227472 0.670317 -0.706351
    outer loop
      vertex 6.16901 3.90998 0
      vertex 6.56001 5.35793 1.5
      vertex 6.17178 3.90904 0
    endloop
  endfacet
  facet normal 0.227539 0.670296 -0.706349
    outer loop
      vertex 6.56001 5.35793 1.5
      vertex 6.16901 3.90998 0
      vertex 6.34944 5.42941 1.5
    endloop
  endfacet
  facet normal -0.696922 0.121415 -0.706795
    outer loop
      vertex 10.1721 6.57945 0
      vertex 8.68546 6.77811 1.5
      vertex 10.1726 6.58232 0
    endloop
  endfacet
  facet normal -0.694249 0.138118 -0.706358
    outer loop
      vertex 8.68546 6.77811 1.5
      vertex 10.1721 6.57945 0
      vertex 8.64207 6.56001 1.5
    endloop
  endfacet
  facet normal -0.588566 0.393269 -0.70635
    outer loop
      vertex 8.3487 5.96511 1.5
      vertex 9.76966 5.39757 0
      vertex 9.53873 5.05196 0
    endloop
  endfacet
  facet normal 0.0462884 0.706349 -0.706349
    outer loop
      vertex 6.58524 3.82718 0
      vertex 7 5.3 1.5
      vertex 7 3.8 0
    endloop
  endfacet
  facet normal 0.466731 0.532196 -0.70635
    outer loop
      vertex 4.73946 4.73533 0
      vertex 5.96511 5.6513 1.5
      vertex 5.05196 4.46127 0
    endloop
  endfacet
  facet normal 0.670296 0.227539 -0.706349
    outer loop
      vertex 3.90998 6.16901 0
      vertex 5.35793 6.56001 1.5
      vertex 5.42941 6.34944 1.5
    endloop
  endfacet
  facet normal 0.670317 0.227472 -0.706351
    outer loop
      vertex 5.35793 6.56001 1.5
      vertex 3.90998 6.16901 0
      vertex 3.90904 6.17178 0
    endloop
  endfacet
  facet normal 0.532196 -0.466731 -0.70635
    outer loop
      vertex 4.46127 8.94804 0
      vertex 4.73533 9.26054 0
      vertex 5.6513 8.03489 1.5
    endloop
  endfacet
  facet normal -0.0483664 -0.70615 -0.706409
    outer loop
      vertex 7.22189 8.68546 1.5
      vertex 7.41476 10.1728 0
      vertex 7.41768 10.1726 0
    endloop
  endfacet
  facet normal -0.0462859 -0.706354 -0.706344
    outer loop
      vertex 7.41476 10.1728 0
      vertex 7.22189 8.68546 1.5
      vertex 7 8.7 1.5
    endloop
  endfacet
  facet normal 0.393269 -0.588566 -0.70635
    outer loop
      vertex 5.39757 9.76966 0
      vertex 6.15 8.47224 1.5
      vertex 5.96511 8.3487 1.5
    endloop
  endfacet
  facet normal 0.392639 -0.588958 -0.706373
    outer loop
      vertex 6.15 8.47224 1.5
      vertex 5.39757 9.76966 0
      vertex 5.4 9.77128 0
    endloop
  endfacet
  facet normal -0.0483661 0.706145 -0.706413
    outer loop
      vertex 7.41476 3.82718 0
      vertex 7.22189 5.31454 1.5
      vertex 7.41768 3.82738 0
    endloop
  endfacet
  facet normal -0.0462856 0.706349 -0.706349
    outer loop
      vertex 7.22189 5.31454 1.5
      vertex 7.41476 3.82718 0
      vertex 7 5.3 1.5
    endloop
  endfacet
  facet normal 0.69426 0.13812 -0.706346
    outer loop
      vertex 3.82795 6.57945 0
      vertex 5.31454 6.77811 1.5
      vertex 5.35793 6.56001 1.5
    endloop
  endfacet
  facet normal 0.694298 0.137892 -0.706354
    outer loop
      vertex 5.31454 6.77811 1.5
      vertex 3.82795 6.57945 0
      vertex 3.82738 6.58232 0
    endloop
  endfacet
  facet normal 0.532119 0.466814 -0.706352
    outer loop
      vertex 4.73533 4.73946 0
      vertex 5.79792 5.79792 1.5
      vertex 4.73726 4.73726 0
    endloop
  endfacet
  facet normal 0.532203 0.466724 -0.706349
    outer loop
      vertex 5.79792 5.79792 1.5
      vertex 4.73533 4.73946 0
      vertex 5.6513 5.96511 1.5
    endloop
  endfacet
  facet normal 0.137892 0.694298 -0.706354
    outer loop
      vertex 6.57945 3.82795 0
      vertex 6.77811 5.31454 1.5
      vertex 6.58232 3.82738 0
    endloop
  endfacet
  facet normal 0.13812 0.69426 -0.706346
    outer loop
      vertex 6.77811 5.31454 1.5
      vertex 6.57945 3.82795 0
      vertex 6.56001 5.35793 1.5
    endloop
  endfacet
  facet normal -0.69425 -0.138111 -0.706359
    outer loop
      vertex 8.64207 7.43999 1.5
      vertex 10.091 7.82822 0
      vertex 10.1721 7.42055 0
    endloop
  endfacet
  facet normal -0.393269 -0.588566 -0.70635
    outer loop
      vertex 7.85 8.47224 1.5
      vertex 8.60243 9.76966 0
      vertex 8.03489 8.3487 1.5
    endloop
  endfacet
  facet normal -0.392639 -0.588958 -0.706373
    outer loop
      vertex 8.60243 9.76966 0
      vertex 7.85 8.47224 1.5
      vertex 8.6 9.77128 0
    endloop
  endfacet
  facet normal -0.392639 0.588958 -0.706373
    outer loop
      vertex 7.85 5.52776 1.5
      vertex 8.60243 4.23034 0
      vertex 8.6 4.22872 0
    endloop
  endfacet
  facet normal -0.393269 0.588566 -0.70635
    outer loop
      vertex 8.60243 4.23034 0
      vertex 7.85 5.52776 1.5
      vertex 8.03489 5.6513 1.5
    endloop
  endfacet
  facet normal -0.466731 0.532196 -0.70635
    outer loop
      vertex 8.03489 5.6513 1.5
      vertex 9.26054 4.73533 0
      vertex 8.94804 4.46127 0
    endloop
  endfacet
  facet normal -0.532196 0.466731 -0.70635
    outer loop
      vertex 8.3487 5.96511 1.5
      vertex 9.53873 5.05196 0
      vertex 9.26467 4.73946 0
    endloop
  endfacet
  facet normal -0.69425 0.138111 -0.706359
    outer loop
      vertex 8.64207 6.56001 1.5
      vertex 10.1721 6.57945 0
      vertex 10.091 6.17178 0
    endloop
  endfacet
  facet normal -0.466814 0.532119 -0.706352
    outer loop
      vertex 9.26054 4.73533 0
      vertex 8.20208 5.79792 1.5
      vertex 9.26274 4.73726 0
    endloop
  endfacet
  facet normal -0.466724 0.532203 -0.706349
    outer loop
      vertex 8.20208 5.79792 1.5
      vertex 9.26054 4.73533 0
      vertex 8.03489 5.6513 1.5
    endloop
  endfacet
  facet normal -0.31308 0.634863 -0.706349
    outer loop
      vertex 7.65056 5.42941 1.5
      vertex 8.59738 4.22743 0
      vertex 8.22459 4.04359 0
    endloop
  endfacet
  facet normal -0.70615 0.0483664 -0.706409
    outer loop
      vertex 8.68546 6.77811 1.5
      vertex 10.1728 6.58524 0
      vertex 10.1726 6.58232 0
    endloop
  endfacet
  facet normal -0.706354 0.0462859 -0.706344
    outer loop
      vertex 10.1728 6.58524 0
      vertex 8.68546 6.77811 1.5
      vertex 8.7 7 1.5
    endloop
  endfacet
  facet normal 0.313073 0.634868 -0.706348
    outer loop
      vertex 5.40262 4.22743 0
      vertex 6.15 5.52776 1.5
      vertex 6.34944 5.42941 1.5
    endloop
  endfacet
  facet normal 0.312689 0.635073 -0.706334
    outer loop
      vertex 6.15 5.52776 1.5
      vertex 5.40262 4.22743 0
      vertex 5.4 4.22872 0
    endloop
  endfacet
  facet normal -0.63487 -0.313067 -0.70635
    outer loop
      vertex 8.57059 7.65056 1.5
      vertex 9.77258 8.59738 0
      vertex 9.95641 8.22459 0
    endloop
  endfacet
  facet normal -0.696922 -0.121415 -0.706795
    outer loop
      vertex 8.68546 7.22189 1.5
      vertex 10.1721 7.42055 0
      vertex 10.1726 7.41768 0
    endloop
  endfacet
  facet normal -0.694249 -0.138118 -0.706358
    outer loop
      vertex 10.1721 7.42055 0
      vertex 8.68546 7.22189 1.5
      vertex 8.64207 7.43999 1.5
    endloop
  endfacet
  facet normal -0.706354 -0.0462859 -0.706344
    outer loop
      vertex 8.68546 7.22189 1.5
      vertex 10.1728 7.41476 0
      vertex 8.7 7 1.5
    endloop
  endfacet
  facet normal -0.70615 -0.0483664 -0.706409
    outer loop
      vertex 10.1728 7.41476 0
      vertex 8.68546 7.22189 1.5
      vertex 10.1726 7.41768 0
    endloop
  endfacet
  facet normal 0.138111 -0.69425 -0.706359
    outer loop
      vertex 6.17178 10.091 0
      vertex 6.57945 10.1721 0
      vertex 6.56001 8.64207 1.5
    endloop
  endfacet
  facet normal 0.588566 0.393269 -0.70635
    outer loop
      vertex 4.23034 5.39757 0
      vertex 5.52776 6.15 1.5
      vertex 5.6513 5.96511 1.5
    endloop
  endfacet
  facet normal 0.588958 0.392639 -0.706373
    outer loop
      vertex 5.52776 6.15 1.5
      vertex 4.23034 5.39757 0
      vertex 4.22872 5.4 0
    endloop
  endfacet
  facet normal 0.635073 0.312689 -0.706334
    outer loop
      vertex 4.22743 5.40262 0
      vertex 5.52776 6.15 1.5
      vertex 4.22872 5.4 0
    endloop
  endfacet
  facet normal 0.634868 0.313073 -0.706348
    outer loop
      vertex 5.52776 6.15 1.5
      vertex 4.22743 5.40262 0
      vertex 5.42941 6.34944 1.5
    endloop
  endfacet
  facet normal 0.0462859 -0.706354 -0.706344
    outer loop
      vertex 6.77811 8.68546 1.5
      vertex 6.58524 10.1728 0
      vertex 7 8.7 1.5
    endloop
  endfacet
  facet normal 0.0483664 -0.70615 -0.706409
    outer loop
      vertex 6.58524 10.1728 0
      vertex 6.77811 8.68546 1.5
      vertex 6.58232 10.1726 0
    endloop
  endfacet
  facet normal 0.392639 0.588958 -0.706373
    outer loop
      vertex 5.39757 4.23034 0
      vertex 6.15 5.52776 1.5
      vertex 5.4 4.22872 0
    endloop
  endfacet
  facet normal 0.393269 0.588566 -0.70635
    outer loop
      vertex 6.15 5.52776 1.5
      vertex 5.39757 4.23034 0
      vertex 5.96511 5.6513 1.5
    endloop
  endfacet
  facet normal -0.227472 0.670317 -0.706351
    outer loop
      vertex 7.43999 5.35793 1.5
      vertex 7.83099 3.90998 0
      vertex 7.82822 3.90904 0
    endloop
  endfacet
  facet normal -0.227539 0.670296 -0.706349
    outer loop
      vertex 7.83099 3.90998 0
      vertex 7.43999 5.35793 1.5
      vertex 7.65056 5.42941 1.5
    endloop
  endfacet
  facet normal 0.69426 -0.13812 -0.706346
    outer loop
      vertex 5.31454 7.22189 1.5
      vertex 3.82795 7.42055 0
      vertex 5.35793 7.43999 1.5
    endloop
  endfacet
  facet normal 0.694298 -0.137892 -0.706354
    outer loop
      vertex 3.82795 7.42055 0
      vertex 5.31454 7.22189 1.5
      vertex 3.82738 7.41768 0
    endloop
  endfacet
  facet normal 0.0462856 0.706349 -0.706349
    outer loop
      vertex 6.58524 3.82718 0
      vertex 6.77811 5.31454 1.5
      vertex 7 5.3 1.5
    endloop
  endfacet
  facet normal 0.0483661 0.706145 -0.706413
    outer loop
      vertex 6.77811 5.31454 1.5
      vertex 6.58524 3.82718 0
      vertex 6.58232 3.82738 0
    endloop
  endfacet
  facet normal -0.22754 -0.670301 -0.706344
    outer loop
      vertex 7.43999 8.64207 1.5
      vertex 7.83099 10.09 0
      vertex 7.65056 8.57059 1.5
    endloop
  endfacet
  facet normal -0.240533 -0.666276 -0.705847
    outer loop
      vertex 7.83099 10.09 0
      vertex 7.43999 8.64207 1.5
      vertex 7.82822 10.091 0
    endloop
  endfacet
  facet normal 0.31308 0.634863 -0.706349
    outer loop
      vertex 5.40262 4.22743 0
      vertex 6.34944 5.42941 1.5
      vertex 5.77541 4.04359 0
    endloop
  endfacet
  facet normal -0.588958 0.392639 -0.706373
    outer loop
      vertex 9.76966 5.39757 0
      vertex 8.47224 6.15 1.5
      vertex 9.77128 5.4 0
    endloop
  endfacet
  facet normal -0.588566 0.393269 -0.70635
    outer loop
      vertex 8.47224 6.15 1.5
      vertex 9.76966 5.39757 0
      vertex 8.3487 5.96511 1.5
    endloop
  endfacet
  facet normal -0.312689 0.635073 -0.706334
    outer loop
      vertex 8.59738 4.22743 0
      vertex 7.85 5.52776 1.5
      vertex 8.6 4.22872 0
    endloop
  endfacet
  facet normal -0.313073 0.634868 -0.706348
    outer loop
      vertex 7.85 5.52776 1.5
      vertex 8.59738 4.22743 0
      vertex 7.65056 5.42941 1.5
    endloop
  endfacet
  facet normal -0.588958 -0.392639 -0.706373
    outer loop
      vertex 8.47224 7.85 1.5
      vertex 9.76966 8.60243 0
      vertex 9.77128 8.6 0
    endloop
  endfacet
  facet normal -0.588566 -0.393269 -0.70635
    outer loop
      vertex 9.76966 8.60243 0
      vertex 8.47224 7.85 1.5
      vertex 8.3487 8.03489 1.5
    endloop
  endfacet
  facet normal -0.532119 0.466814 -0.706352
    outer loop
      vertex 8.20208 5.79792 1.5
      vertex 9.26467 4.73946 0
      vertex 9.26274 4.73726 0
    endloop
  endfacet
  facet normal -0.532203 0.466724 -0.706349
    outer loop
      vertex 9.26467 4.73946 0
      vertex 8.20208 5.79792 1.5
      vertex 8.3487 5.96511 1.5
    endloop
  endfacet
  facet normal -0.670308 0.227506 -0.706348
    outer loop
      vertex 8.57059 6.34944 1.5
      vertex 10.09 6.16901 0
      vertex 9.95641 5.77541 0
    endloop
  endfacet
  facet normal 0.588566 -0.393269 -0.70635
    outer loop
      vertex 5.52776 7.85 1.5
      vertex 4.23034 8.60243 0
      vertex 5.6513 8.03489 1.5
    endloop
  endfacet
  facet normal 0.588958 -0.392639 -0.706373
    outer loop
      vertex 4.23034 8.60243 0
      vertex 5.52776 7.85 1.5
      vertex 4.22872 8.6 0
    endloop
  endfacet
  facet normal -0.227506 -0.670308 -0.706348
    outer loop
      vertex 7.65056 8.57059 1.5
      vertex 7.83099 10.09 0
      vertex 8.22459 9.95641 0
    endloop
  endfacet
  facet normal -0.138111 -0.69425 -0.706359
    outer loop
      vertex 7.42055 10.1721 0
      vertex 7.82822 10.091 0
      vertex 7.43999 8.64207 1.5
    endloop
  endfacet
  facet normal 0.694263 -0.138096 -0.706349
    outer loop
      vertex 3.82795 7.42055 0
      vertex 3.90904 7.82822 0
      vertex 5.35793 7.43999 1.5
    endloop
  endfacet
  facet normal 0.313072 -0.634866 -0.70635
    outer loop
      vertex 6.15 8.47224 1.5
      vertex 5.40262 9.77258 0
      vertex 6.34944 8.57059 1.5
    endloop
  endfacet
  facet normal 0.314604 -0.634048 -0.706405
    outer loop
      vertex 5.40262 9.77258 0
      vertex 6.15 8.47224 1.5
      vertex 5.4 9.77128 0
    endloop
  endfacet
  facet normal 0.466724 -0.532203 -0.706349
    outer loop
      vertex 5.79792 8.20208 1.5
      vertex 4.73946 9.26467 0
      vertex 5.96511 8.3487 1.5
    endloop
  endfacet
  facet normal 0.466814 -0.532119 -0.706352
    outer loop
      vertex 4.73946 9.26467 0
      vertex 5.79792 8.20208 1.5
      vertex 4.73726 9.26274 0
    endloop
  endfacet
  facet normal 0.227506 -0.670308 -0.706348
    outer loop
      vertex 5.77541 9.95641 0
      vertex 6.16901 10.09 0
      vertex 6.34944 8.57059 1.5
    endloop
  endfacet
  facet normal 0.313067 -0.63487 -0.70635
    outer loop
      vertex 5.40262 9.77258 0
      vertex 5.77541 9.95641 0
      vertex 6.34944 8.57059 1.5
    endloop
  endfacet
  facet normal 0.634868 -0.313073 -0.706348
    outer loop
      vertex 4.22743 8.59738 0
      vertex 5.52776 7.85 1.5
      vertex 5.42941 7.65056 1.5
    endloop
  endfacet
  facet normal 0.635073 -0.312689 -0.706334
    outer loop
      vertex 5.52776 7.85 1.5
      vertex 4.22743 8.59738 0
      vertex 4.22872 8.6 0
    endloop
  endfacet
  facet normal -0.981113 0.193434 0
    outer loop
      vertex 102.642 6.56001 1.5
      vertex 102.685 6.77811 3
      vertex 102.685 6.77811 1.5
    endloop
  endfacet
  facet normal -0.981113 0.193434 0
    outer loop
      vertex 102.685 6.77811 3
      vertex 102.642 6.56001 1.5
      vertex 102.642 6.56001 3
    endloop
  endfacet
  facet normal 0.659319 0.751863 -0
    outer loop
      vertex 99.9651 5.6513 1.5
      vertex 99.7979 5.79792 3
      vertex 99.9651 5.6513 3
    endloop
  endfacet
  facet normal 0.659319 0.751863 0
    outer loop
      vertex 99.7979 5.79792 3
      vertex 99.9651 5.6513 1.5
      vertex 99.7979 5.79792 1.5
    endloop
  endfacet
  facet normal -0.895717 0.444625 0
    outer loop
      vertex 102.472 6.15 1.5
      vertex 102.571 6.34944 3
      vertex 102.571 6.34944 1.5
    endloop
  endfacet
  facet normal -0.895717 0.444625 0
    outer loop
      vertex 102.571 6.34944 3
      vertex 102.472 6.15 1.5
      vertex 102.472 6.15 3
    endloop
  endfacet
  facet normal -0.750997 -0.660306 0
    outer loop
      vertex 102.349 8.03489 1.5
      vertex 102.202 8.20208 3
      vertex 102.202 8.20208 1.5
    endloop
  endfacet
  facet normal -0.750997 -0.660306 0
    outer loop
      vertex 102.202 8.20208 3
      vertex 102.349 8.03489 1.5
      vertex 102.349 8.03489 3
    endloop
  endfacet
  facet normal -0.555343 -0.831621 0
    outer loop
      vertex 101.85 8.47224 1.5
      vertex 102.035 8.3487 3
      vertex 101.85 8.47224 3
    endloop
  endfacet
  facet normal -0.555343 -0.831621 -0
    outer loop
      vertex 102.035 8.3487 3
      vertex 101.85 8.47224 1.5
      vertex 102.035 8.3487 1.5
    endloop
  endfacet
  facet normal 0.320856 -0.947128 0
    outer loop
      vertex 100.349 8.57059 1.5
      vertex 100.56 8.64207 3
      vertex 100.349 8.57059 3
    endloop
  endfacet
  facet normal 0.320856 -0.947128 0
    outer loop
      vertex 100.56 8.64207 3
      vertex 100.349 8.57059 1.5
      vertex 100.56 8.64207 1.5
    endloop
  endfacet
  facet normal -0.659765 0.751472 0
    outer loop
      vertex 102.202 5.79792 1.5
      vertex 102.035 5.6513 3
      vertex 102.202 5.79792 3
    endloop
  endfacet
  facet normal -0.659765 0.751472 0
    outer loop
      vertex 102.035 5.6513 3
      vertex 102.202 5.79792 1.5
      vertex 102.035 5.6513 1.5
    endloop
  endfacet
  facet normal -0.997723 0.0674471 0
    outer loop
      vertex 102.685 6.77811 1.5
      vertex 102.7 7 3
      vertex 102.7 7 1.5
    endloop
  endfacet
  facet normal -0.997723 0.0674471 0
    outer loop
      vertex 102.7 7 3
      vertex 102.685 6.77811 1.5
      vertex 102.685 6.77811 3
    endloop
  endfacet
  facet normal 0.443064 -0.89649 0
    outer loop
      vertex 100.15 8.47224 1.5
      vertex 100.349 8.57059 3
      vertex 100.15 8.47224 3
    endloop
  endfacet
  facet normal 0.443064 -0.89649 0
    outer loop
      vertex 100.349 8.57059 3
      vertex 100.15 8.47224 1.5
      vertex 100.349 8.57059 1.5
    endloop
  endfacet
  facet normal 0.98077 -0.195165 0
    outer loop
      vertex 99.3145 7.22189 3
      vertex 99.3579 7.43999 1.5
      vertex 99.3579 7.43999 3
    endloop
  endfacet
  facet normal 0.98077 -0.195165 0
    outer loop
      vertex 99.3579 7.43999 1.5
      vertex 99.3145 7.22189 3
      vertex 99.3145 7.22189 1.5
    endloop
  endfacet
  facet normal 0.443064 0.89649 -0
    outer loop
      vertex 100.349 5.42941 1.5
      vertex 100.15 5.52776 3
      vertex 100.349 5.42941 3
    endloop
  endfacet
  facet normal 0.443064 0.89649 0
    outer loop
      vertex 100.15 5.52776 3
      vertex 100.349 5.42941 1.5
      vertex 100.15 5.52776 1.5
    endloop
  endfacet
  facet normal -0.0653555 -0.997862 0
    outer loop
      vertex 101 8.7 1.5
      vertex 101.222 8.68546 3
      vertex 101 8.7 3
    endloop
  endfacet
  facet normal -0.0653555 -0.997862 -0
    outer loop
      vertex 101.222 8.68546 3
      vertex 101 8.7 1.5
      vertex 101.222 8.68546 1.5
    endloop
  endfacet
  facet normal -0.320856 0.947128 0
    outer loop
      vertex 101.651 5.42941 1.5
      vertex 101.44 5.35793 3
      vertex 101.651 5.42941 3
    endloop
  endfacet
  facet normal -0.320856 0.947128 0
    outer loop
      vertex 101.44 5.35793 3
      vertex 101.651 5.42941 1.5
      vertex 101.44 5.35793 1.5
    endloop
  endfacet
  facet normal 0.0653555 0.997862 -0
    outer loop
      vertex 101 5.3 1.5
      vertex 100.778 5.31454 3
      vertex 101 5.3 3
    endloop
  endfacet
  facet normal 0.0653555 0.997862 0
    outer loop
      vertex 100.778 5.31454 3
      vertex 101 5.3 1.5
      vertex 100.778 5.31454 1.5
    endloop
  endfacet
  facet normal 0.946901 -0.321525 0
    outer loop
      vertex 99.3579 7.43999 3
      vertex 99.4294 7.65056 1.5
      vertex 99.4294 7.65056 3
    endloop
  endfacet
  facet normal 0.946901 -0.321525 0
    outer loop
      vertex 99.4294 7.65056 1.5
      vertex 99.3579 7.43999 3
      vertex 99.3579 7.43999 1.5
    endloop
  endfacet
  facet normal 0.320856 0.947128 -0
    outer loop
      vertex 100.56 5.35793 1.5
      vertex 100.349 5.42941 3
      vertex 100.56 5.35793 3
    endloop
  endfacet
  facet normal 0.320856 0.947128 0
    outer loop
      vertex 100.349 5.42941 3
      vertex 100.56 5.35793 1.5
      vertex 100.349 5.42941 1.5
    endloop
  endfacet
  facet normal -0.947584 -0.319506 0
    outer loop
      vertex 102.642 7.43999 1.5
      vertex 102.571 7.65056 3
      vertex 102.571 7.65056 1.5
    endloop
  endfacet
  facet normal -0.947584 -0.319506 0
    outer loop
      vertex 102.571 7.65056 3
      vertex 102.642 7.43999 1.5
      vertex 102.642 7.43999 3
    endloop
  endfacet
  facet normal -0.195208 0.980762 0
    outer loop
      vertex 101.44 5.35793 1.5
      vertex 101.222 5.31454 3
      vertex 101.44 5.35793 3
    endloop
  endfacet
  facet normal -0.195208 0.980762 0
    outer loop
      vertex 101.222 5.31454 3
      vertex 101.44 5.35793 1.5
      vertex 101.222 5.31454 1.5
    endloop
  endfacet
  facet normal -0.997723 -0.0674471 0
    outer loop
      vertex 102.7 7 1.5
      vertex 102.685 7.22189 3
      vertex 102.685 7.22189 1.5
    endloop
  endfacet
  facet normal -0.997723 -0.0674471 0
    outer loop
      vertex 102.685 7.22189 3
      vertex 102.7 7 1.5
      vertex 102.7 7 3
    endloop
  endfacet
  facet normal -0.659765 -0.751472 0
    outer loop
      vertex 102.035 8.3487 1.5
      vertex 102.202 8.20208 3
      vertex 102.035 8.3487 3
    endloop
  endfacet
  facet normal -0.659765 -0.751472 -0
    outer loop
      vertex 102.202 8.20208 3
      vertex 102.035 8.3487 1.5
      vertex 102.202 8.20208 1.5
    endloop
  endfacet
  facet normal -0.555343 0.831621 0
    outer loop
      vertex 102.035 5.6513 1.5
      vertex 101.85 5.52776 3
      vertex 102.035 5.6513 3
    endloop
  endfacet
  facet normal -0.555343 0.831621 0
    outer loop
      vertex 101.85 5.52776 3
      vertex 102.035 5.6513 1.5
      vertex 101.85 5.52776 1.5
    endloop
  endfacet
  facet normal -0.750997 0.660306 0
    outer loop
      vertex 102.202 5.79792 1.5
      vertex 102.349 5.96511 3
      vertex 102.349 5.96511 1.5
    endloop
  endfacet
  facet normal -0.750997 0.660306 0
    outer loop
      vertex 102.349 5.96511 3
      vertex 102.202 5.79792 1.5
      vertex 102.202 5.79792 3
    endloop
  endfacet
  facet normal -0.320856 -0.947128 0
    outer loop
      vertex 101.44 8.64207 1.5
      vertex 101.651 8.57059 3
      vertex 101.44 8.64207 3
    endloop
  endfacet
  facet normal -0.320856 -0.947128 -0
    outer loop
      vertex 101.651 8.57059 3
      vertex 101.44 8.64207 1.5
      vertex 101.651 8.57059 1.5
    endloop
  endfacet
  facet normal -0.83259 0.553889 0
    outer loop
      vertex 102.349 5.96511 1.5
      vertex 102.472 6.15 3
      vertex 102.472 6.15 1.5
    endloop
  endfacet
  facet normal -0.83259 0.553889 0
    outer loop
      vertex 102.472 6.15 3
      vertex 102.349 5.96511 1.5
      vertex 102.349 5.96511 3
    endloop
  endfacet
  facet normal 0.997872 0.0652086 0
    outer loop
      vertex 99.3145 6.77811 3
      vertex 99.3 7 1.5
      vertex 99.3 7 3
    endloop
  endfacet
  facet normal 0.997872 0.0652086 0
    outer loop
      vertex 99.3 7 1.5
      vertex 99.3145 6.77811 3
      vertex 99.3145 6.77811 1.5
    endloop
  endfacet
  facet normal 0.195208 -0.980762 0
    outer loop
      vertex 100.56 8.64207 1.5
      vertex 100.778 8.68546 3
      vertex 100.56 8.64207 3
    endloop
  endfacet
  facet normal 0.195208 -0.980762 0
    outer loop
      vertex 100.778 8.68546 3
      vertex 100.56 8.64207 1.5
      vertex 100.778 8.68546 1.5
    endloop
  endfacet
  facet normal 0.659319 -0.751863 0
    outer loop
      vertex 99.7979 8.20208 1.5
      vertex 99.9651 8.3487 3
      vertex 99.7979 8.20208 3
    endloop
  endfacet
  facet normal 0.659319 -0.751863 0
    outer loop
      vertex 99.9651 8.3487 3
      vertex 99.7979 8.20208 1.5
      vertex 99.9651 8.3487 1.5
    endloop
  endfacet
  facet normal 0.946901 0.321525 0
    outer loop
      vertex 99.4294 6.34944 3
      vertex 99.3579 6.56001 1.5
      vertex 99.3579 6.56001 3
    endloop
  endfacet
  facet normal 0.946901 0.321525 0
    outer loop
      vertex 99.3579 6.56001 1.5
      vertex 99.4294 6.34944 3
      vertex 99.4294 6.34944 1.5
    endloop
  endfacet
  facet normal -0.443064 0.89649 0
    outer loop
      vertex 101.85 5.52776 1.5
      vertex 101.651 5.42941 3
      vertex 101.85 5.52776 3
    endloop
  endfacet
  facet normal -0.443064 0.89649 0
    outer loop
      vertex 101.651 5.42941 3
      vertex 101.85 5.52776 1.5
      vertex 101.651 5.42941 1.5
    endloop
  endfacet
  facet normal 0.195208 0.980762 -0
    outer loop
      vertex 100.778 5.31454 1.5
      vertex 100.56 5.35793 3
      vertex 100.778 5.31454 3
    endloop
  endfacet
  facet normal 0.195208 0.980762 0
    outer loop
      vertex 100.56 5.35793 3
      vertex 100.778 5.31454 1.5
      vertex 100.56 5.35793 1.5
    endloop
  endfacet
  facet normal 0.896789 0.442459 0
    outer loop
      vertex 99.5278 6.15 3
      vertex 99.4294 6.34944 1.5
      vertex 99.4294 6.34944 3
    endloop
  endfacet
  facet normal 0.896789 0.442459 0
    outer loop
      vertex 99.4294 6.34944 1.5
      vertex 99.5278 6.15 3
      vertex 99.5278 6.15 1.5
    endloop
  endfacet
  facet normal -0.443064 -0.89649 0
    outer loop
      vertex 101.651 8.57059 1.5
      vertex 101.85 8.47224 3
      vertex 101.651 8.57059 3
    endloop
  endfacet
  facet normal -0.443064 -0.89649 -0
    outer loop
      vertex 101.85 8.47224 3
      vertex 101.651 8.57059 1.5
      vertex 101.85 8.47224 1.5
    endloop
  endfacet
  facet normal -0.947584 0.319506 0
    outer loop
      vertex 102.571 6.34944 1.5
      vertex 102.642 6.56001 3
      vertex 102.642 6.56001 1.5
    endloop
  endfacet
  facet normal -0.947584 0.319506 0
    outer loop
      vertex 102.642 6.56001 3
      vertex 102.571 6.34944 1.5
      vertex 102.571 6.34944 3
    endloop
  endfacet
  facet normal 0.751888 -0.659291 0
    outer loop
      vertex 99.6513 8.03489 3
      vertex 99.7979 8.20208 1.5
      vertex 99.7979 8.20208 3
    endloop
  endfacet
  facet normal 0.751888 -0.659291 0
    outer loop
      vertex 99.7979 8.20208 1.5
      vertex 99.6513 8.03489 3
      vertex 99.6513 8.03489 1.5
    endloop
  endfacet
  facet normal -0.195208 -0.980762 0
    outer loop
      vertex 101.222 8.68546 1.5
      vertex 101.44 8.64207 3
      vertex 101.222 8.68546 3
    endloop
  endfacet
  facet normal -0.195208 -0.980762 -0
    outer loop
      vertex 101.44 8.64207 3
      vertex 101.222 8.68546 1.5
      vertex 101.44 8.64207 1.5
    endloop
  endfacet
  facet normal -0.895717 -0.444625 0
    outer loop
      vertex 102.571 7.65056 1.5
      vertex 102.472 7.85 3
      vertex 102.472 7.85 1.5
    endloop
  endfacet
  facet normal -0.895717 -0.444625 0
    outer loop
      vertex 102.472 7.85 3
      vertex 102.571 7.65056 1.5
      vertex 102.571 7.65056 3
    endloop
  endfacet
  facet normal -0.83259 -0.553889 0
    outer loop
      vertex 102.472 7.85 1.5
      vertex 102.349 8.03489 3
      vertex 102.349 8.03489 1.5
    endloop
  endfacet
  facet normal -0.83259 -0.553889 0
    outer loop
      vertex 102.349 8.03489 3
      vertex 102.472 7.85 1.5
      vertex 102.472 7.85 3
    endloop
  endfacet
  facet normal -0.981113 -0.193434 0
    outer loop
      vertex 102.685 7.22189 1.5
      vertex 102.642 7.43999 3
      vertex 102.642 7.43999 1.5
    endloop
  endfacet
  facet normal -0.981113 -0.193434 0
    outer loop
      vertex 102.642 7.43999 3
      vertex 102.685 7.22189 1.5
      vertex 102.685 7.22189 3
    endloop
  endfacet
  facet normal -0.0653555 0.997862 0
    outer loop
      vertex 101.222 5.31454 1.5
      vertex 101 5.3 3
      vertex 101.222 5.31454 3
    endloop
  endfacet
  facet normal -0.0653555 0.997862 0
    outer loop
      vertex 101 5.3 3
      vertex 101.222 5.31454 1.5
      vertex 101 5.3 1.5
    endloop
  endfacet
  facet normal 0.98077 0.195165 0
    outer loop
      vertex 99.3579 6.56001 3
      vertex 99.3145 6.77811 1.5
      vertex 99.3145 6.77811 3
    endloop
  endfacet
  facet normal 0.98077 0.195165 0
    outer loop
      vertex 99.3145 6.77811 1.5
      vertex 99.3579 6.56001 3
      vertex 99.3579 6.56001 1.5
    endloop
  endfacet
  facet normal 0.831552 0.555447 0
    outer loop
      vertex 99.6513 5.96511 3
      vertex 99.5278 6.15 1.5
      vertex 99.5278 6.15 3
    endloop
  endfacet
  facet normal 0.831552 0.555447 0
    outer loop
      vertex 99.5278 6.15 1.5
      vertex 99.6513 5.96511 3
      vertex 99.6513 5.96511 1.5
    endloop
  endfacet
  facet normal 0.0653555 -0.997862 0
    outer loop
      vertex 100.778 8.68546 1.5
      vertex 101 8.7 3
      vertex 100.778 8.68546 3
    endloop
  endfacet
  facet normal 0.0653555 -0.997862 0
    outer loop
      vertex 101 8.7 3
      vertex 100.778 8.68546 1.5
      vertex 101 8.7 1.5
    endloop
  endfacet
  facet normal 0.896789 -0.442459 0
    outer loop
      vertex 99.4294 7.65056 3
      vertex 99.5278 7.85 1.5
      vertex 99.5278 7.85 3
    endloop
  endfacet
  facet normal 0.896789 -0.442459 0
    outer loop
      vertex 99.5278 7.85 1.5
      vertex 99.4294 7.65056 3
      vertex 99.4294 7.65056 1.5
    endloop
  endfacet
  facet normal 0.831552 -0.555447 0
    outer loop
      vertex 99.5278 7.85 3
      vertex 99.6513 8.03489 1.5
      vertex 99.6513 8.03489 3
    endloop
  endfacet
  facet normal 0.831552 -0.555447 0
    outer loop
      vertex 99.6513 8.03489 1.5
      vertex 99.5278 7.85 3
      vertex 99.5278 7.85 1.5
    endloop
  endfacet
  facet normal 0.997872 -0.0652086 0
    outer loop
      vertex 99.3 7 3
      vertex 99.3145 7.22189 1.5
      vertex 99.3145 7.22189 3
    endloop
  endfacet
  facet normal 0.997872 -0.0652086 0
    outer loop
      vertex 99.3145 7.22189 1.5
      vertex 99.3 7 3
      vertex 99.3 7 1.5
    endloop
  endfacet
  facet normal 0.555551 0.831483 -0
    outer loop
      vertex 100.15 5.52776 1.5
      vertex 99.9651 5.6513 3
      vertex 100.15 5.52776 3
    endloop
  endfacet
  facet normal 0.555551 0.831483 0
    outer loop
      vertex 99.9651 5.6513 3
      vertex 100.15 5.52776 1.5
      vertex 99.9651 5.6513 1.5
    endloop
  endfacet
  facet normal 0.555551 -0.831483 0
    outer loop
      vertex 99.9651 8.3487 1.5
      vertex 100.15 8.47224 3
      vertex 99.9651 8.3487 3
    endloop
  endfacet
  facet normal 0.555551 -0.831483 0
    outer loop
      vertex 100.15 8.47224 3
      vertex 99.9651 8.3487 1.5
      vertex 100.15 8.47224 1.5
    endloop
  endfacet
  facet normal 0.751888 0.659291 0
    outer loop
      vertex 99.7979 5.79792 3
      vertex 99.6513 5.96511 1.5
      vertex 99.6513 5.96511 3
    endloop
  endfacet
  facet normal 0.751888 0.659291 0
    outer loop
      vertex 99.6513 5.96511 1.5
      vertex 99.7979 5.79792 3
      vertex 99.7979 5.79792 1.5
    endloop
  endfacet
  facet normal -0.706359 0.0459825 -0.706359
    outer loop
      vertex 102.7 7 1.5
      vertex 104.2 7 0
      vertex 104.173 6.58524 0
    endloop
  endfacet
  facet normal 0.532248 0.466675 -0.706347
    outer loop
      vertex 98.4613 5.05196 0
      vertex 99.6513 5.96511 1.5
      vertex 98.7353 4.73946 0
    endloop
  endfacet
  facet normal -0.282076 -0.650944 -0.704773
    outer loop
      vertex 101.85 8.47224 1.5
      vertex 102.597 9.77258 0
      vertex 102.6 9.77128 0
    endloop
  endfacet
  facet normal -0.313637 -0.63461 -0.70633
    outer loop
      vertex 102.597 9.77258 0
      vertex 101.85 8.47224 1.5
      vertex 101.651 8.57059 1.5
    endloop
  endfacet
  facet normal 0.39328 -0.588566 -0.706343
    outer loop
      vertex 99.052 9.53873 0
      vertex 99.3976 9.76966 0
      vertex 99.9651 8.3487 1.5
    endloop
  endfacet
  facet normal -0.132094 0.695233 -0.706542
    outer loop
      vertex 101.222 5.31454 1.5
      vertex 101.421 3.82795 0
      vertex 101.418 3.82738 0
    endloop
  endfacet
  facet normal -0.138178 0.694235 -0.70636
    outer loop
      vertex 101.421 3.82795 0
      vertex 101.222 5.31454 1.5
      vertex 101.44 5.35793 1.5
    endloop
  endfacet
  facet normal 0.67029 -0.2276 -0.706336
    outer loop
      vertex 99.3579 7.43999 1.5
      vertex 97.91 7.83099 0
      vertex 99.4294 7.65056 1.5
    endloop
  endfacet
  facet normal 0.666283 -0.240535 -0.70584
    outer loop
      vertex 97.91 7.83099 0
      vertex 99.3579 7.43999 1.5
      vertex 97.909 7.82822 0
    endloop
  endfacet
  facet normal -0.635549 0.311987 -0.706217
    outer loop
      vertex 102.571 6.34944 1.5
      vertex 103.956 5.77541 0
      vertex 103.773 5.40262 0
    endloop
  endfacet
  facet normal 0.634892 -0.313027 -0.706347
    outer loop
      vertex 98.0436 8.22459 0
      vertex 98.2274 8.59738 0
      vertex 99.4294 7.65056 1.5
    endloop
  endfacet
  facet normal -0.13833 -0.694209 -0.706355
    outer loop
      vertex 101.421 10.1721 0
      vertex 101.828 10.091 0
      vertex 101.44 8.64207 1.5
    endloop
  endfacet
  facet normal -0.706359 -0.0459825 -0.706359
    outer loop
      vertex 102.7 7 1.5
      vertex 104.173 7.41476 0
      vertex 104.2 7 0
    endloop
  endfacet
  facet normal -0.666262 -0.240528 -0.705862
    outer loop
      vertex 102.642 7.43999 1.5
      vertex 104.09 7.83099 0
      vertex 104.091 7.82822 0
    endloop
  endfacet
  facet normal -0.670707 -0.226149 -0.706405
    outer loop
      vertex 104.09 7.83099 0
      vertex 102.642 7.43999 1.5
      vertex 102.571 7.65056 1.5
    endloop
  endfacet
  facet normal 0.0462956 -0.706349 -0.706349
    outer loop
      vertex 100.585 10.1728 0
      vertex 101 10.2 0
      vertex 101 8.7 1.5
    endloop
  endfacet
  facet normal 0.532235 -0.466688 -0.706349
    outer loop
      vertex 98.7353 9.26054 0
      vertex 99.7979 8.20208 1.5
      vertex 99.6513 8.03489 1.5
    endloop
  endfacet
  facet normal 0.523521 -0.475928 -0.706696
    outer loop
      vertex 99.7979 8.20208 1.5
      vertex 98.7353 9.26054 0
      vertex 98.7373 9.26274 0
    endloop
  endfacet
  facet normal 0.588513 -0.393352 -0.706347
    outer loop
      vertex 98.2303 8.60243 0
      vertex 98.4613 8.94804 0
      vertex 99.6513 8.03489 1.5
    endloop
  endfacet
  facet normal -0.0470849 -0.706274 -0.706371
    outer loop
      vertex 101.222 8.68546 1.5
      vertex 101.415 10.1728 0
      vertex 101.418 10.1726 0
    endloop
  endfacet
  facet normal -0.046263 -0.706354 -0.706345
    outer loop
      vertex 101.415 10.1728 0
      vertex 101.222 8.68546 1.5
      vertex 101 8.7 1.5
    endloop
  endfacet
  facet normal 0.670307 -0.227523 -0.706344
    outer loop
      vertex 97.91 7.83099 0
      vertex 98.0436 8.22459 0
      vertex 99.4294 7.65056 1.5
    endloop
  endfacet
  facet normal 0.706159 -0.0483671 -0.706399
    outer loop
      vertex 99.3145 7.22189 1.5
      vertex 97.8272 7.41476 0
      vertex 97.8274 7.41768 0
    endloop
  endfacet
  facet normal 0.706376 -0.04616 -0.70633
    outer loop
      vertex 97.8272 7.41476 0
      vertex 99.3145 7.22189 1.5
      vertex 99.3 7 1.5
    endloop
  endfacet
  facet normal -0.466313 -0.532569 -0.706345
    outer loop
      vertex 102.035 8.3487 1.5
      vertex 102.948 9.53873 0
      vertex 103.261 9.26467 0
    endloop
  endfacet
  facet normal -0.313611 -0.634626 -0.706327
    outer loop
      vertex 101.651 8.57059 1.5
      vertex 102.225 9.95641 0
      vertex 102.597 9.77258 0
    endloop
  endfacet
  facet normal -0.666262 0.240528 -0.705862
    outer loop
      vertex 104.09 6.16901 0
      vertex 102.642 6.56001 1.5
      vertex 104.091 6.17178 0
    endloop
  endfacet
  facet normal -0.670707 0.226149 -0.706405
    outer loop
      vertex 102.642 6.56001 1.5
      vertex 104.09 6.16901 0
      vertex 102.571 6.34944 1.5
    endloop
  endfacet
  facet normal 0.694257 0.138112 -0.706352
    outer loop
      vertex 97.8279 6.57945 0
      vertex 99.3579 6.56001 1.5
      vertex 97.909 6.17178 0
    endloop
  endfacet
  facet normal -0.0462617 0.70635 -0.70635
    outer loop
      vertex 101 3.8 0
      vertex 101 5.3 1.5
      vertex 101.415 3.82718 0
    endloop
  endfacet
  facet normal 0.227547 0.670328 -0.706316
    outer loop
      vertex 99.7754 4.04359 0
      vertex 100.349 5.42941 1.5
      vertex 100.169 3.90998 0
    endloop
  endfacet
  facet normal -0.39298 -0.588797 -0.706318
    outer loop
      vertex 102.035 8.3487 1.5
      vertex 102.602 9.76966 0
      vertex 102.948 9.53873 0
    endloop
  endfacet
  facet normal -0.39298 0.588797 -0.706318
    outer loop
      vertex 102.035 5.6513 1.5
      vertex 102.948 4.46127 0
      vertex 102.602 4.23034 0
    endloop
  endfacet
  facet normal 0.466715 0.532225 -0.706338
    outer loop
      vertex 98.7395 4.73533 0
      vertex 99.7979 5.79792 1.5
      vertex 99.9651 5.6513 1.5
    endloop
  endfacet
  facet normal 0.46682 0.532126 -0.706343
    outer loop
      vertex 99.7979 5.79792 1.5
      vertex 98.7395 4.73533 0
      vertex 98.7373 4.73726 0
    endloop
  endfacet
  facet normal -0.227332 0.670376 -0.70634
    outer loop
      vertex 101.651 5.42941 1.5
      vertex 102.225 4.04359 0
      vertex 101.831 3.90998 0
    endloop
  endfacet
  facet normal 0.116281 -0.697689 -0.706901
    outer loop
      vertex 100.778 8.68546 1.5
      vertex 100.579 10.1721 0
      vertex 100.582 10.1726 0
    endloop
  endfacet
  facet normal 0.138176 -0.694224 -0.706372
    outer loop
      vertex 100.579 10.1721 0
      vertex 100.778 8.68546 1.5
      vertex 100.56 8.64207 1.5
    endloop
  endfacet
  facet normal 0.706348 0.0463224 -0.706348
    outer loop
      vertex 97.8 7 0
      vertex 99.3 7 1.5
      vertex 97.8272 6.58524 0
    endloop
  endfacet
  facet normal 0.706376 0.04616 -0.70633
    outer loop
      vertex 99.3145 6.77811 1.5
      vertex 97.8272 6.58524 0
      vertex 99.3 7 1.5
    endloop
  endfacet
  facet normal 0.706159 0.0483671 -0.706399
    outer loop
      vertex 97.8272 6.58524 0
      vertex 99.3145 6.77811 1.5
      vertex 97.8274 6.58232 0
    endloop
  endfacet
  facet normal -0.564385 0.430828 -0.704171
    outer loop
      vertex 102.472 6.15 1.5
      vertex 103.773 5.40262 0
      vertex 103.771 5.4 0
    endloop
  endfacet
  facet normal -0.633868 0.314646 -0.706548
    outer loop
      vertex 103.773 5.40262 0
      vertex 102.472 6.15 1.5
      vertex 102.571 6.34944 1.5
    endloop
  endfacet
  facet normal -0.0462956 -0.706349 -0.706349
    outer loop
      vertex 101 8.7 1.5
      vertex 101 10.2 0
      vertex 101.415 10.1728 0
    endloop
  endfacet
  facet normal -0.633868 -0.314646 -0.706548
    outer loop
      vertex 102.472 7.85 1.5
      vertex 103.773 8.59738 0
      vertex 102.571 7.65056 1.5
    endloop
  endfacet
  facet normal -0.564385 -0.430828 -0.704171
    outer loop
      vertex 103.773 8.59738 0
      vertex 102.472 7.85 1.5
      vertex 103.771 8.6 0
    endloop
  endfacet
  facet normal -0.588513 -0.393352 -0.706347
    outer loop
      vertex 102.349 8.03489 1.5
      vertex 103.539 8.94804 0
      vertex 103.77 8.60243 0
    endloop
  endfacet
  facet normal 0.39328 0.588566 -0.706343
    outer loop
      vertex 99.052 4.46127 0
      vertex 99.9651 5.6513 1.5
      vertex 99.3976 4.23034 0
    endloop
  endfacet
  facet normal -0.531528 -0.46734 -0.70645
    outer loop
      vertex 102.202 8.20208 1.5
      vertex 103.265 9.26054 0
      vertex 102.349 8.03489 1.5
    endloop
  endfacet
  facet normal -0.523469 -0.475881 -0.706766
    outer loop
      vertex 103.265 9.26054 0
      vertex 102.202 8.20208 1.5
      vertex 103.263 9.26274 0
    endloop
  endfacet
  facet normal 0.588513 0.393352 -0.706347
    outer loop
      vertex 98.2303 5.39757 0
      vertex 99.6513 5.96511 1.5
      vertex 98.4613 5.05196 0
    endloop
  endfacet
  facet normal -0.670249 -0.228184 -0.706186
    outer loop
      vertex 102.571 7.65056 1.5
      vertex 103.956 8.22459 0
      vertex 104.09 7.83099 0
    endloop
  endfacet
  facet normal -0.138316 0.694222 -0.706346
    outer loop
      vertex 101.421 3.82795 0
      vertex 101.44 5.35793 1.5
      vertex 101.828 3.90904 0
    endloop
  endfacet
  facet normal 0.466736 -0.532201 -0.706342
    outer loop
      vertex 98.7395 9.26467 0
      vertex 99.052 9.53873 0
      vertex 99.9651 8.3487 1.5
    endloop
  endfacet
  facet normal 0.670307 0.227523 -0.706344
    outer loop
      vertex 97.91 6.16901 0
      vertex 99.4294 6.34944 1.5
      vertex 98.0436 5.77541 0
    endloop
  endfacet
  facet normal -0.491017 -0.508825 -0.707106
    outer loop
      vertex 102.202 8.20208 1.5
      vertex 103.261 9.26467 0
      vertex 103.263 9.26274 0
    endloop
  endfacet
  facet normal -0.46696 -0.531867 -0.706445
    outer loop
      vertex 103.261 9.26467 0
      vertex 102.202 8.20208 1.5
      vertex 102.035 8.3487 1.5
    endloop
  endfacet
  facet normal 0.634892 0.313027 -0.706347
    outer loop
      vertex 98.0436 5.77541 0
      vertex 99.4294 6.34944 1.5
      vertex 98.2274 5.40262 0
    endloop
  endfacet
  facet normal 0.138316 0.694222 -0.706346
    outer loop
      vertex 100.172 3.90904 0
      vertex 100.56 5.35793 1.5
      vertex 100.579 3.82795 0
    endloop
  endfacet
  facet normal -0.532248 -0.466675 -0.706347
    outer loop
      vertex 102.349 8.03489 1.5
      vertex 103.265 9.26054 0
      vertex 103.539 8.94804 0
    endloop
  endfacet
  facet normal 0.706348 -0.0463224 -0.706348
    outer loop
      vertex 97.8 7 0
      vertex 97.8272 7.41476 0
      vertex 99.3 7 1.5
    endloop
  endfacet
  facet normal 0.211522 0.675069 -0.706781
    outer loop
      vertex 100.169 3.90998 0
      vertex 100.56 5.35793 1.5
      vertex 100.172 3.90904 0
    endloop
  endfacet
  facet normal 0.227118 0.670424 -0.706363
    outer loop
      vertex 100.56 5.35793 1.5
      vertex 100.169 3.90998 0
      vertex 100.349 5.42941 1.5
    endloop
  endfacet
  facet normal -0.674542 0.235032 -0.699824
    outer loop
      vertex 104.172 6.57945 0
      vertex 102.685 6.77811 1.5
      vertex 104.173 6.58232 0
    endloop
  endfacet
  facet normal -0.694367 0.136899 -0.70648
    outer loop
      vertex 102.685 6.77811 1.5
      vertex 104.172 6.57945 0
      vertex 102.642 6.56001 1.5
    endloop
  endfacet
  facet normal -0.588513 0.393352 -0.706347
    outer loop
      vertex 102.349 5.96511 1.5
      vertex 103.77 5.39757 0
      vertex 103.539 5.05196 0
    endloop
  endfacet
  facet normal 0.0462617 0.70635 -0.70635
    outer loop
      vertex 100.585 3.82718 0
      vertex 101 5.3 1.5
      vertex 101 3.8 0
    endloop
  endfacet
  facet normal 0.466736 0.532201 -0.706342
    outer loop
      vertex 98.7395 4.73533 0
      vertex 99.9651 5.6513 1.5
      vertex 99.052 4.46127 0
    endloop
  endfacet
  facet normal 0.227517 -0.670339 -0.706315
    outer loop
      vertex 99.7754 9.95641 0
      vertex 100.169 10.09 0
      vertex 100.349 8.57059 1.5
    endloop
  endfacet
  facet normal 0.67029 0.2276 -0.706336
    outer loop
      vertex 97.91 6.16901 0
      vertex 99.3579 6.56001 1.5
      vertex 99.4294 6.34944 1.5
    endloop
  endfacet
  facet normal 0.666283 0.240535 -0.70584
    outer loop
      vertex 99.3579 6.56001 1.5
      vertex 97.91 6.16901 0
      vertex 97.909 6.17178 0
    endloop
  endfacet
  facet normal -0.138176 -0.694224 -0.706372
    outer loop
      vertex 101.222 8.68546 1.5
      vertex 101.421 10.1721 0
      vertex 101.44 8.64207 1.5
    endloop
  endfacet
  facet normal -0.116281 -0.697689 -0.706901
    outer loop
      vertex 101.421 10.1721 0
      vertex 101.222 8.68546 1.5
      vertex 101.418 10.1726 0
    endloop
  endfacet
  facet normal 0.532248 -0.466675 -0.706347
    outer loop
      vertex 98.4613 8.94804 0
      vertex 98.7353 9.26054 0
      vertex 99.6513 8.03489 1.5
    endloop
  endfacet
  facet normal -0.22712 -0.670429 -0.706358
    outer loop
      vertex 101.44 8.64207 1.5
      vertex 101.831 10.09 0
      vertex 101.651 8.57059 1.5
    endloop
  endfacet
  facet normal -0.22381 -0.671431 -0.706463
    outer loop
      vertex 101.831 10.09 0
      vertex 101.44 8.64207 1.5
      vertex 101.828 10.091 0
    endloop
  endfacet
  facet normal 0.393256 -0.588579 -0.706346
    outer loop
      vertex 99.3976 9.76966 0
      vertex 100.15 8.47224 1.5
      vertex 99.9651 8.3487 1.5
    endloop
  endfacet
  facet normal 0.396094 -0.586805 -0.706236
    outer loop
      vertex 100.15 8.47224 1.5
      vertex 99.3976 9.76966 0
      vertex 99.4 9.77128 0
    endloop
  endfacet
  facet normal -0.0470846 0.706269 -0.706376
    outer loop
      vertex 101.415 3.82718 0
      vertex 101.222 5.31454 1.5
      vertex 101.418 3.82738 0
    endloop
  endfacet
  facet normal -0.0462627 0.70635 -0.70635
    outer loop
      vertex 101.222 5.31454 1.5
      vertex 101.415 3.82718 0
      vertex 101 5.3 1.5
    endloop
  endfacet
  facet normal 0.694253 0.13815 -0.706348
    outer loop
      vertex 97.8279 6.57945 0
      vertex 99.3145 6.77811 1.5
      vertex 99.3579 6.56001 1.5
    endloop
  endfacet
  facet normal 0.696931 0.121417 -0.706785
    outer loop
      vertex 99.3145 6.77811 1.5
      vertex 97.8279 6.57945 0
      vertex 97.8274 6.58232 0
    endloop
  endfacet
  facet normal 0.523521 0.475928 -0.706696
    outer loop
      vertex 98.7353 4.73946 0
      vertex 99.7979 5.79792 1.5
      vertex 98.7373 4.73726 0
    endloop
  endfacet
  facet normal 0.532235 0.466688 -0.706349
    outer loop
      vertex 99.7979 5.79792 1.5
      vertex 98.7353 4.73946 0
      vertex 99.6513 5.96511 1.5
    endloop
  endfacet
  facet normal 0.132094 0.695233 -0.706542
    outer loop
      vertex 100.579 3.82795 0
      vertex 100.778 5.31454 1.5
      vertex 100.582 3.82738 0
    endloop
  endfacet
  facet normal 0.138178 0.694235 -0.70636
    outer loop
      vertex 100.778 5.31454 1.5
      vertex 100.579 3.82795 0
      vertex 100.56 5.35793 1.5
    endloop
  endfacet
  facet normal -0.694272 -0.137945 -0.706369
    outer loop
      vertex 102.642 7.43999 1.5
      vertex 104.091 7.82822 0
      vertex 104.172 7.42055 0
    endloop
  endfacet
  facet normal -0.393135 -0.588716 -0.706299
    outer loop
      vertex 101.85 8.47224 1.5
      vertex 102.602 9.76966 0
      vertex 102.035 8.3487 1.5
    endloop
  endfacet
  facet normal -0.447821 -0.552865 -0.702707
    outer loop
      vertex 102.602 9.76966 0
      vertex 101.85 8.47224 1.5
      vertex 102.6 9.77128 0
    endloop
  endfacet
  facet normal -0.447821 0.552865 -0.702707
    outer loop
      vertex 101.85 5.52776 1.5
      vertex 102.602 4.23034 0
      vertex 102.6 4.22872 0
    endloop
  endfacet
  facet normal -0.393135 0.588716 -0.706299
    outer loop
      vertex 102.602 4.23034 0
      vertex 101.85 5.52776 1.5
      vertex 102.035 5.6513 1.5
    endloop
  endfacet
  facet normal 0.313619 -0.634572 -0.706372
    outer loop
      vertex 100.15 8.47224 1.5
      vertex 99.4026 9.77258 0
      vertex 100.349 8.57059 1.5
    endloop
  endfacet
  facet normal 0.316512 -0.633024 -0.706471
    outer loop
      vertex 99.4026 9.77258 0
      vertex 100.15 8.47224 1.5
      vertex 99.4 9.77128 0
    endloop
  endfacet
  facet normal -0.466313 0.532569 -0.706345
    outer loop
      vertex 102.035 5.6513 1.5
      vertex 103.261 4.73533 0
      vertex 102.948 4.46127 0
    endloop
  endfacet
  facet normal -0.532248 0.466675 -0.706347
    outer loop
      vertex 102.349 5.96511 1.5
      vertex 103.539 5.05196 0
      vertex 103.265 4.73946 0
    endloop
  endfacet
  facet normal -0.694272 0.137945 -0.706369
    outer loop
      vertex 102.642 6.56001 1.5
      vertex 104.172 6.57945 0
      vertex 104.091 6.17178 0
    endloop
  endfacet
  facet normal -0.491017 0.508825 -0.707106
    outer loop
      vertex 103.261 4.73533 0
      vertex 102.202 5.79792 1.5
      vertex 103.263 4.73726 0
    endloop
  endfacet
  facet normal -0.46696 0.531867 -0.706445
    outer loop
      vertex 102.202 5.79792 1.5
      vertex 103.261 4.73533 0
      vertex 102.035 5.6513 1.5
    endloop
  endfacet
  facet normal -0.313625 0.63462 -0.706326
    outer loop
      vertex 101.651 5.42941 1.5
      vertex 102.597 4.22743 0
      vertex 102.225 4.04359 0
    endloop
  endfacet
  facet normal -0.706056 0.0477302 -0.706545
    outer loop
      vertex 104.173 6.58524 0
      vertex 102.685 6.77811 1.5
      vertex 102.7 7 1.5
    endloop
  endfacet
  facet normal -0.709941 0 -0.704261
    outer loop
      vertex 102.685 6.77811 1.5
      vertex 104.173 6.58524 0
      vertex 104.173 6.58232 0
    endloop
  endfacet
  facet normal 0.31362 0.634574 -0.70637
    outer loop
      vertex 99.4026 4.22743 0
      vertex 100.15 5.52776 1.5
      vertex 100.349 5.42941 1.5
    endloop
  endfacet
  facet normal 0.314589 0.634056 -0.706404
    outer loop
      vertex 100.15 5.52776 1.5
      vertex 99.4026 4.22743 0
      vertex 99.4 4.22872 0
    endloop
  endfacet
  facet normal -0.635549 -0.311987 -0.706217
    outer loop
      vertex 102.571 7.65056 1.5
      vertex 103.773 8.59738 0
      vertex 103.956 8.22459 0
    endloop
  endfacet
  facet normal -0.674542 -0.235032 -0.699824
    outer loop
      vertex 102.685 7.22189 1.5
      vertex 104.172 7.42055 0
      vertex 104.173 7.41768 0
    endloop
  endfacet
  facet normal -0.694367 -0.136899 -0.70648
    outer loop
      vertex 104.172 7.42055 0
      vertex 102.685 7.22189 1.5
      vertex 102.642 7.43999 1.5
    endloop
  endfacet
  facet normal -0.709941 0 -0.704261
    outer loop
      vertex 104.173 7.41476 0
      vertex 102.685 7.22189 1.5
      vertex 104.173 7.41768 0
    endloop
  endfacet
  facet normal -0.706056 -0.0477302 -0.706545
    outer loop
      vertex 102.685 7.22189 1.5
      vertex 104.173 7.41476 0
      vertex 102.7 7 1.5
    endloop
  endfacet
  facet normal 0.13833 -0.694209 -0.706355
    outer loop
      vertex 100.172 10.091 0
      vertex 100.579 10.1721 0
      vertex 100.56 8.64207 1.5
    endloop
  endfacet
  facet normal 0.588609 0.39317 -0.706369
    outer loop
      vertex 98.2303 5.39757 0
      vertex 99.5278 6.15 1.5
      vertex 99.6513 5.96511 1.5
    endloop
  endfacet
  facet normal 0.591081 0.389189 -0.70651
    outer loop
      vertex 99.5278 6.15 1.5
      vertex 98.2303 5.39757 0
      vertex 98.2287 5.4 0
    endloop
  endfacet
  facet normal 0.634037 0.314598 -0.706417
    outer loop
      vertex 98.2274 5.40262 0
      vertex 99.5278 6.15 1.5
      vertex 98.2287 5.4 0
    endloop
  endfacet
  facet normal 0.634788 0.313192 -0.706368
    outer loop
      vertex 99.5278 6.15 1.5
      vertex 98.2274 5.40262 0
      vertex 99.4294 6.34944 1.5
    endloop
  endfacet
  facet normal 0.046263 -0.706354 -0.706345
    outer loop
      vertex 100.778 8.68546 1.5
      vertex 100.585 10.1728 0
      vertex 101 8.7 1.5
    endloop
  endfacet
  facet normal 0.0470849 -0.706274 -0.706371
    outer loop
      vertex 100.585 10.1728 0
      vertex 100.778 8.68546 1.5
      vertex 100.582 10.1726 0
    endloop
  endfacet
  facet normal 0.396094 0.586805 -0.706236
    outer loop
      vertex 99.3976 4.23034 0
      vertex 100.15 5.52776 1.5
      vertex 99.4 4.22872 0
    endloop
  endfacet
  facet normal 0.393256 0.588579 -0.706346
    outer loop
      vertex 100.15 5.52776 1.5
      vertex 99.3976 4.23034 0
      vertex 99.9651 5.6513 1.5
    endloop
  endfacet
  facet normal -0.211522 0.675069 -0.706781
    outer loop
      vertex 101.44 5.35793 1.5
      vertex 101.831 3.90998 0
      vertex 101.828 3.90904 0
    endloop
  endfacet
  facet normal -0.227118 0.670424 -0.706363
    outer loop
      vertex 101.831 3.90998 0
      vertex 101.44 5.35793 1.5
      vertex 101.651 5.42941 1.5
    endloop
  endfacet
  facet normal 0.694253 -0.13815 -0.706348
    outer loop
      vertex 99.3145 7.22189 1.5
      vertex 97.8279 7.42055 0
      vertex 99.3579 7.43999 1.5
    endloop
  endfacet
  facet normal 0.696931 -0.121417 -0.706785
    outer loop
      vertex 97.8279 7.42055 0
      vertex 99.3145 7.22189 1.5
      vertex 97.8274 7.41768 0
    endloop
  endfacet
  facet normal 0.0462627 0.70635 -0.70635
    outer loop
      vertex 100.585 3.82718 0
      vertex 100.778 5.31454 1.5
      vertex 101 5.3 1.5
    endloop
  endfacet
  facet normal 0.0470846 0.706269 -0.706376
    outer loop
      vertex 100.778 5.31454 1.5
      vertex 100.585 3.82718 0
      vertex 100.582 3.82738 0
    endloop
  endfacet
  facet normal 0.313093 0.634907 -0.706304
    outer loop
      vertex 99.4026 4.22743 0
      vertex 100.349 5.42941 1.5
      vertex 99.7754 4.04359 0
    endloop
  endfacet
  facet normal -0.656812 0.270293 -0.703946
    outer loop
      vertex 103.77 5.39757 0
      vertex 102.472 6.15 1.5
      vertex 103.771 5.4 0
    endloop
  endfacet
  facet normal -0.589228 0.39199 -0.706509
    outer loop
      vertex 102.472 6.15 1.5
      vertex 103.77 5.39757 0
      vertex 102.349 5.96511 1.5
    endloop
  endfacet
  facet normal -0.280291 0.65184 -0.704657
    outer loop
      vertex 102.597 4.22743 0
      vertex 101.85 5.52776 1.5
      vertex 102.6 4.22872 0
    endloop
  endfacet
  facet normal -0.313638 0.634611 -0.706328
    outer loop
      vertex 101.85 5.52776 1.5
      vertex 102.597 4.22743 0
      vertex 101.651 5.42941 1.5
    endloop
  endfacet
  facet normal -0.656812 -0.270293 -0.703946
    outer loop
      vertex 102.472 7.85 1.5
      vertex 103.77 8.60243 0
      vertex 103.771 8.6 0
    endloop
  endfacet
  facet normal -0.589228 -0.39199 -0.706509
    outer loop
      vertex 103.77 8.60243 0
      vertex 102.472 7.85 1.5
      vertex 102.349 8.03489 1.5
    endloop
  endfacet
  facet normal -0.523469 0.475881 -0.706766
    outer loop
      vertex 102.202 5.79792 1.5
      vertex 103.265 4.73946 0
      vertex 103.263 4.73726 0
    endloop
  endfacet
  facet normal -0.531528 0.46734 -0.70645
    outer loop
      vertex 103.265 4.73946 0
      vertex 102.202 5.79792 1.5
      vertex 102.349 5.96511 1.5
    endloop
  endfacet
  facet normal -0.670249 0.228184 -0.706186
    outer loop
      vertex 102.571 6.34944 1.5
      vertex 104.09 6.16901 0
      vertex 103.956 5.77541 0
    endloop
  endfacet
  facet normal 0.634788 -0.313192 -0.706368
    outer loop
      vertex 98.2274 8.59738 0
      vertex 99.5278 7.85 1.5
      vertex 99.4294 7.65056 1.5
    endloop
  endfacet
  facet normal 0.634037 -0.314598 -0.706417
    outer loop
      vertex 99.5278 7.85 1.5
      vertex 98.2274 8.59738 0
      vertex 98.2287 8.6 0
    endloop
  endfacet
  facet normal -0.227302 -0.670388 -0.706339
    outer loop
      vertex 101.651 8.57059 1.5
      vertex 101.831 10.09 0
      vertex 102.225 9.95641 0
    endloop
  endfacet
  facet normal 0.694257 -0.138112 -0.706352
    outer loop
      vertex 97.8279 7.42055 0
      vertex 97.909 7.82822 0
      vertex 99.3579 7.43999 1.5
    endloop
  endfacet
  facet normal 0.31308 -0.634913 -0.706305
    outer loop
      vertex 99.4026 9.77258 0
      vertex 99.7754 9.95641 0
      vertex 100.349 8.57059 1.5
    endloop
  endfacet
  facet normal 0.466715 -0.532225 -0.706338
    outer loop
      vertex 99.7979 8.20208 1.5
      vertex 98.7395 9.26467 0
      vertex 99.9651 8.3487 1.5
    endloop
  endfacet
  facet normal 0.46682 -0.532126 -0.706343
    outer loop
      vertex 98.7395 9.26467 0
      vertex 99.7979 8.20208 1.5
      vertex 98.7373 9.26274 0
    endloop
  endfacet
  facet normal 0.22712 -0.670429 -0.706358
    outer loop
      vertex 100.169 10.09 0
      vertex 100.56 8.64207 1.5
      vertex 100.349 8.57059 1.5
    endloop
  endfacet
  facet normal 0.22381 -0.671431 -0.706463
    outer loop
      vertex 100.56 8.64207 1.5
      vertex 100.169 10.09 0
      vertex 100.172 10.091 0
    endloop
  endfacet
  facet normal 0.588609 -0.39317 -0.706369
    outer loop
      vertex 99.5278 7.85 1.5
      vertex 98.2303 8.60243 0
      vertex 99.6513 8.03489 1.5
    endloop
  endfacet
  facet normal 0.591081 -0.389189 -0.70651
    outer loop
      vertex 98.2303 8.60243 0
      vertex 99.5278 7.85 1.5
      vertex 98.2287 8.6 0
    endloop
  endfacet
endsolid OpenSCAD_Model
