solid OpenSCAD_Model
  facet normal 0.321438 -0.946931 0
    outer loop
      vertex 4.26469 0.835407 3
      vertex 4.61151 0.953136 10
      vertex 4.26469 0.835407 10
    endloop
  endfacet
  facet normal 0.321438 -0.946931 0
    outer loop
      vertex 4.61151 0.953136 10
      vertex 4.26469 0.835407 3
      vertex 4.61151 0.953136 3
    endloop
  endfacet
  facet normal 0.980787 0.195082 0
    outer loop
      vertex 6.31604 3.90547 10
      vertex 6.24459 4.26469 3
      vertex 6.24459 4.26469 10
    endloop
  endfacet
  facet normal 0.980787 0.195082 0
    outer loop
      vertex 6.24459 4.26469 3
      vertex 6.31604 3.90547 10
      vertex 6.31604 3.90547 3
    endloop
  endfacet
  facet normal 0.997858 0.065419 0
    outer loop
      vertex 6.34 3.54 10
      vertex 6.31604 3.90547 3
      vertex 6.31604 3.90547 10
    endloop
  endfacet
  facet normal 0.997858 0.065419 0
    outer loop
      vertex 6.31604 3.90547 3
      vertex 6.34 3.54 10
      vertex 6.34 3.54 3
    endloop
  endfacet
  facet normal 0.94693 0.321441 0
    outer loop
      vertex 6.24459 4.26469 10
      vertex 6.12686 4.61151 3
      vertex 6.12686 4.61151 10
    endloop
  endfacet
  facet normal 0.94693 0.321441 0
    outer loop
      vertex 6.12686 4.61151 3
      vertex 6.24459 4.26469 10
      vertex 6.24459 4.26469 3
    endloop
  endfacet
  facet normal 0.321441 0.94693 -0
    outer loop
      vertex 4.61151 6.12686 3
      vertex 4.26469 6.24459 10
      vertex 4.61151 6.12686 10
    endloop
  endfacet
  facet normal 0.321441 0.94693 0
    outer loop
      vertex 4.26469 6.24459 10
      vertex 4.61151 6.12686 3
      vertex 4.26469 6.24459 3
    endloop
  endfacet
  facet normal -0.896872 0.44229 0
    outer loop
      vertex 0.953136 4.61151 3
      vertex 1.11513 4.94 10
      vertex 1.11513 4.94 3
    endloop
  endfacet
  facet normal -0.896872 0.44229 0
    outer loop
      vertex 1.11513 4.94 10
      vertex 0.953136 4.61151 3
      vertex 0.953136 4.61151 10
    endloop
  endfacet
  facet normal -0.751844 -0.659341 0
    outer loop
      vertex 1.5601 1.5601 3
      vertex 1.31861 1.83547 10
      vertex 1.31861 1.83547 3
    endloop
  endfacet
  facet normal -0.751844 -0.659341 0
    outer loop
      vertex 1.31861 1.83547 10
      vertex 1.5601 1.5601 3
      vertex 1.5601 1.5601 10
    endloop
  endfacet
  facet normal 0.83147 0.555569 0
    outer loop
      vertex 5.96487 4.94 10
      vertex 5.76139 5.24453 3
      vertex 5.76139 5.24453 10
    endloop
  endfacet
  facet normal 0.83147 0.555569 0
    outer loop
      vertex 5.76139 5.24453 3
      vertex 5.96487 4.94 10
      vertex 5.96487 4.94 3
    endloop
  endfacet
  facet normal 0.896876 0.442281 0
    outer loop
      vertex 6.12686 4.61151 10
      vertex 5.96487 4.94 3
      vertex 5.96487 4.94 10
    endloop
  endfacet
  facet normal 0.896876 0.442281 0
    outer loop
      vertex 5.96487 4.94 3
      vertex 6.12686 4.61151 10
      vertex 6.12686 4.61151 3
    endloop
  endfacet
  facet normal -0.659341 -0.751844 0
    outer loop
      vertex 1.5601 1.5601 3
      vertex 1.83547 1.31861 10
      vertex 1.5601 1.5601 10
    endloop
  endfacet
  facet normal -0.659341 -0.751844 -0
    outer loop
      vertex 1.83547 1.31861 10
      vertex 1.5601 1.5601 3
      vertex 1.83547 1.31861 3
    endloop
  endfacet
  facet normal -0.751844 0.659341 0
    outer loop
      vertex 1.31861 5.24453 3
      vertex 1.5601 5.5199 10
      vertex 1.5601 5.5199 3
    endloop
  endfacet
  facet normal -0.751844 0.659341 0
    outer loop
      vertex 1.5601 5.5199 10
      vertex 1.31861 5.24453 3
      vertex 1.31861 5.24453 10
    endloop
  endfacet
  facet normal 0 0 1
    outer loop
      vertex 4.39 3.54 10
      vertex 6.34 3.54 10
      vertex 6.31604 3.90547 10
    endloop
  endfacet
  facet normal 0 0 1
    outer loop
      vertex 4.38273 3.65095 10
      vertex 6.31604 3.90547 10
      vertex 6.24459 4.26469 10
    endloop
  endfacet
  facet normal 0 0 1
    outer loop
      vertex 6.34 3.54 10
      vertex 4.39 3.54 10
      vertex 6.31604 3.17453 10
    endloop
  endfacet
  facet normal 0 0 1
    outer loop
      vertex 4.36104 3.76 10
      vertex 6.24459 4.26469 10
      vertex 6.12686 4.61151 10
    endloop
  endfacet
  facet normal -0 0 1
    outer loop
      vertex 4.38273 3.42905 10
      vertex 6.31604 3.17453 10
      vertex 4.39 3.54 10
    endloop
  endfacet
  facet normal 0 0 1
    outer loop
      vertex 4.3253 3.86528 10
      vertex 6.12686 4.61151 10
      vertex 5.96487 4.94 10
    endloop
  endfacet
  facet normal 0 0 1
    outer loop
      vertex 6.31604 3.17453 10
      vertex 4.38273 3.42905 10
      vertex 6.24459 2.81531 10
    endloop
  endfacet
  facet normal 0 0 1
    outer loop
      vertex 4.27612 3.965 10
      vertex 5.96487 4.94 10
      vertex 5.76139 5.24453 10
    endloop
  endfacet
  facet normal -0 0 1
    outer loop
      vertex 4.36104 3.32 10
      vertex 6.24459 2.81531 10
      vertex 4.38273 3.42905 10
    endloop
  endfacet
  facet normal 0 0 1
    outer loop
      vertex 4.21435 4.05745 10
      vertex 5.76139 5.24453 10
      vertex 5.5199 5.5199 10
    endloop
  endfacet
  facet normal 0 0 1
    outer loop
      vertex 6.24459 2.81531 10
      vertex 4.36104 3.32 10
      vertex 6.12686 2.46849 10
    endloop
  endfacet
  facet normal 0 0 1
    outer loop
      vertex 4.14104 4.14104 10
      vertex 5.5199 5.5199 10
      vertex 5.24453 5.76139 10
    endloop
  endfacet
  facet normal -0 0 1
    outer loop
      vertex 4.3253 3.21472 10
      vertex 6.12686 2.46849 10
      vertex 4.36104 3.32 10
    endloop
  endfacet
  facet normal 0 0 1
    outer loop
      vertex 4.05745 4.21435 10
      vertex 5.24453 5.76139 10
      vertex 4.94 5.96487 10
    endloop
  endfacet
  facet normal 0 0 1
    outer loop
      vertex 6.12686 2.46849 10
      vertex 4.3253 3.21472 10
      vertex 5.96487 2.14 10
    endloop
  endfacet
  facet normal 0 0 1
    outer loop
      vertex 3.965 4.27612 10
      vertex 4.94 5.96487 10
      vertex 4.61151 6.12686 10
    endloop
  endfacet
  facet normal -0 0 1
    outer loop
      vertex 4.27612 3.115 10
      vertex 5.96487 2.14 10
      vertex 4.3253 3.21472 10
    endloop
  endfacet
  facet normal 0 0 1
    outer loop
      vertex 5.96487 2.14 10
      vertex 4.27612 3.115 10
      vertex 5.76139 1.83547 10
    endloop
  endfacet
  facet normal 0 0 1
    outer loop
      vertex 6.31604 3.90547 10
      vertex 4.38273 3.65095 10
      vertex 4.39 3.54 10
    endloop
  endfacet
  facet normal 0 0 1
    outer loop
      vertex 6.24459 4.26469 10
      vertex 4.36104 3.76 10
      vertex 4.38273 3.65095 10
    endloop
  endfacet
  facet normal 0 0 1
    outer loop
      vertex 6.12686 4.61151 10
      vertex 4.3253 3.86528 10
      vertex 4.36104 3.76 10
    endloop
  endfacet
  facet normal 0 0 1
    outer loop
      vertex 5.96487 4.94 10
      vertex 4.27612 3.965 10
      vertex 4.3253 3.86528 10
    endloop
  endfacet
  facet normal 0 0 1
    outer loop
      vertex 3.86528 4.3253 10
      vertex 4.61151 6.12686 10
      vertex 4.26469 6.24459 10
    endloop
  endfacet
  facet normal 0 0 1
    outer loop
      vertex 5.76139 5.24453 10
      vertex 4.21435 4.05745 10
      vertex 4.27612 3.965 10
    endloop
  endfacet
  facet normal 0 0 1
    outer loop
      vertex 5.5199 5.5199 10
      vertex 4.14104 4.14104 10
      vertex 4.21435 4.05745 10
    endloop
  endfacet
  facet normal 0 0 1
    outer loop
      vertex 5.24453 5.76139 10
      vertex 4.05745 4.21435 10
      vertex 4.14104 4.14104 10
    endloop
  endfacet
  facet normal 0 0 1
    outer loop
      vertex 4.94 5.96487 10
      vertex 3.965 4.27612 10
      vertex 4.05745 4.21435 10
    endloop
  endfacet
  facet normal 0 0 1
    outer loop
      vertex 3.76 4.36104 10
      vertex 4.26469 6.24459 10
      vertex 3.90547 6.31604 10
    endloop
  endfacet
  facet normal 0 0 1
    outer loop
      vertex 4.61151 6.12686 10
      vertex 3.86528 4.3253 10
      vertex 3.965 4.27612 10
    endloop
  endfacet
  facet normal 0 0 1
    outer loop
      vertex 4.26469 6.24459 10
      vertex 3.76 4.36104 10
      vertex 3.86528 4.3253 10
    endloop
  endfacet
  facet normal 0 0 1
    outer loop
      vertex 3.90547 6.31604 10
      vertex 3.65095 4.38273 10
      vertex 3.76 4.36104 10
    endloop
  endfacet
  facet normal 0 0 1
    outer loop
      vertex 3.54 6.34 10
      vertex 3.65095 4.38273 10
      vertex 3.90547 6.31604 10
    endloop
  endfacet
  facet normal 0 0 1
    outer loop
      vertex 3.54 6.34 10
      vertex 3.54 4.39 10
      vertex 3.65095 4.38273 10
    endloop
  endfacet
  facet normal 0 0 1
    outer loop
      vertex 3.54 6.34 10
      vertex 3.42905 4.38273 10
      vertex 3.54 4.39 10
    endloop
  endfacet
  facet normal -0 0 1
    outer loop
      vertex 3.17453 6.31604 10
      vertex 3.42905 4.38273 10
      vertex 3.54 6.34 10
    endloop
  endfacet
  facet normal 0 0 1
    outer loop
      vertex 3.42905 4.38273 10
      vertex 3.17453 6.31604 10
      vertex 3.32 4.36104 10
    endloop
  endfacet
  facet normal -0 0 1
    outer loop
      vertex 2.81531 6.24459 10
      vertex 3.32 4.36104 10
      vertex 3.17453 6.31604 10
    endloop
  endfacet
  facet normal 0 0 1
    outer loop
      vertex 3.32 4.36104 10
      vertex 2.81531 6.24459 10
      vertex 3.21472 4.3253 10
    endloop
  endfacet
  facet normal -0 0 1
    outer loop
      vertex 2.46849 6.12686 10
      vertex 3.21472 4.3253 10
      vertex 2.81531 6.24459 10
    endloop
  endfacet
  facet normal 0 0 1
    outer loop
      vertex 3.21472 4.3253 10
      vertex 2.46849 6.12686 10
      vertex 3.115 4.27612 10
    endloop
  endfacet
  facet normal -0 0 1
    outer loop
      vertex 2.14 5.96487 10
      vertex 3.115 4.27612 10
      vertex 2.46849 6.12686 10
    endloop
  endfacet
  facet normal 0 0 1
    outer loop
      vertex 3.115 4.27612 10
      vertex 2.14 5.96487 10
      vertex 3.02255 4.21435 10
    endloop
  endfacet
  facet normal -0 0 1
    outer loop
      vertex 1.83547 5.76139 10
      vertex 3.02255 4.21435 10
      vertex 2.14 5.96487 10
    endloop
  endfacet
  facet normal 0 0 1
    outer loop
      vertex 3.02255 4.21435 10
      vertex 1.83547 5.76139 10
      vertex 2.93896 4.14104 10
    endloop
  endfacet
  facet normal -0 0 1
    outer loop
      vertex 1.5601 5.5199 10
      vertex 2.93896 4.14104 10
      vertex 1.83547 5.76139 10
    endloop
  endfacet
  facet normal 0 0 1
    outer loop
      vertex 2.93896 4.14104 10
      vertex 1.5601 5.5199 10
      vertex 2.86565 4.05745 10
    endloop
  endfacet
  facet normal -0 0 1
    outer loop
      vertex 1.31861 5.24453 10
      vertex 2.86565 4.05745 10
      vertex 1.5601 5.5199 10
    endloop
  endfacet
  facet normal 0 0 1
    outer loop
      vertex 2.86565 4.05745 10
      vertex 1.31861 5.24453 10
      vertex 2.80388 3.965 10
    endloop
  endfacet
  facet normal -0 0 1
    outer loop
      vertex 4.21435 3.02255 10
      vertex 5.76139 1.83547 10
      vertex 4.27612 3.115 10
    endloop
  endfacet
  facet normal 0 0 1
    outer loop
      vertex 5.76139 1.83547 10
      vertex 4.21435 3.02255 10
      vertex 5.5199 1.5601 10
    endloop
  endfacet
  facet normal -0 0 1
    outer loop
      vertex 4.14104 2.93896 10
      vertex 5.5199 1.5601 10
      vertex 4.21435 3.02255 10
    endloop
  endfacet
  facet normal 0 0 1
    outer loop
      vertex 5.5199 1.5601 10
      vertex 4.14104 2.93896 10
      vertex 5.24453 1.31861 10
    endloop
  endfacet
  facet normal -0 0 1
    outer loop
      vertex 4.05745 2.86565 10
      vertex 5.24453 1.31861 10
      vertex 4.14104 2.93896 10
    endloop
  endfacet
  facet normal 0 0 1
    outer loop
      vertex 5.24453 1.31861 10
      vertex 4.05745 2.86565 10
      vertex 4.94 1.11513 10
    endloop
  endfacet
  facet normal -0 0 1
    outer loop
      vertex 3.965 2.80388 10
      vertex 4.94 1.11513 10
      vertex 4.05745 2.86565 10
    endloop
  endfacet
  facet normal 0 0 1
    outer loop
      vertex 4.94 1.11513 10
      vertex 3.965 2.80388 10
      vertex 4.61151 0.953136 10
    endloop
  endfacet
  facet normal -0 0 1
    outer loop
      vertex 3.86528 2.7547 10
      vertex 4.61151 0.953136 10
      vertex 3.965 2.80388 10
    endloop
  endfacet
  facet normal 0 0 1
    outer loop
      vertex 4.61151 0.953136 10
      vertex 3.86528 2.7547 10
      vertex 4.26469 0.835407 10
    endloop
  endfacet
  facet normal -0 0 1
    outer loop
      vertex 3.76 2.71896 10
      vertex 4.26469 0.835407 10
      vertex 3.86528 2.7547 10
    endloop
  endfacet
  facet normal 0 0 1
    outer loop
      vertex 4.26469 0.835407 10
      vertex 3.76 2.71896 10
      vertex 3.90547 0.763954 10
    endloop
  endfacet
  facet normal -0 0 1
    outer loop
      vertex 3.65095 2.69727 10
      vertex 3.90547 0.763954 10
      vertex 3.76 2.71896 10
    endloop
  endfacet
  facet normal -0 0 1
    outer loop
      vertex 3.54 2.69 10
      vertex 3.90547 0.763954 10
      vertex 3.65095 2.69727 10
    endloop
  endfacet
  facet normal 0 0 1
    outer loop
      vertex 3.54 2.69 10
      vertex 3.54 0.74 10
      vertex 3.90547 0.763954 10
    endloop
  endfacet
  facet normal 0 0 1
    outer loop
      vertex 3.42905 2.69727 10
      vertex 3.54 0.74 10
      vertex 3.54 2.69 10
    endloop
  endfacet
  facet normal 0 0 1
    outer loop
      vertex 3.17453 0.763954 10
      vertex 3.42905 2.69727 10
      vertex 3.32 2.71896 10
    endloop
  endfacet
  facet normal 0 0 1
    outer loop
      vertex 2.81531 0.835407 10
      vertex 3.32 2.71896 10
      vertex 3.21472 2.7547 10
    endloop
  endfacet
  facet normal 0 0 1
    outer loop
      vertex 3.42905 2.69727 10
      vertex 3.17453 0.763954 10
      vertex 3.54 0.74 10
    endloop
  endfacet
  facet normal 0 0 1
    outer loop
      vertex 2.46849 0.953136 10
      vertex 3.21472 2.7547 10
      vertex 3.115 2.80388 10
    endloop
  endfacet
  facet normal 0 0 1
    outer loop
      vertex 2.14 1.11513 10
      vertex 3.115 2.80388 10
      vertex 3.02255 2.86565 10
    endloop
  endfacet
  facet normal 0 0 1
    outer loop
      vertex 1.83547 1.31861 10
      vertex 3.02255 2.86565 10
      vertex 2.93896 2.93896 10
    endloop
  endfacet
  facet normal 0 0 1
    outer loop
      vertex 1.5601 1.5601 10
      vertex 2.93896 2.93896 10
      vertex 2.86565 3.02255 10
    endloop
  endfacet
  facet normal 0 0 1
    outer loop
      vertex 3.32 2.71896 10
      vertex 2.81531 0.835407 10
      vertex 3.17453 0.763954 10
    endloop
  endfacet
  facet normal 0 0 1
    outer loop
      vertex 1.31861 1.83547 10
      vertex 2.86565 3.02255 10
      vertex 2.80388 3.115 10
    endloop
  endfacet
  facet normal 0 0 1
    outer loop
      vertex 1.11513 2.14 10
      vertex 2.80388 3.115 10
      vertex 2.7547 3.21472 10
    endloop
  endfacet
  facet normal 0 0 1
    outer loop
      vertex 0.953136 2.46849 10
      vertex 2.7547 3.21472 10
      vertex 2.71896 3.32 10
    endloop
  endfacet
  facet normal 0 0 1
    outer loop
      vertex 0.835407 2.81531 10
      vertex 2.71896 3.32 10
      vertex 2.69727 3.42905 10
    endloop
  endfacet
  facet normal 0 0 1
    outer loop
      vertex 0.763954 3.17453 10
      vertex 2.69727 3.42905 10
      vertex 2.69 3.54 10
    endloop
  endfacet
  facet normal -0 0 1
    outer loop
      vertex 1.11513 4.94 10
      vertex 2.80388 3.965 10
      vertex 1.31861 5.24453 10
    endloop
  endfacet
  facet normal 0 0 1
    outer loop
      vertex 3.21472 2.7547 10
      vertex 2.46849 0.953136 10
      vertex 2.81531 0.835407 10
    endloop
  endfacet
  facet normal 0 0 1
    outer loop
      vertex 2.80388 3.965 10
      vertex 1.11513 4.94 10
      vertex 2.7547 3.86528 10
    endloop
  endfacet
  facet normal 0 0 1
    outer loop
      vertex 3.115 2.80388 10
      vertex 2.14 1.11513 10
      vertex 2.46849 0.953136 10
    endloop
  endfacet
  facet normal -0 0 1
    outer loop
      vertex 0.953136 4.61151 10
      vertex 2.7547 3.86528 10
      vertex 1.11513 4.94 10
    endloop
  endfacet
  facet normal 0 0 1
    outer loop
      vertex 3.02255 2.86565 10
      vertex 1.83547 1.31861 10
      vertex 2.14 1.11513 10
    endloop
  endfacet
  facet normal 0 0 1
    outer loop
      vertex 2.7547 3.86528 10
      vertex 0.953136 4.61151 10
      vertex 2.71896 3.76 10
    endloop
  endfacet
  facet normal 0 0 1
    outer loop
      vertex 2.93896 2.93896 10
      vertex 1.5601 1.5601 10
      vertex 1.83547 1.31861 10
    endloop
  endfacet
  facet normal -0 0 1
    outer loop
      vertex 0.835407 4.26469 10
      vertex 2.71896 3.76 10
      vertex 0.953136 4.61151 10
    endloop
  endfacet
  facet normal 0 0 1
    outer loop
      vertex 2.86565 3.02255 10
      vertex 1.31861 1.83547 10
      vertex 1.5601 1.5601 10
    endloop
  endfacet
  facet normal 0 0 1
    outer loop
      vertex 2.71896 3.76 10
      vertex 0.835407 4.26469 10
      vertex 2.69727 3.65095 10
    endloop
  endfacet
  facet normal 0 0 1
    outer loop
      vertex 2.80388 3.115 10
      vertex 1.11513 2.14 10
      vertex 1.31861 1.83547 10
    endloop
  endfacet
  facet normal -0 0 1
    outer loop
      vertex 0.763954 3.90547 10
      vertex 2.69727 3.65095 10
      vertex 0.835407 4.26469 10
    endloop
  endfacet
  facet normal 0 0 1
    outer loop
      vertex 2.7547 3.21472 10
      vertex 0.953136 2.46849 10
      vertex 1.11513 2.14 10
    endloop
  endfacet
  facet normal 0 0 1
    outer loop
      vertex 2.69727 3.65095 10
      vertex 0.763954 3.90547 10
      vertex 2.69 3.54 10
    endloop
  endfacet
  facet normal 0 0 1
    outer loop
      vertex 2.71896 3.32 10
      vertex 0.835407 2.81531 10
      vertex 0.953136 2.46849 10
    endloop
  endfacet
  facet normal 0 0 1
    outer loop
      vertex 0.74 3.54 10
      vertex 2.69 3.54 10
      vertex 0.763954 3.90547 10
    endloop
  endfacet
  facet normal 0 0 1
    outer loop
      vertex 2.69727 3.42905 10
      vertex 0.763954 3.17453 10
      vertex 0.835407 2.81531 10
    endloop
  endfacet
  facet normal 0 0 1
    outer loop
      vertex 2.69 3.54 10
      vertex 0.74 3.54 10
      vertex 0.763954 3.17453 10
    endloop
  endfacet
  facet normal -0.83147 0.555569 0
    outer loop
      vertex 1.11513 4.94 3
      vertex 1.31861 5.24453 10
      vertex 1.31861 5.24453 3
    endloop
  endfacet
  facet normal -0.83147 0.555569 0
    outer loop
      vertex 1.31861 5.24453 10
      vertex 1.11513 4.94 3
      vertex 1.11513 4.94 10
    endloop
  endfacet
  facet normal -0.195082 0.980787 0
    outer loop
      vertex 3.17453 6.31604 3
      vertex 2.81531 6.24459 10
      vertex 3.17453 6.31604 10
    endloop
  endfacet
  facet normal -0.195082 0.980787 0
    outer loop
      vertex 2.81531 6.24459 10
      vertex 3.17453 6.31604 3
      vertex 2.81531 6.24459 3
    endloop
  endfacet
  facet normal 0.44229 -0.896872 0
    outer loop
      vertex 4.61151 0.953136 3
      vertex 4.94 1.11513 10
      vertex 4.61151 0.953136 10
    endloop
  endfacet
  facet normal 0.44229 -0.896872 0
    outer loop
      vertex 4.94 1.11513 10
      vertex 4.61151 0.953136 3
      vertex 4.94 1.11513 3
    endloop
  endfacet
  facet normal -0.946931 0.321438 0
    outer loop
      vertex 0.835407 4.26469 3
      vertex 0.953136 4.61151 10
      vertex 0.953136 4.61151 3
    endloop
  endfacet
  facet normal -0.946931 0.321438 0
    outer loop
      vertex 0.953136 4.61151 10
      vertex 0.835407 4.26469 3
      vertex 0.835407 4.26469 10
    endloop
  endfacet
  facet normal -0.442281 0.896876 0
    outer loop
      vertex 2.46849 6.12686 3
      vertex 2.14 5.96487 10
      vertex 2.46849 6.12686 10
    endloop
  endfacet
  facet normal -0.442281 0.896876 0
    outer loop
      vertex 2.14 5.96487 10
      vertex 2.46849 6.12686 3
      vertex 2.14 5.96487 3
    endloop
  endfacet
  facet normal -0.321438 -0.946931 0
    outer loop
      vertex 2.46849 0.953136 3
      vertex 2.81531 0.835407 10
      vertex 2.46849 0.953136 10
    endloop
  endfacet
  facet normal -0.321438 -0.946931 -0
    outer loop
      vertex 2.81531 0.835407 10
      vertex 2.46849 0.953136 3
      vertex 2.81531 0.835407 3
    endloop
  endfacet
  facet normal 0.83147 -0.555569 0
    outer loop
      vertex 5.76139 1.83547 10
      vertex 5.96487 2.14 3
      vertex 5.96487 2.14 10
    endloop
  endfacet
  facet normal 0.83147 -0.555569 0
    outer loop
      vertex 5.96487 2.14 3
      vertex 5.76139 1.83547 10
      vertex 5.76139 1.83547 3
    endloop
  endfacet
  facet normal 0.19509 -0.980785 0
    outer loop
      vertex 3.90547 0.763954 3
      vertex 4.26469 0.835407 10
      vertex 3.90547 0.763954 10
    endloop
  endfacet
  facet normal 0.19509 -0.980785 0
    outer loop
      vertex 4.26469 0.835407 10
      vertex 3.90547 0.763954 3
      vertex 4.26469 0.835407 3
    endloop
  endfacet
  facet normal 0.065419 0.997858 -0
    outer loop
      vertex 3.90547 6.31604 3
      vertex 3.54 6.34 10
      vertex 3.90547 6.31604 10
    endloop
  endfacet
  facet normal 0.065419 0.997858 0
    outer loop
      vertex 3.54 6.34 10
      vertex 3.90547 6.31604 3
      vertex 3.54 6.34 3
    endloop
  endfacet
  facet normal 0.980787 -0.195082 0
    outer loop
      vertex 6.24459 2.81531 10
      vertex 6.31604 3.17453 3
      vertex 6.31604 3.17453 10
    endloop
  endfacet
  facet normal 0.980787 -0.195082 0
    outer loop
      vertex 6.31604 3.17453 3
      vertex 6.24459 2.81531 10
      vertex 6.24459 2.81531 3
    endloop
  endfacet
  facet normal 0.555569 -0.83147 0
    outer loop
      vertex 4.94 1.11513 3
      vertex 5.24453 1.31861 10
      vertex 4.94 1.11513 10
    endloop
  endfacet
  facet normal 0.555569 -0.83147 0
    outer loop
      vertex 5.24453 1.31861 10
      vertex 4.94 1.11513 3
      vertex 5.24453 1.31861 3
    endloop
  endfacet
  facet normal 0.555569 0.83147 -0
    outer loop
      vertex 5.24453 5.76139 3
      vertex 4.94 5.96487 10
      vertex 5.24453 5.76139 10
    endloop
  endfacet
  facet normal 0.555569 0.83147 0
    outer loop
      vertex 4.94 5.96487 10
      vertex 5.24453 5.76139 3
      vertex 4.94 5.96487 3
    endloop
  endfacet
  facet normal 0.896876 -0.442281 0
    outer loop
      vertex 5.96487 2.14 10
      vertex 6.12686 2.46849 3
      vertex 6.12686 2.46849 10
    endloop
  endfacet
  facet normal 0.896876 -0.442281 0
    outer loop
      vertex 6.12686 2.46849 3
      vertex 5.96487 2.14 10
      vertex 5.96487 2.14 3
    endloop
  endfacet
  facet normal -0.555569 0.83147 0
    outer loop
      vertex 2.14 5.96487 3
      vertex 1.83547 5.76139 10
      vertex 2.14 5.96487 10
    endloop
  endfacet
  facet normal -0.555569 0.83147 0
    outer loop
      vertex 1.83547 5.76139 10
      vertex 2.14 5.96487 3
      vertex 1.83547 5.76139 3
    endloop
  endfacet
  facet normal 0.751844 -0.659341 0
    outer loop
      vertex 5.5199 1.5601 10
      vertex 5.76139 1.83547 3
      vertex 5.76139 1.83547 10
    endloop
  endfacet
  facet normal 0.751844 -0.659341 0
    outer loop
      vertex 5.76139 1.83547 3
      vertex 5.5199 1.5601 10
      vertex 5.5199 1.5601 3
    endloop
  endfacet
  facet normal 0.195082 0.980787 -0
    outer loop
      vertex 4.26469 6.24459 3
      vertex 3.90547 6.31604 10
      vertex 4.26469 6.24459 10
    endloop
  endfacet
  facet normal 0.195082 0.980787 0
    outer loop
      vertex 3.90547 6.31604 10
      vertex 4.26469 6.24459 3
      vertex 3.90547 6.31604 3
    endloop
  endfacet
  facet normal -0.659341 0.751844 0
    outer loop
      vertex 1.83547 5.76139 3
      vertex 1.5601 5.5199 10
      vertex 1.83547 5.76139 10
    endloop
  endfacet
  facet normal -0.659341 0.751844 0
    outer loop
      vertex 1.5601 5.5199 10
      vertex 1.83547 5.76139 3
      vertex 1.5601 5.5199 3
    endloop
  endfacet
  facet normal -0.321441 0.94693 0
    outer loop
      vertex 2.81531 6.24459 3
      vertex 2.46849 6.12686 10
      vertex 2.81531 6.24459 10
    endloop
  endfacet
  facet normal -0.321441 0.94693 0
    outer loop
      vertex 2.46849 6.12686 10
      vertex 2.81531 6.24459 3
      vertex 2.46849 6.12686 3
    endloop
  endfacet
  facet normal 0.997858 -0.065419 0
    outer loop
      vertex 6.31604 3.17453 10
      vertex 6.34 3.54 3
      vertex 6.34 3.54 10
    endloop
  endfacet
  facet normal 0.997858 -0.065419 0
    outer loop
      vertex 6.34 3.54 3
      vertex 6.31604 3.17453 10
      vertex 6.31604 3.17453 3
    endloop
  endfacet
  facet normal -0.980785 -0.19509 0
    outer loop
      vertex 0.835407 2.81531 3
      vertex 0.763954 3.17453 10
      vertex 0.763954 3.17453 3
    endloop
  endfacet
  facet normal -0.980785 -0.19509 0
    outer loop
      vertex 0.763954 3.17453 10
      vertex 0.835407 2.81531 3
      vertex 0.835407 2.81531 10
    endloop
  endfacet
  facet normal 0.659341 0.751844 -0
    outer loop
      vertex 5.5199 5.5199 3
      vertex 5.24453 5.76139 10
      vertex 5.5199 5.5199 10
    endloop
  endfacet
  facet normal 0.659341 0.751844 0
    outer loop
      vertex 5.24453 5.76139 10
      vertex 5.5199 5.5199 3
      vertex 5.24453 5.76139 3
    endloop
  endfacet
  facet normal 0.0654027 -0.997859 0
    outer loop
      vertex 3.54 0.74 3
      vertex 3.90547 0.763954 10
      vertex 3.54 0.74 10
    endloop
  endfacet
  facet normal 0.0654027 -0.997859 0
    outer loop
      vertex 3.90547 0.763954 10
      vertex 3.54 0.74 3
      vertex 3.90547 0.763954 3
    endloop
  endfacet
  facet normal -0.896872 -0.44229 0
    outer loop
      vertex 1.11513 2.14 3
      vertex 0.953136 2.46849 10
      vertex 0.953136 2.46849 3
    endloop
  endfacet
  facet normal -0.896872 -0.44229 0
    outer loop
      vertex 0.953136 2.46849 10
      vertex 1.11513 2.14 3
      vertex 1.11513 2.14 10
    endloop
  endfacet
  facet normal -0.44229 -0.896872 0
    outer loop
      vertex 2.14 1.11513 3
      vertex 2.46849 0.953136 10
      vertex 2.14 1.11513 10
    endloop
  endfacet
  facet normal -0.44229 -0.896872 -0
    outer loop
      vertex 2.46849 0.953136 10
      vertex 2.14 1.11513 3
      vertex 2.46849 0.953136 3
    endloop
  endfacet
  facet normal -0.83147 -0.555569 0
    outer loop
      vertex 1.31861 1.83547 3
      vertex 1.11513 2.14 10
      vertex 1.11513 2.14 3
    endloop
  endfacet
  facet normal -0.83147 -0.555569 0
    outer loop
      vertex 1.11513 2.14 10
      vertex 1.31861 1.83547 3
      vertex 1.31861 1.83547 10
    endloop
  endfacet
  facet normal 0.751844 0.659341 0
    outer loop
      vertex 5.76139 5.24453 10
      vertex 5.5199 5.5199 3
      vertex 5.5199 5.5199 10
    endloop
  endfacet
  facet normal 0.751844 0.659341 0
    outer loop
      vertex 5.5199 5.5199 3
      vertex 5.76139 5.24453 10
      vertex 5.76139 5.24453 3
    endloop
  endfacet
  facet normal 0.94693 -0.321441 0
    outer loop
      vertex 6.12686 2.46849 10
      vertex 6.24459 2.81531 3
      vertex 6.24459 2.81531 10
    endloop
  endfacet
  facet normal 0.94693 -0.321441 0
    outer loop
      vertex 6.24459 2.81531 3
      vertex 6.12686 2.46849 10
      vertex 6.12686 2.46849 3
    endloop
  endfacet
  facet normal -0.065419 0.997858 0
    outer loop
      vertex 3.54 6.34 3
      vertex 3.17453 6.31604 10
      vertex 3.54 6.34 10
    endloop
  endfacet
  facet normal -0.065419 0.997858 0
    outer loop
      vertex 3.17453 6.31604 10
      vertex 3.54 6.34 3
      vertex 3.17453 6.31604 3
    endloop
  endfacet
  facet normal 0.442281 0.896876 -0
    outer loop
      vertex 4.94 5.96487 3
      vertex 4.61151 6.12686 10
      vertex 4.94 5.96487 10
    endloop
  endfacet
  facet normal 0.442281 0.896876 0
    outer loop
      vertex 4.61151 6.12686 10
      vertex 4.94 5.96487 3
      vertex 4.61151 6.12686 3
    endloop
  endfacet
  facet normal -0.980785 0.19509 0
    outer loop
      vertex 0.763954 3.90547 3
      vertex 0.835407 4.26469 10
      vertex 0.835407 4.26469 3
    endloop
  endfacet
  facet normal -0.980785 0.19509 0
    outer loop
      vertex 0.835407 4.26469 10
      vertex 0.763954 3.90547 3
      vertex 0.763954 3.90547 10
    endloop
  endfacet
  facet normal -0.946931 -0.321438 0
    outer loop
      vertex 0.953136 2.46849 3
      vertex 0.835407 2.81531 10
      vertex 0.835407 2.81531 3
    endloop
  endfacet
  facet normal -0.946931 -0.321438 0
    outer loop
      vertex 0.835407 2.81531 10
      vertex 0.953136 2.46849 3
      vertex 0.953136 2.46849 10
    endloop
  endfacet
  facet normal -0.997859 -0.0654027 0
    outer loop
      vertex 0.763954 3.17453 3
      vertex 0.74 3.54 10
      vertex 0.74 3.54 3
    endloop
  endfacet
  facet normal -0.997859 -0.0654027 0
    outer loop
      vertex 0.74 3.54 10
      vertex 0.763954 3.17453 3
      vertex 0.763954 3.17453 10
    endloop
  endfacet
  facet normal -0.997859 0.0654027 0
    outer loop
      vertex 0.74 3.54 3
      vertex 0.763954 3.90547 10
      vertex 0.763954 3.90547 3
    endloop
  endfacet
  facet normal -0.997859 0.0654027 0
    outer loop
      vertex 0.763954 3.90547 10
      vertex 0.74 3.54 3
      vertex 0.74 3.54 10
    endloop
  endfacet
  facet normal -0.555569 -0.83147 0
    outer loop
      vertex 1.83547 1.31861 3
      vertex 2.14 1.11513 10
      vertex 1.83547 1.31861 10
    endloop
  endfacet
  facet normal -0.555569 -0.83147 -0
    outer loop
      vertex 2.14 1.11513 10
      vertex 1.83547 1.31861 3
      vertex 2.14 1.11513 3
    endloop
  endfacet
  facet normal -0.0654027 -0.997859 0
    outer loop
      vertex 3.17453 0.763954 3
      vertex 3.54 0.74 10
      vertex 3.17453 0.763954 10
    endloop
  endfacet
  facet normal -0.0654027 -0.997859 -0
    outer loop
      vertex 3.54 0.74 10
      vertex 3.17453 0.763954 3
      vertex 3.54 0.74 3
    endloop
  endfacet
  facet normal -0.19509 -0.980785 0
    outer loop
      vertex 2.81531 0.835407 3
      vertex 3.17453 0.763954 10
      vertex 2.81531 0.835407 10
    endloop
  endfacet
  facet normal -0.19509 -0.980785 -0
    outer loop
      vertex 3.17453 0.763954 10
      vertex 2.81531 0.835407 3
      vertex 3.17453 0.763954 3
    endloop
  endfacet
  facet normal 0.659341 -0.751844 0
    outer loop
      vertex 5.24453 1.31861 3
      vertex 5.5199 1.5601 10
      vertex 5.24453 1.31861 10
    endloop
  endfacet
  facet normal 0.659341 -0.751844 0
    outer loop
      vertex 5.5199 1.5601 10
      vertex 5.24453 1.31861 3
      vertex 5.5199 1.5601 3
    endloop
  endfacet
  facet normal 0.831445 -0.555607 0
    outer loop
      vertex 5.76139 22.1555 10
      vertex 5.96487 22.46 3
      vertex 5.96487 22.46 10
    endloop
  endfacet
  facet normal 0.831445 -0.555607 0
    outer loop
      vertex 5.96487 22.46 3
      vertex 5.76139 22.1555 10
      vertex 5.76139 22.1555 3
    endloop
  endfacet
  facet normal 0.980785 0.195092 0
    outer loop
      vertex 6.31604 24.2255 10
      vertex 6.24459 24.5847 3
      vertex 6.24459 24.5847 10
    endloop
  endfacet
  facet normal 0.980785 0.195092 0
    outer loop
      vertex 6.24459 24.5847 3
      vertex 6.31604 24.2255 10
      vertex 6.31604 24.2255 3
    endloop
  endfacet
  facet normal 0.997858 0.0654136 0
    outer loop
      vertex 6.34 23.86 10
      vertex 6.31604 24.2255 3
      vertex 6.31604 24.2255 10
    endloop
  endfacet
  facet normal 0.997858 0.0654136 0
    outer loop
      vertex 6.31604 24.2255 3
      vertex 6.34 23.86 10
      vertex 6.34 23.86 3
    endloop
  endfacet
  facet normal 0.946924 0.321457 0
    outer loop
      vertex 6.24459 24.5847 10
      vertex 6.12686 24.9315 3
      vertex 6.12686 24.9315 10
    endloop
  endfacet
  facet normal 0.946924 0.321457 0
    outer loop
      vertex 6.12686 24.9315 3
      vertex 6.24459 24.5847 10
      vertex 6.24459 24.5847 3
    endloop
  endfacet
  facet normal 0.659357 0.75183 -0
    outer loop
      vertex 5.5199 25.8399 3
      vertex 5.24453 26.0814 10
      vertex 5.5199 25.8399 10
    endloop
  endfacet
  facet normal 0.659357 0.75183 0
    outer loop
      vertex 5.24453 26.0814 10
      vertex 5.5199 25.8399 3
      vertex 5.24453 26.0814 3
    endloop
  endfacet
  facet normal -0.896877 -0.442279 0
    outer loop
      vertex 1.11513 22.46 3
      vertex 0.953136 22.7885 10
      vertex 0.953136 22.7885 3
    endloop
  endfacet
  facet normal -0.896877 -0.442279 0
    outer loop
      vertex 0.953136 22.7885 10
      vertex 1.11513 22.46 3
      vertex 1.11513 22.46 10
    endloop
  endfacet
  facet normal 0.0655277 0.997851 -0
    outer loop
      vertex 3.90547 26.636 3
      vertex 3.54 26.66 10
      vertex 3.90547 26.636 10
    endloop
  endfacet
  facet normal 0.0655277 0.997851 0
    outer loop
      vertex 3.54 26.66 10
      vertex 3.90547 26.636 3
      vertex 3.54 26.66 3
    endloop
  endfacet
  facet normal 0.997858 -0.0654136 0
    outer loop
      vertex 6.31604 23.4945 10
      vertex 6.34 23.86 3
      vertex 6.34 23.86 10
    endloop
  endfacet
  facet normal 0.997858 -0.0654136 0
    outer loop
      vertex 6.34 23.86 3
      vertex 6.31604 23.4945 10
      vertex 6.31604 23.4945 3
    endloop
  endfacet
  facet normal -0.442303 0.896866 0
    outer loop
      vertex 2.46849 26.4469 3
      vertex 2.14 26.2849 10
      vertex 2.46849 26.4469 10
    endloop
  endfacet
  facet normal -0.442303 0.896866 0
    outer loop
      vertex 2.14 26.2849 10
      vertex 2.46849 26.4469 3
      vertex 2.14 26.2849 3
    endloop
  endfacet
  facet normal 0.321367 -0.946955 0
    outer loop
      vertex 4.26469 21.1554 3
      vertex 4.61151 21.2731 10
      vertex 4.26469 21.1554 10
    endloop
  endfacet
  facet normal 0.321367 -0.946955 0
    outer loop
      vertex 4.61151 21.2731 10
      vertex 4.26469 21.1554 3
      vertex 4.61151 21.2731 3
    endloop
  endfacet
  facet normal 0.831445 0.555607 0
    outer loop
      vertex 5.96487 25.26 10
      vertex 5.76139 25.5645 3
      vertex 5.76139 25.5645 10
    endloop
  endfacet
  facet normal 0.831445 0.555607 0
    outer loop
      vertex 5.76139 25.5645 3
      vertex 5.96487 25.26 10
      vertex 5.96487 25.26 3
    endloop
  endfacet
  facet normal 0.896882 0.442271 0
    outer loop
      vertex 6.12686 24.9315 10
      vertex 5.96487 25.26 3
      vertex 5.96487 25.26 10
    endloop
  endfacet
  facet normal 0.896882 0.442271 0
    outer loop
      vertex 5.96487 25.26 3
      vertex 6.12686 24.9315 10
      vertex 6.12686 24.9315 3
    endloop
  endfacet
  facet normal -0.555607 -0.831445 0
    outer loop
      vertex 1.83547 21.6386 3
      vertex 2.14 21.4351 10
      vertex 1.83547 21.6386 10
    endloop
  endfacet
  facet normal -0.555607 -0.831445 -0
    outer loop
      vertex 2.14 21.4351 10
      vertex 1.83547 21.6386 3
      vertex 2.14 21.4351 3
    endloop
  endfacet
  facet normal -0.831445 0.555607 0
    outer loop
      vertex 1.11513 25.26 3
      vertex 1.31861 25.5645 10
      vertex 1.31861 25.5645 3
    endloop
  endfacet
  facet normal -0.831445 0.555607 0
    outer loop
      vertex 1.31861 25.5645 10
      vertex 1.11513 25.26 3
      vertex 1.11513 25.26 10
    endloop
  endfacet
  facet normal 0.896882 -0.442271 0
    outer loop
      vertex 5.96487 22.46 10
      vertex 6.12686 22.7885 3
      vertex 6.12686 22.7885 10
    endloop
  endfacet
  facet normal 0.896882 -0.442271 0
    outer loop
      vertex 6.12686 22.7885 3
      vertex 5.96487 22.46 10
      vertex 5.96487 22.46 3
    endloop
  endfacet
  facet normal -0.321367 0.946955 0
    outer loop
      vertex 2.81531 26.5646 3
      vertex 2.46849 26.4469 10
      vertex 2.81531 26.5646 10
    endloop
  endfacet
  facet normal -0.321367 0.946955 0
    outer loop
      vertex 2.46849 26.4469 10
      vertex 2.81531 26.5646 3
      vertex 2.46849 26.4469 3
    endloop
  endfacet
  facet normal -0.555607 0.831445 0
    outer loop
      vertex 2.14 26.2849 3
      vertex 1.83547 26.0814 10
      vertex 2.14 26.2849 10
    endloop
  endfacet
  facet normal -0.555607 0.831445 0
    outer loop
      vertex 1.83547 26.0814 10
      vertex 2.14 26.2849 3
      vertex 1.83547 26.0814 3
    endloop
  endfacet
  facet normal 0.555607 -0.831445 0
    outer loop
      vertex 4.94 21.4351 3
      vertex 5.24453 21.6386 10
      vertex 4.94 21.4351 10
    endloop
  endfacet
  facet normal 0.555607 -0.831445 0
    outer loop
      vertex 5.24453 21.6386 10
      vertex 4.94 21.4351 3
      vertex 5.24453 21.6386 3
    endloop
  endfacet
  facet normal 0.19495 -0.980813 0
    outer loop
      vertex 3.90547 21.084 3
      vertex 4.26469 21.1554 10
      vertex 3.90547 21.084 10
    endloop
  endfacet
  facet normal 0.19495 -0.980813 0
    outer loop
      vertex 4.26469 21.1554 10
      vertex 3.90547 21.084 3
      vertex 4.26469 21.1554 3
    endloop
  endfacet
  facet normal -0.751879 0.659301 0
    outer loop
      vertex 1.31861 25.5645 3
      vertex 1.5601 25.8399 10
      vertex 1.5601 25.8399 3
    endloop
  endfacet
  facet normal -0.751879 0.659301 0
    outer loop
      vertex 1.5601 25.8399 10
      vertex 1.31861 25.5645 3
      vertex 1.31861 25.5645 10
    endloop
  endfacet
  facet normal 0.946924 -0.321457 0
    outer loop
      vertex 6.12686 22.7885 10
      vertex 6.24459 23.1353 3
      vertex 6.24459 23.1353 10
    endloop
  endfacet
  facet normal 0.946924 -0.321457 0
    outer loop
      vertex 6.24459 23.1353 3
      vertex 6.12686 22.7885 10
      vertex 6.12686 22.7885 3
    endloop
  endfacet
  facet normal 0.555607 0.831445 -0
    outer loop
      vertex 5.24453 26.0814 3
      vertex 4.94 26.2849 10
      vertex 5.24453 26.0814 10
    endloop
  endfacet
  facet normal 0.555607 0.831445 0
    outer loop
      vertex 4.94 26.2849 10
      vertex 5.24453 26.0814 3
      vertex 4.94 26.2849 3
    endloop
  endfacet
  facet normal -0.980783 0.1951 0
    outer loop
      vertex 0.763954 24.2255 3
      vertex 0.835407 24.5847 10
      vertex 0.835407 24.5847 3
    endloop
  endfacet
  facet normal -0.980783 0.1951 0
    outer loop
      vertex 0.835407 24.5847 10
      vertex 0.763954 24.2255 3
      vertex 0.763954 24.2255 10
    endloop
  endfacet
  facet normal 0.659357 -0.75183 0
    outer loop
      vertex 5.24453 21.6386 3
      vertex 5.5199 21.8801 10
      vertex 5.24453 21.6386 10
    endloop
  endfacet
  facet normal 0.659357 -0.75183 0
    outer loop
      vertex 5.5199 21.8801 10
      vertex 5.24453 21.6386 3
      vertex 5.5199 21.8801 3
    endloop
  endfacet
  facet normal 0.751879 -0.659301 0
    outer loop
      vertex 5.5199 21.8801 10
      vertex 5.76139 22.1555 3
      vertex 5.76139 22.1555 10
    endloop
  endfacet
  facet normal 0.751879 -0.659301 0
    outer loop
      vertex 5.76139 22.1555 3
      vertex 5.5199 21.8801 10
      vertex 5.5199 21.8801 3
    endloop
  endfacet
  facet normal -0.19495 -0.980813 0
    outer loop
      vertex 2.81531 21.1554 3
      vertex 3.17453 21.084 10
      vertex 2.81531 21.1554 10
    endloop
  endfacet
  facet normal -0.19495 -0.980813 -0
    outer loop
      vertex 3.17453 21.084 10
      vertex 2.81531 21.1554 3
      vertex 3.17453 21.084 3
    endloop
  endfacet
  facet normal -0.997859 -0.0653973 0
    outer loop
      vertex 0.763954 23.4945 3
      vertex 0.74 23.86 10
      vertex 0.74 23.86 3
    endloop
  endfacet
  facet normal -0.997859 -0.0653973 0
    outer loop
      vertex 0.74 23.86 10
      vertex 0.763954 23.4945 3
      vertex 0.763954 23.4945 10
    endloop
  endfacet
  facet normal 0.980785 -0.195092 0
    outer loop
      vertex 6.24459 23.1353 10
      vertex 6.31604 23.4945 3
      vertex 6.31604 23.4945 10
    endloop
  endfacet
  facet normal 0.980785 -0.195092 0
    outer loop
      vertex 6.31604 23.4945 3
      vertex 6.24459 23.1353 10
      vertex 6.24459 23.1353 3
    endloop
  endfacet
  facet normal -0.442303 -0.896866 0
    outer loop
      vertex 2.14 21.4351 3
      vertex 2.46849 21.2731 10
      vertex 2.14 21.4351 10
    endloop
  endfacet
  facet normal -0.442303 -0.896866 -0
    outer loop
      vertex 2.46849 21.2731 10
      vertex 2.14 21.4351 3
      vertex 2.46849 21.2731 3
    endloop
  endfacet
  facet normal 0.19495 0.980813 -0
    outer loop
      vertex 4.26469 26.5646 3
      vertex 3.90547 26.636 10
      vertex 4.26469 26.5646 10
    endloop
  endfacet
  facet normal 0.19495 0.980813 0
    outer loop
      vertex 3.90547 26.636 10
      vertex 4.26469 26.5646 3
      vertex 3.90547 26.636 3
    endloop
  endfacet
  facet normal 0.442303 0.896866 -0
    outer loop
      vertex 4.94 26.2849 3
      vertex 4.61151 26.4469 10
      vertex 4.94 26.2849 10
    endloop
  endfacet
  facet normal 0.442303 0.896866 0
    outer loop
      vertex 4.61151 26.4469 10
      vertex 4.94 26.2849 3
      vertex 4.61151 26.4469 3
    endloop
  endfacet
  facet normal 0.442303 -0.896866 0
    outer loop
      vertex 4.61151 21.2731 3
      vertex 4.94 21.4351 10
      vertex 4.61151 21.2731 10
    endloop
  endfacet
  facet normal 0.442303 -0.896866 0
    outer loop
      vertex 4.94 21.4351 10
      vertex 4.61151 21.2731 3
      vertex 4.94 21.4351 3
    endloop
  endfacet
  facet normal -0.980783 -0.1951 0
    outer loop
      vertex 0.835407 23.1353 3
      vertex 0.763954 23.4945 10
      vertex 0.763954 23.4945 3
    endloop
  endfacet
  facet normal -0.980783 -0.1951 0
    outer loop
      vertex 0.763954 23.4945 10
      vertex 0.835407 23.1353 3
      vertex 0.835407 23.1353 10
    endloop
  endfacet
  facet normal 0.0655277 -0.997851 0
    outer loop
      vertex 3.54 21.06 3
      vertex 3.90547 21.084 10
      vertex 3.54 21.06 10
    endloop
  endfacet
  facet normal 0.0655277 -0.997851 0
    outer loop
      vertex 3.90547 21.084 10
      vertex 3.54 21.06 3
      vertex 3.90547 21.084 3
    endloop
  endfacet
  facet normal -0.0655277 0.997851 0
    outer loop
      vertex 3.54 26.66 3
      vertex 3.17453 26.636 10
      vertex 3.54 26.66 10
    endloop
  endfacet
  facet normal -0.0655277 0.997851 0
    outer loop
      vertex 3.17453 26.636 10
      vertex 3.54 26.66 3
      vertex 3.17453 26.636 3
    endloop
  endfacet
  facet normal -0.321367 -0.946955 0
    outer loop
      vertex 2.46849 21.2731 3
      vertex 2.81531 21.1554 10
      vertex 2.46849 21.2731 10
    endloop
  endfacet
  facet normal -0.321367 -0.946955 -0
    outer loop
      vertex 2.81531 21.1554 10
      vertex 2.46849 21.2731 3
      vertex 2.81531 21.1554 3
    endloop
  endfacet
  facet normal -0.659357 -0.75183 0
    outer loop
      vertex 1.5601 21.8801 3
      vertex 1.83547 21.6386 10
      vertex 1.5601 21.8801 10
    endloop
  endfacet
  facet normal -0.659357 -0.75183 -0
    outer loop
      vertex 1.83547 21.6386 10
      vertex 1.5601 21.8801 3
      vertex 1.83547 21.6386 3
    endloop
  endfacet
  facet normal -0.0655277 -0.997851 0
    outer loop
      vertex 3.17453 21.084 3
      vertex 3.54 21.06 10
      vertex 3.17453 21.084 10
    endloop
  endfacet
  facet normal -0.0655277 -0.997851 -0
    outer loop
      vertex 3.54 21.06 10
      vertex 3.17453 21.084 3
      vertex 3.54 21.06 3
    endloop
  endfacet
  facet normal 0.321367 0.946955 -0
    outer loop
      vertex 4.61151 26.4469 3
      vertex 4.26469 26.5646 10
      vertex 4.61151 26.4469 10
    endloop
  endfacet
  facet normal 0.321367 0.946955 0
    outer loop
      vertex 4.26469 26.5646 10
      vertex 4.61151 26.4469 3
      vertex 4.26469 26.5646 3
    endloop
  endfacet
  facet normal -0.659357 0.75183 0
    outer loop
      vertex 1.83547 26.0814 3
      vertex 1.5601 25.8399 10
      vertex 1.83547 26.0814 10
    endloop
  endfacet
  facet normal -0.659357 0.75183 0
    outer loop
      vertex 1.5601 25.8399 10
      vertex 1.83547 26.0814 3
      vertex 1.5601 25.8399 3
    endloop
  endfacet
  facet normal 0.751879 0.659301 0
    outer loop
      vertex 5.76139 25.5645 10
      vertex 5.5199 25.8399 3
      vertex 5.5199 25.8399 10
    endloop
  endfacet
  facet normal 0.751879 0.659301 0
    outer loop
      vertex 5.5199 25.8399 3
      vertex 5.76139 25.5645 10
      vertex 5.76139 25.5645 3
    endloop
  endfacet
  facet normal -0.19495 0.980813 0
    outer loop
      vertex 3.17453 26.636 3
      vertex 2.81531 26.5646 10
      vertex 3.17453 26.636 10
    endloop
  endfacet
  facet normal -0.19495 0.980813 0
    outer loop
      vertex 2.81531 26.5646 10
      vertex 3.17453 26.636 3
      vertex 2.81531 26.5646 3
    endloop
  endfacet
  facet normal 0 0 1
    outer loop
      vertex 4.39 23.86 10
      vertex 6.34 23.86 10
      vertex 6.31604 24.2255 10
    endloop
  endfacet
  facet normal 0 0 1
    outer loop
      vertex 4.38273 23.9709 10
      vertex 6.31604 24.2255 10
      vertex 6.24459 24.5847 10
    endloop
  endfacet
  facet normal 0 0 1
    outer loop
      vertex 6.34 23.86 10
      vertex 4.39 23.86 10
      vertex 6.31604 23.4945 10
    endloop
  endfacet
  facet normal 0 0 1
    outer loop
      vertex 4.36104 24.08 10
      vertex 6.24459 24.5847 10
      vertex 6.12686 24.9315 10
    endloop
  endfacet
  facet normal -0 0 1
    outer loop
      vertex 4.38273 23.7491 10
      vertex 6.31604 23.4945 10
      vertex 4.39 23.86 10
    endloop
  endfacet
  facet normal 0 0 1
    outer loop
      vertex 4.3253 24.1853 10
      vertex 6.12686 24.9315 10
      vertex 5.96487 25.26 10
    endloop
  endfacet
  facet normal 0 0 1
    outer loop
      vertex 6.31604 23.4945 10
      vertex 4.38273 23.7491 10
      vertex 6.24459 23.1353 10
    endloop
  endfacet
  facet normal 0 0 1
    outer loop
      vertex 4.27612 24.285 10
      vertex 5.96487 25.26 10
      vertex 5.76139 25.5645 10
    endloop
  endfacet
  facet normal -0 0 1
    outer loop
      vertex 4.36104 23.64 10
      vertex 6.24459 23.1353 10
      vertex 4.38273 23.7491 10
    endloop
  endfacet
  facet normal 0 0 1
    outer loop
      vertex 4.21435 24.3774 10
      vertex 5.76139 25.5645 10
      vertex 5.5199 25.8399 10
    endloop
  endfacet
  facet normal 0 0 1
    outer loop
      vertex 6.24459 23.1353 10
      vertex 4.36104 23.64 10
      vertex 6.12686 22.7885 10
    endloop
  endfacet
  facet normal 0 0 1
    outer loop
      vertex 4.14104 24.461 10
      vertex 5.5199 25.8399 10
      vertex 5.24453 26.0814 10
    endloop
  endfacet
  facet normal -0 0 1
    outer loop
      vertex 4.3253 23.5347 10
      vertex 6.12686 22.7885 10
      vertex 4.36104 23.64 10
    endloop
  endfacet
  facet normal 0 0 1
    outer loop
      vertex 4.05745 24.5343 10
      vertex 5.24453 26.0814 10
      vertex 4.94 26.2849 10
    endloop
  endfacet
  facet normal 0 0 1
    outer loop
      vertex 6.12686 22.7885 10
      vertex 4.3253 23.5347 10
      vertex 5.96487 22.46 10
    endloop
  endfacet
  facet normal 0 0 1
    outer loop
      vertex 3.965 24.5961 10
      vertex 4.94 26.2849 10
      vertex 4.61151 26.4469 10
    endloop
  endfacet
  facet normal -0 0 1
    outer loop
      vertex 4.27612 23.435 10
      vertex 5.96487 22.46 10
      vertex 4.3253 23.5347 10
    endloop
  endfacet
  facet normal 0 0 1
    outer loop
      vertex 5.96487 22.46 10
      vertex 4.27612 23.435 10
      vertex 5.76139 22.1555 10
    endloop
  endfacet
  facet normal 0 0 1
    outer loop
      vertex 6.31604 24.2255 10
      vertex 4.38273 23.9709 10
      vertex 4.39 23.86 10
    endloop
  endfacet
  facet normal 0 0 1
    outer loop
      vertex 6.24459 24.5847 10
      vertex 4.36104 24.08 10
      vertex 4.38273 23.9709 10
    endloop
  endfacet
  facet normal 0 0 1
    outer loop
      vertex 6.12686 24.9315 10
      vertex 4.3253 24.1853 10
      vertex 4.36104 24.08 10
    endloop
  endfacet
  facet normal 0 0 1
    outer loop
      vertex 5.96487 25.26 10
      vertex 4.27612 24.285 10
      vertex 4.3253 24.1853 10
    endloop
  endfacet
  facet normal 0 0 1
    outer loop
      vertex 3.86528 24.6453 10
      vertex 4.61151 26.4469 10
      vertex 4.26469 26.5646 10
    endloop
  endfacet
  facet normal 0 0 1
    outer loop
      vertex 5.76139 25.5645 10
      vertex 4.21435 24.3774 10
      vertex 4.27612 24.285 10
    endloop
  endfacet
  facet normal 0 0 1
    outer loop
      vertex 5.5199 25.8399 10
      vertex 4.14104 24.461 10
      vertex 4.21435 24.3774 10
    endloop
  endfacet
  facet normal 0 0 1
    outer loop
      vertex 5.24453 26.0814 10
      vertex 4.05745 24.5343 10
      vertex 4.14104 24.461 10
    endloop
  endfacet
  facet normal 0 0 1
    outer loop
      vertex 4.94 26.2849 10
      vertex 3.965 24.5961 10
      vertex 4.05745 24.5343 10
    endloop
  endfacet
  facet normal 0 0 1
    outer loop
      vertex 3.76 24.681 10
      vertex 4.26469 26.5646 10
      vertex 3.90547 26.636 10
    endloop
  endfacet
  facet normal 0 0 1
    outer loop
      vertex 4.61151 26.4469 10
      vertex 3.86528 24.6453 10
      vertex 3.965 24.5961 10
    endloop
  endfacet
  facet normal 0 0 1
    outer loop
      vertex 4.26469 26.5646 10
      vertex 3.76 24.681 10
      vertex 3.86528 24.6453 10
    endloop
  endfacet
  facet normal 0 0 1
    outer loop
      vertex 3.90547 26.636 10
      vertex 3.65095 24.7027 10
      vertex 3.76 24.681 10
    endloop
  endfacet
  facet normal 0 0 1
    outer loop
      vertex 3.54 26.66 10
      vertex 3.65095 24.7027 10
      vertex 3.90547 26.636 10
    endloop
  endfacet
  facet normal 0 0 1
    outer loop
      vertex 3.54 26.66 10
      vertex 3.54 24.71 10
      vertex 3.65095 24.7027 10
    endloop
  endfacet
  facet normal 0 0 1
    outer loop
      vertex 3.54 26.66 10
      vertex 3.42905 24.7027 10
      vertex 3.54 24.71 10
    endloop
  endfacet
  facet normal -0 0 1
    outer loop
      vertex 3.17453 26.636 10
      vertex 3.42905 24.7027 10
      vertex 3.54 26.66 10
    endloop
  endfacet
  facet normal 0 0 1
    outer loop
      vertex 3.42905 24.7027 10
      vertex 3.17453 26.636 10
      vertex 3.32 24.681 10
    endloop
  endfacet
  facet normal -0 0 1
    outer loop
      vertex 2.81531 26.5646 10
      vertex 3.32 24.681 10
      vertex 3.17453 26.636 10
    endloop
  endfacet
  facet normal 0 0 1
    outer loop
      vertex 3.32 24.681 10
      vertex 2.81531 26.5646 10
      vertex 3.21472 24.6453 10
    endloop
  endfacet
  facet normal -0 0 1
    outer loop
      vertex 2.46849 26.4469 10
      vertex 3.21472 24.6453 10
      vertex 2.81531 26.5646 10
    endloop
  endfacet
  facet normal 0 0 1
    outer loop
      vertex 3.21472 24.6453 10
      vertex 2.46849 26.4469 10
      vertex 3.115 24.5961 10
    endloop
  endfacet
  facet normal -0 0 1
    outer loop
      vertex 2.14 26.2849 10
      vertex 3.115 24.5961 10
      vertex 2.46849 26.4469 10
    endloop
  endfacet
  facet normal 0 0 1
    outer loop
      vertex 3.115 24.5961 10
      vertex 2.14 26.2849 10
      vertex 3.02255 24.5343 10
    endloop
  endfacet
  facet normal -0 0 1
    outer loop
      vertex 1.83547 26.0814 10
      vertex 3.02255 24.5343 10
      vertex 2.14 26.2849 10
    endloop
  endfacet
  facet normal 0 0 1
    outer loop
      vertex 3.02255 24.5343 10
      vertex 1.83547 26.0814 10
      vertex 2.93896 24.461 10
    endloop
  endfacet
  facet normal -0 0 1
    outer loop
      vertex 1.5601 25.8399 10
      vertex 2.93896 24.461 10
      vertex 1.83547 26.0814 10
    endloop
  endfacet
  facet normal 0 0 1
    outer loop
      vertex 2.93896 24.461 10
      vertex 1.5601 25.8399 10
      vertex 2.86565 24.3774 10
    endloop
  endfacet
  facet normal -0 0 1
    outer loop
      vertex 1.31861 25.5645 10
      vertex 2.86565 24.3774 10
      vertex 1.5601 25.8399 10
    endloop
  endfacet
  facet normal 0 0 1
    outer loop
      vertex 2.86565 24.3774 10
      vertex 1.31861 25.5645 10
      vertex 2.80388 24.285 10
    endloop
  endfacet
  facet normal -0 0 1
    outer loop
      vertex 4.21435 23.3426 10
      vertex 5.76139 22.1555 10
      vertex 4.27612 23.435 10
    endloop
  endfacet
  facet normal 0 0 1
    outer loop
      vertex 5.76139 22.1555 10
      vertex 4.21435 23.3426 10
      vertex 5.5199 21.8801 10
    endloop
  endfacet
  facet normal -0 0 1
    outer loop
      vertex 4.14104 23.259 10
      vertex 5.5199 21.8801 10
      vertex 4.21435 23.3426 10
    endloop
  endfacet
  facet normal 0 0 1
    outer loop
      vertex 5.5199 21.8801 10
      vertex 4.14104 23.259 10
      vertex 5.24453 21.6386 10
    endloop
  endfacet
  facet normal -0 0 1
    outer loop
      vertex 4.05745 23.1856 10
      vertex 5.24453 21.6386 10
      vertex 4.14104 23.259 10
    endloop
  endfacet
  facet normal 0 0 1
    outer loop
      vertex 5.24453 21.6386 10
      vertex 4.05745 23.1856 10
      vertex 4.94 21.4351 10
    endloop
  endfacet
  facet normal -0 0 1
    outer loop
      vertex 3.965 23.1239 10
      vertex 4.94 21.4351 10
      vertex 4.05745 23.1856 10
    endloop
  endfacet
  facet normal 0 0 1
    outer loop
      vertex 4.94 21.4351 10
      vertex 3.965 23.1239 10
      vertex 4.61151 21.2731 10
    endloop
  endfacet
  facet normal -0 0 1
    outer loop
      vertex 3.86528 23.0747 10
      vertex 4.61151 21.2731 10
      vertex 3.965 23.1239 10
    endloop
  endfacet
  facet normal 0 0 1
    outer loop
      vertex 4.61151 21.2731 10
      vertex 3.86528 23.0747 10
      vertex 4.26469 21.1554 10
    endloop
  endfacet
  facet normal -0 0 1
    outer loop
      vertex 3.76 23.039 10
      vertex 4.26469 21.1554 10
      vertex 3.86528 23.0747 10
    endloop
  endfacet
  facet normal 0 0 1
    outer loop
      vertex 4.26469 21.1554 10
      vertex 3.76 23.039 10
      vertex 3.90547 21.084 10
    endloop
  endfacet
  facet normal -0 0 1
    outer loop
      vertex 3.65095 23.0173 10
      vertex 3.90547 21.084 10
      vertex 3.76 23.039 10
    endloop
  endfacet
  facet normal -0 0 1
    outer loop
      vertex 3.54 23.01 10
      vertex 3.90547 21.084 10
      vertex 3.65095 23.0173 10
    endloop
  endfacet
  facet normal 0 0 1
    outer loop
      vertex 3.54 23.01 10
      vertex 3.54 21.06 10
      vertex 3.90547 21.084 10
    endloop
  endfacet
  facet normal 0 0 1
    outer loop
      vertex 3.42905 23.0173 10
      vertex 3.54 21.06 10
      vertex 3.54 23.01 10
    endloop
  endfacet
  facet normal 0 0 1
    outer loop
      vertex 3.17453 21.084 10
      vertex 3.42905 23.0173 10
      vertex 3.32 23.039 10
    endloop
  endfacet
  facet normal 0 0 1
    outer loop
      vertex 2.81531 21.1554 10
      vertex 3.32 23.039 10
      vertex 3.21472 23.0747 10
    endloop
  endfacet
  facet normal 0 0 1
    outer loop
      vertex 3.42905 23.0173 10
      vertex 3.17453 21.084 10
      vertex 3.54 21.06 10
    endloop
  endfacet
  facet normal 0 0 1
    outer loop
      vertex 2.46849 21.2731 10
      vertex 3.21472 23.0747 10
      vertex 3.115 23.1239 10
    endloop
  endfacet
  facet normal 0 0 1
    outer loop
      vertex 2.14 21.4351 10
      vertex 3.115 23.1239 10
      vertex 3.02255 23.1856 10
    endloop
  endfacet
  facet normal 0 0 1
    outer loop
      vertex 1.83547 21.6386 10
      vertex 3.02255 23.1856 10
      vertex 2.93896 23.259 10
    endloop
  endfacet
  facet normal 0 0 1
    outer loop
      vertex 1.5601 21.8801 10
      vertex 2.93896 23.259 10
      vertex 2.86565 23.3426 10
    endloop
  endfacet
  facet normal 0 0 1
    outer loop
      vertex 3.32 23.039 10
      vertex 2.81531 21.1554 10
      vertex 3.17453 21.084 10
    endloop
  endfacet
  facet normal 0 0 1
    outer loop
      vertex 1.31861 22.1555 10
      vertex 2.86565 23.3426 10
      vertex 2.80388 23.435 10
    endloop
  endfacet
  facet normal 0 0 1
    outer loop
      vertex 1.11513 22.46 10
      vertex 2.80388 23.435 10
      vertex 2.7547 23.5347 10
    endloop
  endfacet
  facet normal 0 0 1
    outer loop
      vertex 0.953136 22.7885 10
      vertex 2.7547 23.5347 10
      vertex 2.71896 23.64 10
    endloop
  endfacet
  facet normal 0 0 1
    outer loop
      vertex 0.835407 23.1353 10
      vertex 2.71896 23.64 10
      vertex 2.69727 23.7491 10
    endloop
  endfacet
  facet normal 0 0 1
    outer loop
      vertex 0.763954 23.4945 10
      vertex 2.69727 23.7491 10
      vertex 2.69 23.86 10
    endloop
  endfacet
  facet normal -0 0 1
    outer loop
      vertex 1.11513 25.26 10
      vertex 2.80388 24.285 10
      vertex 1.31861 25.5645 10
    endloop
  endfacet
  facet normal 0 0 1
    outer loop
      vertex 3.21472 23.0747 10
      vertex 2.46849 21.2731 10
      vertex 2.81531 21.1554 10
    endloop
  endfacet
  facet normal 0 0 1
    outer loop
      vertex 2.80388 24.285 10
      vertex 1.11513 25.26 10
      vertex 2.7547 24.1853 10
    endloop
  endfacet
  facet normal 0 0 1
    outer loop
      vertex 3.115 23.1239 10
      vertex 2.14 21.4351 10
      vertex 2.46849 21.2731 10
    endloop
  endfacet
  facet normal -0 0 1
    outer loop
      vertex 0.953136 24.9315 10
      vertex 2.7547 24.1853 10
      vertex 1.11513 25.26 10
    endloop
  endfacet
  facet normal 0 0 1
    outer loop
      vertex 3.02255 23.1856 10
      vertex 1.83547 21.6386 10
      vertex 2.14 21.4351 10
    endloop
  endfacet
  facet normal 0 0 1
    outer loop
      vertex 2.7547 24.1853 10
      vertex 0.953136 24.9315 10
      vertex 2.71896 24.08 10
    endloop
  endfacet
  facet normal 0 0 1
    outer loop
      vertex 2.93896 23.259 10
      vertex 1.5601 21.8801 10
      vertex 1.83547 21.6386 10
    endloop
  endfacet
  facet normal -0 0 1
    outer loop
      vertex 0.835407 24.5847 10
      vertex 2.71896 24.08 10
      vertex 0.953136 24.9315 10
    endloop
  endfacet
  facet normal 0 0 1
    outer loop
      vertex 2.86565 23.3426 10
      vertex 1.31861 22.1555 10
      vertex 1.5601 21.8801 10
    endloop
  endfacet
  facet normal 0 0 1
    outer loop
      vertex 2.71896 24.08 10
      vertex 0.835407 24.5847 10
      vertex 2.69727 23.9709 10
    endloop
  endfacet
  facet normal 0 0 1
    outer loop
      vertex 2.80388 23.435 10
      vertex 1.11513 22.46 10
      vertex 1.31861 22.1555 10
    endloop
  endfacet
  facet normal -0 0 1
    outer loop
      vertex 0.763954 24.2255 10
      vertex 2.69727 23.9709 10
      vertex 0.835407 24.5847 10
    endloop
  endfacet
  facet normal 0 0 1
    outer loop
      vertex 2.7547 23.5347 10
      vertex 0.953136 22.7885 10
      vertex 1.11513 22.46 10
    endloop
  endfacet
  facet normal 0 0 1
    outer loop
      vertex 2.69727 23.9709 10
      vertex 0.763954 24.2255 10
      vertex 2.69 23.86 10
    endloop
  endfacet
  facet normal 0 0 1
    outer loop
      vertex 2.71896 23.64 10
      vertex 0.835407 23.1353 10
      vertex 0.953136 22.7885 10
    endloop
  endfacet
  facet normal 0 0 1
    outer loop
      vertex 0.74 23.86 10
      vertex 2.69 23.86 10
      vertex 0.763954 24.2255 10
    endloop
  endfacet
  facet normal 0 0 1
    outer loop
      vertex 2.69727 23.7491 10
      vertex 0.763954 23.4945 10
      vertex 0.835407 23.1353 10
    endloop
  endfacet
  facet normal 0 0 1
    outer loop
      vertex 2.69 23.86 10
      vertex 0.74 23.86 10
      vertex 0.763954 23.4945 10
    endloop
  endfacet
  facet normal -0.997859 0.0653973 0
    outer loop
      vertex 0.74 23.86 3
      vertex 0.763954 24.2255 10
      vertex 0.763954 24.2255 3
    endloop
  endfacet
  facet normal -0.997859 0.0653973 0
    outer loop
      vertex 0.763954 24.2255 10
      vertex 0.74 23.86 3
      vertex 0.74 23.86 10
    endloop
  endfacet
  facet normal -0.946925 -0.321455 0
    outer loop
      vertex 0.953136 22.7885 3
      vertex 0.835407 23.1353 10
      vertex 0.835407 23.1353 3
    endloop
  endfacet
  facet normal -0.946925 -0.321455 0
    outer loop
      vertex 0.835407 23.1353 10
      vertex 0.953136 22.7885 3
      vertex 0.953136 22.7885 10
    endloop
  endfacet
  facet normal -0.751879 -0.659301 0
    outer loop
      vertex 1.5601 21.8801 3
      vertex 1.31861 22.1555 10
      vertex 1.31861 22.1555 3
    endloop
  endfacet
  facet normal -0.751879 -0.659301 0
    outer loop
      vertex 1.31861 22.1555 10
      vertex 1.5601 21.8801 3
      vertex 1.5601 21.8801 10
    endloop
  endfacet
  facet normal -0.946925 0.321455 0
    outer loop
      vertex 0.835407 24.5847 3
      vertex 0.953136 24.9315 10
      vertex 0.953136 24.9315 3
    endloop
  endfacet
  facet normal -0.946925 0.321455 0
    outer loop
      vertex 0.953136 24.9315 10
      vertex 0.835407 24.5847 3
      vertex 0.835407 24.5847 10
    endloop
  endfacet
  facet normal -0.831445 -0.555607 0
    outer loop
      vertex 1.31861 22.1555 3
      vertex 1.11513 22.46 10
      vertex 1.11513 22.46 3
    endloop
  endfacet
  facet normal -0.831445 -0.555607 0
    outer loop
      vertex 1.11513 22.46 10
      vertex 1.31861 22.1555 3
      vertex 1.31861 22.1555 10
    endloop
  endfacet
  facet normal -0.896877 0.442279 0
    outer loop
      vertex 0.953136 24.9315 3
      vertex 1.11513 25.26 10
      vertex 1.11513 25.26 3
    endloop
  endfacet
  facet normal -0.896877 0.442279 0
    outer loop
      vertex 1.11513 25.26 10
      vertex 0.953136 24.9315 3
      vertex 0.953136 24.9315 10
    endloop
  endfacet
  facet normal 0.980813 0.19495 0
    outer loop
      vertex 26.636 3.90547 10
      vertex 26.5646 4.26469 3
      vertex 26.5646 4.26469 10
    endloop
  endfacet
  facet normal 0.980813 0.19495 0
    outer loop
      vertex 26.5646 4.26469 3
      vertex 26.636 3.90547 10
      vertex 26.636 3.90547 3
    endloop
  endfacet
  facet normal 0.997851 0.0655277 0
    outer loop
      vertex 26.66 3.54 10
      vertex 26.636 3.90547 3
      vertex 26.636 3.90547 10
    endloop
  endfacet
  facet normal 0.997851 0.0655277 0
    outer loop
      vertex 26.636 3.90547 3
      vertex 26.66 3.54 10
      vertex 26.66 3.54 3
    endloop
  endfacet
  facet normal 0.946955 0.321367 0
    outer loop
      vertex 26.5646 4.26469 10
      vertex 26.4469 4.61151 3
      vertex 26.4469 4.61151 10
    endloop
  endfacet
  facet normal 0.946955 0.321367 0
    outer loop
      vertex 26.4469 4.61151 3
      vertex 26.5646 4.26469 10
      vertex 26.5646 4.26469 3
    endloop
  endfacet
  facet normal -0.659301 0.751879 0
    outer loop
      vertex 22.1555 5.76139 3
      vertex 21.8801 5.5199 10
      vertex 22.1555 5.76139 10
    endloop
  endfacet
  facet normal -0.659301 0.751879 0
    outer loop
      vertex 21.8801 5.5199 10
      vertex 22.1555 5.76139 3
      vertex 21.8801 5.5199 3
    endloop
  endfacet
  facet normal 0.321457 0.946924 -0
    outer loop
      vertex 24.9315 6.12686 3
      vertex 24.5847 6.24459 10
      vertex 24.9315 6.12686 10
    endloop
  endfacet
  facet normal 0.321457 0.946924 0
    outer loop
      vertex 24.5847 6.24459 10
      vertex 24.9315 6.12686 3
      vertex 24.5847 6.24459 3
    endloop
  endfacet
  facet normal -0.442279 -0.896877 0
    outer loop
      vertex 22.46 1.11513 3
      vertex 22.7885 0.953136 10
      vertex 22.46 1.11513 10
    endloop
  endfacet
  facet normal -0.442279 -0.896877 -0
    outer loop
      vertex 22.7885 0.953136 10
      vertex 22.46 1.11513 3
      vertex 22.7885 0.953136 3
    endloop
  endfacet
  facet normal -0.0654136 0.997858 0
    outer loop
      vertex 23.86 6.34 3
      vertex 23.4945 6.31604 10
      vertex 23.86 6.34 10
    endloop
  endfacet
  facet normal -0.0654136 0.997858 0
    outer loop
      vertex 23.4945 6.31604 10
      vertex 23.86 6.34 3
      vertex 23.4945 6.31604 3
    endloop
  endfacet
  facet normal 0.997851 -0.0655277 0
    outer loop
      vertex 26.636 3.17453 10
      vertex 26.66 3.54 3
      vertex 26.66 3.54 10
    endloop
  endfacet
  facet normal 0.997851 -0.0655277 0
    outer loop
      vertex 26.66 3.54 3
      vertex 26.636 3.17453 10
      vertex 26.636 3.17453 3
    endloop
  endfacet
  facet normal -0.555607 0.831445 0
    outer loop
      vertex 22.46 5.96487 3
      vertex 22.1555 5.76139 10
      vertex 22.46 5.96487 10
    endloop
  endfacet
  facet normal -0.555607 0.831445 0
    outer loop
      vertex 22.1555 5.76139 10
      vertex 22.46 5.96487 3
      vertex 22.1555 5.76139 3
    endloop
  endfacet
  facet normal -0.896866 0.442303 0
    outer loop
      vertex 21.2731 4.61151 3
      vertex 21.4351 4.94 10
      vertex 21.4351 4.94 3
    endloop
  endfacet
  facet normal -0.896866 0.442303 0
    outer loop
      vertex 21.4351 4.94 10
      vertex 21.2731 4.61151 3
      vertex 21.2731 4.61151 10
    endloop
  endfacet
  facet normal 0.896866 0.442303 0
    outer loop
      vertex 26.4469 4.61151 10
      vertex 26.2849 4.94 3
      vertex 26.2849 4.94 10
    endloop
  endfacet
  facet normal 0.896866 0.442303 0
    outer loop
      vertex 26.2849 4.94 3
      vertex 26.4469 4.61151 10
      vertex 26.4469 4.61151 3
    endloop
  endfacet
  facet normal -0.980813 -0.19495 0
    outer loop
      vertex 21.1554 2.81531 3
      vertex 21.084 3.17453 10
      vertex 21.084 3.17453 3
    endloop
  endfacet
  facet normal -0.980813 -0.19495 0
    outer loop
      vertex 21.084 3.17453 10
      vertex 21.1554 2.81531 3
      vertex 21.1554 2.81531 10
    endloop
  endfacet
  facet normal 0.555607 0.831445 -0
    outer loop
      vertex 25.5645 5.76139 3
      vertex 25.26 5.96487 10
      vertex 25.5645 5.76139 10
    endloop
  endfacet
  facet normal 0.555607 0.831445 0
    outer loop
      vertex 25.26 5.96487 10
      vertex 25.5645 5.76139 3
      vertex 25.26 5.96487 3
    endloop
  endfacet
  facet normal -0.0653973 -0.997859 0
    outer loop
      vertex 23.4945 0.763954 3
      vertex 23.86 0.74 10
      vertex 23.4945 0.763954 10
    endloop
  endfacet
  facet normal -0.0653973 -0.997859 -0
    outer loop
      vertex 23.86 0.74 10
      vertex 23.4945 0.763954 3
      vertex 23.86 0.74 3
    endloop
  endfacet
  facet normal 0.831445 0.555607 0
    outer loop
      vertex 26.2849 4.94 10
      vertex 26.0814 5.24453 3
      vertex 26.0814 5.24453 10
    endloop
  endfacet
  facet normal 0.831445 0.555607 0
    outer loop
      vertex 26.0814 5.24453 3
      vertex 26.2849 4.94 10
      vertex 26.2849 4.94 3
    endloop
  endfacet
  facet normal 0.75183 -0.659357 0
    outer loop
      vertex 25.8399 1.5601 10
      vertex 26.0814 1.83547 3
      vertex 26.0814 1.83547 10
    endloop
  endfacet
  facet normal 0.75183 -0.659357 0
    outer loop
      vertex 26.0814 1.83547 3
      vertex 25.8399 1.5601 10
      vertex 25.8399 1.5601 3
    endloop
  endfacet
  facet normal -0.75183 -0.659357 0
    outer loop
      vertex 21.8801 1.5601 3
      vertex 21.6386 1.83547 10
      vertex 21.6386 1.83547 3
    endloop
  endfacet
  facet normal -0.75183 -0.659357 0
    outer loop
      vertex 21.6386 1.83547 10
      vertex 21.8801 1.5601 3
      vertex 21.8801 1.5601 10
    endloop
  endfacet
  facet normal -0.946955 0.321367 0
    outer loop
      vertex 21.1554 4.26469 3
      vertex 21.2731 4.61151 10
      vertex 21.2731 4.61151 3
    endloop
  endfacet
  facet normal -0.946955 0.321367 0
    outer loop
      vertex 21.2731 4.61151 10
      vertex 21.1554 4.26469 3
      vertex 21.1554 4.26469 10
    endloop
  endfacet
  facet normal -0.75183 0.659357 0
    outer loop
      vertex 21.6386 5.24453 3
      vertex 21.8801 5.5199 10
      vertex 21.8801 5.5199 3
    endloop
  endfacet
  facet normal -0.75183 0.659357 0
    outer loop
      vertex 21.8801 5.5199 10
      vertex 21.6386 5.24453 3
      vertex 21.6386 5.24453 10
    endloop
  endfacet
  facet normal 0.831445 -0.555607 0
    outer loop
      vertex 26.0814 1.83547 10
      vertex 26.2849 2.14 3
      vertex 26.2849 2.14 10
    endloop
  endfacet
  facet normal 0.831445 -0.555607 0
    outer loop
      vertex 26.2849 2.14 3
      vertex 26.0814 1.83547 10
      vertex 26.0814 1.83547 3
    endloop
  endfacet
  facet normal -0.321457 0.946924 0
    outer loop
      vertex 23.1353 6.24459 3
      vertex 22.7885 6.12686 10
      vertex 23.1353 6.24459 10
    endloop
  endfacet
  facet normal -0.321457 0.946924 0
    outer loop
      vertex 22.7885 6.12686 10
      vertex 23.1353 6.24459 3
      vertex 22.7885 6.12686 3
    endloop
  endfacet
  facet normal -0.442271 0.896882 0
    outer loop
      vertex 22.7885 6.12686 3
      vertex 22.46 5.96487 10
      vertex 22.7885 6.12686 10
    endloop
  endfacet
  facet normal -0.442271 0.896882 0
    outer loop
      vertex 22.46 5.96487 10
      vertex 22.7885 6.12686 3
      vertex 22.46 5.96487 3
    endloop
  endfacet
  facet normal 0.896866 -0.442303 0
    outer loop
      vertex 26.2849 2.14 10
      vertex 26.4469 2.46849 3
      vertex 26.4469 2.46849 10
    endloop
  endfacet
  facet normal 0.896866 -0.442303 0
    outer loop
      vertex 26.4469 2.46849 3
      vertex 26.2849 2.14 10
      vertex 26.2849 2.14 3
    endloop
  endfacet
  facet normal -0.997851 0.0655277 0
    outer loop
      vertex 21.06 3.54 3
      vertex 21.084 3.90547 10
      vertex 21.084 3.90547 3
    endloop
  endfacet
  facet normal -0.997851 0.0655277 0
    outer loop
      vertex 21.084 3.90547 10
      vertex 21.06 3.54 3
      vertex 21.06 3.54 10
    endloop
  endfacet
  facet normal 0.946955 -0.321367 0
    outer loop
      vertex 26.4469 2.46849 10
      vertex 26.5646 2.81531 3
      vertex 26.5646 2.81531 10
    endloop
  endfacet
  facet normal 0.946955 -0.321367 0
    outer loop
      vertex 26.5646 2.81531 3
      vertex 26.4469 2.46849 10
      vertex 26.4469 2.46849 3
    endloop
  endfacet
  facet normal 0.659301 0.751879 -0
    outer loop
      vertex 25.8399 5.5199 3
      vertex 25.5645 5.76139 10
      vertex 25.8399 5.5199 10
    endloop
  endfacet
  facet normal 0.659301 0.751879 0
    outer loop
      vertex 25.5645 5.76139 10
      vertex 25.8399 5.5199 3
      vertex 25.5645 5.76139 3
    endloop
  endfacet
  facet normal 0.442279 -0.896877 0
    outer loop
      vertex 24.9315 0.953136 3
      vertex 25.26 1.11513 10
      vertex 24.9315 0.953136 10
    endloop
  endfacet
  facet normal 0.442279 -0.896877 0
    outer loop
      vertex 25.26 1.11513 10
      vertex 24.9315 0.953136 3
      vertex 25.26 1.11513 3
    endloop
  endfacet
  facet normal -0.831445 -0.555607 0
    outer loop
      vertex 21.6386 1.83547 3
      vertex 21.4351 2.14 10
      vertex 21.4351 2.14 3
    endloop
  endfacet
  facet normal -0.831445 -0.555607 0
    outer loop
      vertex 21.4351 2.14 10
      vertex 21.6386 1.83547 3
      vertex 21.6386 1.83547 10
    endloop
  endfacet
  facet normal 0.1951 -0.980783 0
    outer loop
      vertex 24.2255 0.763954 3
      vertex 24.5847 0.835407 10
      vertex 24.2255 0.763954 10
    endloop
  endfacet
  facet normal 0.1951 -0.980783 0
    outer loop
      vertex 24.5847 0.835407 10
      vertex 24.2255 0.763954 3
      vertex 24.5847 0.835407 3
    endloop
  endfacet
  facet normal -0.321455 -0.946925 0
    outer loop
      vertex 22.7885 0.953136 3
      vertex 23.1353 0.835407 10
      vertex 22.7885 0.953136 10
    endloop
  endfacet
  facet normal -0.321455 -0.946925 -0
    outer loop
      vertex 23.1353 0.835407 10
      vertex 22.7885 0.953136 3
      vertex 23.1353 0.835407 3
    endloop
  endfacet
  facet normal -0.1951 -0.980783 0
    outer loop
      vertex 23.1353 0.835407 3
      vertex 23.4945 0.763954 10
      vertex 23.1353 0.835407 10
    endloop
  endfacet
  facet normal -0.1951 -0.980783 -0
    outer loop
      vertex 23.4945 0.763954 10
      vertex 23.1353 0.835407 3
      vertex 23.4945 0.763954 3
    endloop
  endfacet
  facet normal -0.980813 0.19495 0
    outer loop
      vertex 21.084 3.90547 3
      vertex 21.1554 4.26469 10
      vertex 21.1554 4.26469 3
    endloop
  endfacet
  facet normal -0.980813 0.19495 0
    outer loop
      vertex 21.1554 4.26469 10
      vertex 21.084 3.90547 3
      vertex 21.084 3.90547 10
    endloop
  endfacet
  facet normal 0.195092 0.980785 -0
    outer loop
      vertex 24.5847 6.24459 3
      vertex 24.2255 6.31604 10
      vertex 24.5847 6.24459 10
    endloop
  endfacet
  facet normal 0.195092 0.980785 0
    outer loop
      vertex 24.2255 6.31604 10
      vertex 24.5847 6.24459 3
      vertex 24.2255 6.31604 3
    endloop
  endfacet
  facet normal 0.321455 -0.946925 0
    outer loop
      vertex 24.5847 0.835407 3
      vertex 24.9315 0.953136 10
      vertex 24.5847 0.835407 10
    endloop
  endfacet
  facet normal 0.321455 -0.946925 0
    outer loop
      vertex 24.9315 0.953136 10
      vertex 24.5847 0.835407 3
      vertex 24.9315 0.953136 3
    endloop
  endfacet
  facet normal -0.946955 -0.321367 0
    outer loop
      vertex 21.2731 2.46849 3
      vertex 21.1554 2.81531 10
      vertex 21.1554 2.81531 3
    endloop
  endfacet
  facet normal -0.946955 -0.321367 0
    outer loop
      vertex 21.1554 2.81531 10
      vertex 21.2731 2.46849 3
      vertex 21.2731 2.46849 10
    endloop
  endfacet
  facet normal -0.659301 -0.751879 0
    outer loop
      vertex 21.8801 1.5601 3
      vertex 22.1555 1.31861 10
      vertex 21.8801 1.5601 10
    endloop
  endfacet
  facet normal -0.659301 -0.751879 -0
    outer loop
      vertex 22.1555 1.31861 10
      vertex 21.8801 1.5601 3
      vertex 22.1555 1.31861 3
    endloop
  endfacet
  facet normal -0.555607 -0.831445 0
    outer loop
      vertex 22.1555 1.31861 3
      vertex 22.46 1.11513 10
      vertex 22.1555 1.31861 10
    endloop
  endfacet
  facet normal -0.555607 -0.831445 -0
    outer loop
      vertex 22.46 1.11513 10
      vertex 22.1555 1.31861 3
      vertex 22.46 1.11513 3
    endloop
  endfacet
  facet normal 0.0653973 -0.997859 0
    outer loop
      vertex 23.86 0.74 3
      vertex 24.2255 0.763954 10
      vertex 23.86 0.74 10
    endloop
  endfacet
  facet normal 0.0653973 -0.997859 0
    outer loop
      vertex 24.2255 0.763954 10
      vertex 23.86 0.74 3
      vertex 24.2255 0.763954 3
    endloop
  endfacet
  facet normal 0.442271 0.896882 -0
    outer loop
      vertex 25.26 5.96487 3
      vertex 24.9315 6.12686 10
      vertex 25.26 5.96487 10
    endloop
  endfacet
  facet normal 0.442271 0.896882 0
    outer loop
      vertex 24.9315 6.12686 10
      vertex 25.26 5.96487 3
      vertex 24.9315 6.12686 3
    endloop
  endfacet
  facet normal 0.980813 -0.19495 0
    outer loop
      vertex 26.5646 2.81531 10
      vertex 26.636 3.17453 3
      vertex 26.636 3.17453 10
    endloop
  endfacet
  facet normal 0.980813 -0.19495 0
    outer loop
      vertex 26.636 3.17453 3
      vertex 26.5646 2.81531 10
      vertex 26.5646 2.81531 3
    endloop
  endfacet
  facet normal 0.75183 0.659357 0
    outer loop
      vertex 26.0814 5.24453 10
      vertex 25.8399 5.5199 3
      vertex 25.8399 5.5199 10
    endloop
  endfacet
  facet normal 0.75183 0.659357 0
    outer loop
      vertex 25.8399 5.5199 3
      vertex 26.0814 5.24453 10
      vertex 26.0814 5.24453 3
    endloop
  endfacet
  facet normal -0.896866 -0.442303 0
    outer loop
      vertex 21.4351 2.14 3
      vertex 21.2731 2.46849 10
      vertex 21.2731 2.46849 3
    endloop
  endfacet
  facet normal -0.896866 -0.442303 0
    outer loop
      vertex 21.2731 2.46849 10
      vertex 21.4351 2.14 3
      vertex 21.4351 2.14 10
    endloop
  endfacet
  facet normal 0 0 1
    outer loop
      vertex 24.71 3.54 10
      vertex 26.66 3.54 10
      vertex 26.636 3.90547 10
    endloop
  endfacet
  facet normal 0 0 1
    outer loop
      vertex 24.7027 3.65095 10
      vertex 26.636 3.90547 10
      vertex 26.5646 4.26469 10
    endloop
  endfacet
  facet normal 0 0 1
    outer loop
      vertex 26.66 3.54 10
      vertex 24.71 3.54 10
      vertex 26.636 3.17453 10
    endloop
  endfacet
  facet normal 0 0 1
    outer loop
      vertex 24.681 3.76 10
      vertex 26.5646 4.26469 10
      vertex 26.4469 4.61151 10
    endloop
  endfacet
  facet normal -0 0 1
    outer loop
      vertex 24.7027 3.42905 10
      vertex 26.636 3.17453 10
      vertex 24.71 3.54 10
    endloop
  endfacet
  facet normal 0 0 1
    outer loop
      vertex 24.6453 3.86528 10
      vertex 26.4469 4.61151 10
      vertex 26.2849 4.94 10
    endloop
  endfacet
  facet normal 0 0 1
    outer loop
      vertex 26.636 3.17453 10
      vertex 24.7027 3.42905 10
      vertex 26.5646 2.81531 10
    endloop
  endfacet
  facet normal 0 0 1
    outer loop
      vertex 24.5961 3.965 10
      vertex 26.2849 4.94 10
      vertex 26.0814 5.24453 10
    endloop
  endfacet
  facet normal -0 0 1
    outer loop
      vertex 24.681 3.32 10
      vertex 26.5646 2.81531 10
      vertex 24.7027 3.42905 10
    endloop
  endfacet
  facet normal 0 0 1
    outer loop
      vertex 24.5343 4.05745 10
      vertex 26.0814 5.24453 10
      vertex 25.8399 5.5199 10
    endloop
  endfacet
  facet normal 0 0 1
    outer loop
      vertex 26.5646 2.81531 10
      vertex 24.681 3.32 10
      vertex 26.4469 2.46849 10
    endloop
  endfacet
  facet normal 0 0 1
    outer loop
      vertex 24.461 4.14104 10
      vertex 25.8399 5.5199 10
      vertex 25.5645 5.76139 10
    endloop
  endfacet
  facet normal -0 0 1
    outer loop
      vertex 24.6453 3.21472 10
      vertex 26.4469 2.46849 10
      vertex 24.681 3.32 10
    endloop
  endfacet
  facet normal 0 0 1
    outer loop
      vertex 24.3774 4.21435 10
      vertex 25.5645 5.76139 10
      vertex 25.26 5.96487 10
    endloop
  endfacet
  facet normal 0 0 1
    outer loop
      vertex 26.4469 2.46849 10
      vertex 24.6453 3.21472 10
      vertex 26.2849 2.14 10
    endloop
  endfacet
  facet normal 0 0 1
    outer loop
      vertex 24.285 4.27612 10
      vertex 25.26 5.96487 10
      vertex 24.9315 6.12686 10
    endloop
  endfacet
  facet normal -0 0 1
    outer loop
      vertex 24.5961 3.115 10
      vertex 26.2849 2.14 10
      vertex 24.6453 3.21472 10
    endloop
  endfacet
  facet normal 0 0 1
    outer loop
      vertex 26.2849 2.14 10
      vertex 24.5961 3.115 10
      vertex 26.0814 1.83547 10
    endloop
  endfacet
  facet normal 0 0 1
    outer loop
      vertex 26.636 3.90547 10
      vertex 24.7027 3.65095 10
      vertex 24.71 3.54 10
    endloop
  endfacet
  facet normal 0 0 1
    outer loop
      vertex 26.5646 4.26469 10
      vertex 24.681 3.76 10
      vertex 24.7027 3.65095 10
    endloop
  endfacet
  facet normal 0 0 1
    outer loop
      vertex 26.4469 4.61151 10
      vertex 24.6453 3.86528 10
      vertex 24.681 3.76 10
    endloop
  endfacet
  facet normal 0 0 1
    outer loop
      vertex 26.2849 4.94 10
      vertex 24.5961 3.965 10
      vertex 24.6453 3.86528 10
    endloop
  endfacet
  facet normal 0 0 1
    outer loop
      vertex 24.1853 4.3253 10
      vertex 24.9315 6.12686 10
      vertex 24.5847 6.24459 10
    endloop
  endfacet
  facet normal 0 0 1
    outer loop
      vertex 26.0814 5.24453 10
      vertex 24.5343 4.05745 10
      vertex 24.5961 3.965 10
    endloop
  endfacet
  facet normal 0 0 1
    outer loop
      vertex 25.8399 5.5199 10
      vertex 24.461 4.14104 10
      vertex 24.5343 4.05745 10
    endloop
  endfacet
  facet normal 0 0 1
    outer loop
      vertex 25.5645 5.76139 10
      vertex 24.3774 4.21435 10
      vertex 24.461 4.14104 10
    endloop
  endfacet
  facet normal 0 0 1
    outer loop
      vertex 25.26 5.96487 10
      vertex 24.285 4.27612 10
      vertex 24.3774 4.21435 10
    endloop
  endfacet
  facet normal 0 0 1
    outer loop
      vertex 24.08 4.36104 10
      vertex 24.5847 6.24459 10
      vertex 24.2255 6.31604 10
    endloop
  endfacet
  facet normal 0 0 1
    outer loop
      vertex 24.9315 6.12686 10
      vertex 24.1853 4.3253 10
      vertex 24.285 4.27612 10
    endloop
  endfacet
  facet normal 0 0 1
    outer loop
      vertex 24.5847 6.24459 10
      vertex 24.08 4.36104 10
      vertex 24.1853 4.3253 10
    endloop
  endfacet
  facet normal 0 0 1
    outer loop
      vertex 24.2255 6.31604 10
      vertex 23.9709 4.38273 10
      vertex 24.08 4.36104 10
    endloop
  endfacet
  facet normal 0 0 1
    outer loop
      vertex 23.86 6.34 10
      vertex 23.9709 4.38273 10
      vertex 24.2255 6.31604 10
    endloop
  endfacet
  facet normal 0 0 1
    outer loop
      vertex 23.86 6.34 10
      vertex 23.86 4.39 10
      vertex 23.9709 4.38273 10
    endloop
  endfacet
  facet normal 0 0 1
    outer loop
      vertex 23.86 6.34 10
      vertex 23.7491 4.38273 10
      vertex 23.86 4.39 10
    endloop
  endfacet
  facet normal -0 0 1
    outer loop
      vertex 23.4945 6.31604 10
      vertex 23.7491 4.38273 10
      vertex 23.86 6.34 10
    endloop
  endfacet
  facet normal 0 0 1
    outer loop
      vertex 23.7491 4.38273 10
      vertex 23.4945 6.31604 10
      vertex 23.64 4.36104 10
    endloop
  endfacet
  facet normal -0 0 1
    outer loop
      vertex 23.1353 6.24459 10
      vertex 23.64 4.36104 10
      vertex 23.4945 6.31604 10
    endloop
  endfacet
  facet normal 0 0 1
    outer loop
      vertex 23.64 4.36104 10
      vertex 23.1353 6.24459 10
      vertex 23.5347 4.3253 10
    endloop
  endfacet
  facet normal -0 0 1
    outer loop
      vertex 22.7885 6.12686 10
      vertex 23.5347 4.3253 10
      vertex 23.1353 6.24459 10
    endloop
  endfacet
  facet normal 0 0 1
    outer loop
      vertex 23.5347 4.3253 10
      vertex 22.7885 6.12686 10
      vertex 23.435 4.27612 10
    endloop
  endfacet
  facet normal -0 0 1
    outer loop
      vertex 22.46 5.96487 10
      vertex 23.435 4.27612 10
      vertex 22.7885 6.12686 10
    endloop
  endfacet
  facet normal 0 0 1
    outer loop
      vertex 23.435 4.27612 10
      vertex 22.46 5.96487 10
      vertex 23.3426 4.21435 10
    endloop
  endfacet
  facet normal -0 0 1
    outer loop
      vertex 22.1555 5.76139 10
      vertex 23.3426 4.21435 10
      vertex 22.46 5.96487 10
    endloop
  endfacet
  facet normal 0 0 1
    outer loop
      vertex 23.3426 4.21435 10
      vertex 22.1555 5.76139 10
      vertex 23.259 4.14104 10
    endloop
  endfacet
  facet normal -0 0 1
    outer loop
      vertex 21.8801 5.5199 10
      vertex 23.259 4.14104 10
      vertex 22.1555 5.76139 10
    endloop
  endfacet
  facet normal 0 0 1
    outer loop
      vertex 23.259 4.14104 10
      vertex 21.8801 5.5199 10
      vertex 23.1856 4.05745 10
    endloop
  endfacet
  facet normal -0 0 1
    outer loop
      vertex 21.6386 5.24453 10
      vertex 23.1856 4.05745 10
      vertex 21.8801 5.5199 10
    endloop
  endfacet
  facet normal 0 0 1
    outer loop
      vertex 23.1856 4.05745 10
      vertex 21.6386 5.24453 10
      vertex 23.1239 3.965 10
    endloop
  endfacet
  facet normal -0 0 1
    outer loop
      vertex 24.5343 3.02255 10
      vertex 26.0814 1.83547 10
      vertex 24.5961 3.115 10
    endloop
  endfacet
  facet normal 0 0 1
    outer loop
      vertex 26.0814 1.83547 10
      vertex 24.5343 3.02255 10
      vertex 25.8399 1.5601 10
    endloop
  endfacet
  facet normal -0 0 1
    outer loop
      vertex 24.461 2.93896 10
      vertex 25.8399 1.5601 10
      vertex 24.5343 3.02255 10
    endloop
  endfacet
  facet normal 0 0 1
    outer loop
      vertex 25.8399 1.5601 10
      vertex 24.461 2.93896 10
      vertex 25.5645 1.31861 10
    endloop
  endfacet
  facet normal -0 0 1
    outer loop
      vertex 24.3774 2.86565 10
      vertex 25.5645 1.31861 10
      vertex 24.461 2.93896 10
    endloop
  endfacet
  facet normal 0 0 1
    outer loop
      vertex 25.5645 1.31861 10
      vertex 24.3774 2.86565 10
      vertex 25.26 1.11513 10
    endloop
  endfacet
  facet normal -0 0 1
    outer loop
      vertex 24.285 2.80388 10
      vertex 25.26 1.11513 10
      vertex 24.3774 2.86565 10
    endloop
  endfacet
  facet normal 0 0 1
    outer loop
      vertex 25.26 1.11513 10
      vertex 24.285 2.80388 10
      vertex 24.9315 0.953136 10
    endloop
  endfacet
  facet normal -0 0 1
    outer loop
      vertex 24.1853 2.7547 10
      vertex 24.9315 0.953136 10
      vertex 24.285 2.80388 10
    endloop
  endfacet
  facet normal 0 0 1
    outer loop
      vertex 24.9315 0.953136 10
      vertex 24.1853 2.7547 10
      vertex 24.5847 0.835407 10
    endloop
  endfacet
  facet normal -0 0 1
    outer loop
      vertex 24.08 2.71896 10
      vertex 24.5847 0.835407 10
      vertex 24.1853 2.7547 10
    endloop
  endfacet
  facet normal 0 0 1
    outer loop
      vertex 24.5847 0.835407 10
      vertex 24.08 2.71896 10
      vertex 24.2255 0.763954 10
    endloop
  endfacet
  facet normal -0 0 1
    outer loop
      vertex 23.9709 2.69727 10
      vertex 24.2255 0.763954 10
      vertex 24.08 2.71896 10
    endloop
  endfacet
  facet normal -0 0 1
    outer loop
      vertex 23.86 2.69 10
      vertex 24.2255 0.763954 10
      vertex 23.9709 2.69727 10
    endloop
  endfacet
  facet normal 0 0 1
    outer loop
      vertex 23.86 2.69 10
      vertex 23.86 0.74 10
      vertex 24.2255 0.763954 10
    endloop
  endfacet
  facet normal 0 0 1
    outer loop
      vertex 23.7491 2.69727 10
      vertex 23.86 0.74 10
      vertex 23.86 2.69 10
    endloop
  endfacet
  facet normal 0 0 1
    outer loop
      vertex 23.4945 0.763954 10
      vertex 23.7491 2.69727 10
      vertex 23.64 2.71896 10
    endloop
  endfacet
  facet normal 0 0 1
    outer loop
      vertex 23.1353 0.835407 10
      vertex 23.64 2.71896 10
      vertex 23.5347 2.7547 10
    endloop
  endfacet
  facet normal 0 0 1
    outer loop
      vertex 23.7491 2.69727 10
      vertex 23.4945 0.763954 10
      vertex 23.86 0.74 10
    endloop
  endfacet
  facet normal 0 0 1
    outer loop
      vertex 22.7885 0.953136 10
      vertex 23.5347 2.7547 10
      vertex 23.435 2.80388 10
    endloop
  endfacet
  facet normal 0 0 1
    outer loop
      vertex 22.46 1.11513 10
      vertex 23.435 2.80388 10
      vertex 23.3426 2.86565 10
    endloop
  endfacet
  facet normal 0 0 1
    outer loop
      vertex 22.1555 1.31861 10
      vertex 23.3426 2.86565 10
      vertex 23.259 2.93896 10
    endloop
  endfacet
  facet normal 0 0 1
    outer loop
      vertex 21.8801 1.5601 10
      vertex 23.259 2.93896 10
      vertex 23.1856 3.02255 10
    endloop
  endfacet
  facet normal 0 0 1
    outer loop
      vertex 23.64 2.71896 10
      vertex 23.1353 0.835407 10
      vertex 23.4945 0.763954 10
    endloop
  endfacet
  facet normal 0 0 1
    outer loop
      vertex 21.6386 1.83547 10
      vertex 23.1856 3.02255 10
      vertex 23.1239 3.115 10
    endloop
  endfacet
  facet normal 0 0 1
    outer loop
      vertex 21.4351 2.14 10
      vertex 23.1239 3.115 10
      vertex 23.0747 3.21472 10
    endloop
  endfacet
  facet normal 0 0 1
    outer loop
      vertex 21.2731 2.46849 10
      vertex 23.0747 3.21472 10
      vertex 23.039 3.32 10
    endloop
  endfacet
  facet normal 0 0 1
    outer loop
      vertex 21.1554 2.81531 10
      vertex 23.039 3.32 10
      vertex 23.0173 3.42905 10
    endloop
  endfacet
  facet normal 0 0 1
    outer loop
      vertex 21.084 3.17453 10
      vertex 23.0173 3.42905 10
      vertex 23.01 3.54 10
    endloop
  endfacet
  facet normal -0 0 1
    outer loop
      vertex 21.4351 4.94 10
      vertex 23.1239 3.965 10
      vertex 21.6386 5.24453 10
    endloop
  endfacet
  facet normal 0 0 1
    outer loop
      vertex 23.5347 2.7547 10
      vertex 22.7885 0.953136 10
      vertex 23.1353 0.835407 10
    endloop
  endfacet
  facet normal 0 0 1
    outer loop
      vertex 23.1239 3.965 10
      vertex 21.4351 4.94 10
      vertex 23.0747 3.86528 10
    endloop
  endfacet
  facet normal 0 0 1
    outer loop
      vertex 23.435 2.80388 10
      vertex 22.46 1.11513 10
      vertex 22.7885 0.953136 10
    endloop
  endfacet
  facet normal -0 0 1
    outer loop
      vertex 21.2731 4.61151 10
      vertex 23.0747 3.86528 10
      vertex 21.4351 4.94 10
    endloop
  endfacet
  facet normal 0 0 1
    outer loop
      vertex 23.3426 2.86565 10
      vertex 22.1555 1.31861 10
      vertex 22.46 1.11513 10
    endloop
  endfacet
  facet normal 0 0 1
    outer loop
      vertex 23.0747 3.86528 10
      vertex 21.2731 4.61151 10
      vertex 23.039 3.76 10
    endloop
  endfacet
  facet normal 0 0 1
    outer loop
      vertex 23.259 2.93896 10
      vertex 21.8801 1.5601 10
      vertex 22.1555 1.31861 10
    endloop
  endfacet
  facet normal -0 0 1
    outer loop
      vertex 21.1554 4.26469 10
      vertex 23.039 3.76 10
      vertex 21.2731 4.61151 10
    endloop
  endfacet
  facet normal 0 0 1
    outer loop
      vertex 23.1856 3.02255 10
      vertex 21.6386 1.83547 10
      vertex 21.8801 1.5601 10
    endloop
  endfacet
  facet normal 0 0 1
    outer loop
      vertex 23.039 3.76 10
      vertex 21.1554 4.26469 10
      vertex 23.0173 3.65095 10
    endloop
  endfacet
  facet normal 0 0 1
    outer loop
      vertex 23.1239 3.115 10
      vertex 21.4351 2.14 10
      vertex 21.6386 1.83547 10
    endloop
  endfacet
  facet normal -0 0 1
    outer loop
      vertex 21.084 3.90547 10
      vertex 23.0173 3.65095 10
      vertex 21.1554 4.26469 10
    endloop
  endfacet
  facet normal 0 0 1
    outer loop
      vertex 23.0747 3.21472 10
      vertex 21.2731 2.46849 10
      vertex 21.4351 2.14 10
    endloop
  endfacet
  facet normal 0 0 1
    outer loop
      vertex 23.0173 3.65095 10
      vertex 21.084 3.90547 10
      vertex 23.01 3.54 10
    endloop
  endfacet
  facet normal 0 0 1
    outer loop
      vertex 23.039 3.32 10
      vertex 21.1554 2.81531 10
      vertex 21.2731 2.46849 10
    endloop
  endfacet
  facet normal 0 0 1
    outer loop
      vertex 21.06 3.54 10
      vertex 23.01 3.54 10
      vertex 21.084 3.90547 10
    endloop
  endfacet
  facet normal 0 0 1
    outer loop
      vertex 23.0173 3.42905 10
      vertex 21.084 3.17453 10
      vertex 21.1554 2.81531 10
    endloop
  endfacet
  facet normal 0 0 1
    outer loop
      vertex 23.01 3.54 10
      vertex 21.06 3.54 10
      vertex 21.084 3.17453 10
    endloop
  endfacet
  facet normal -0.195092 0.980785 0
    outer loop
      vertex 23.4945 6.31604 3
      vertex 23.1353 6.24459 10
      vertex 23.4945 6.31604 10
    endloop
  endfacet
  facet normal -0.195092 0.980785 0
    outer loop
      vertex 23.1353 6.24459 10
      vertex 23.4945 6.31604 3
      vertex 23.1353 6.24459 3
    endloop
  endfacet
  facet normal -0.997851 -0.0655277 0
    outer loop
      vertex 21.084 3.17453 3
      vertex 21.06 3.54 10
      vertex 21.06 3.54 3
    endloop
  endfacet
  facet normal -0.997851 -0.0655277 0
    outer loop
      vertex 21.06 3.54 10
      vertex 21.084 3.17453 3
      vertex 21.084 3.17453 10
    endloop
  endfacet
  facet normal 0.0654136 0.997858 -0
    outer loop
      vertex 24.2255 6.31604 3
      vertex 23.86 6.34 10
      vertex 24.2255 6.31604 10
    endloop
  endfacet
  facet normal 0.0654136 0.997858 0
    outer loop
      vertex 23.86 6.34 10
      vertex 24.2255 6.31604 3
      vertex 23.86 6.34 3
    endloop
  endfacet
  facet normal 0.555607 -0.831445 0
    outer loop
      vertex 25.26 1.11513 3
      vertex 25.5645 1.31861 10
      vertex 25.26 1.11513 10
    endloop
  endfacet
  facet normal 0.555607 -0.831445 0
    outer loop
      vertex 25.5645 1.31861 10
      vertex 25.26 1.11513 3
      vertex 25.5645 1.31861 3
    endloop
  endfacet
  facet normal 0.659301 -0.751879 0
    outer loop
      vertex 25.5645 1.31861 3
      vertex 25.8399 1.5601 10
      vertex 25.5645 1.31861 10
    endloop
  endfacet
  facet normal 0.659301 -0.751879 0
    outer loop
      vertex 25.8399 1.5601 10
      vertex 25.5645 1.31861 3
      vertex 25.8399 1.5601 3
    endloop
  endfacet
  facet normal -0.831445 0.555607 0
    outer loop
      vertex 21.4351 4.94 3
      vertex 21.6386 5.24453 10
      vertex 21.6386 5.24453 3
    endloop
  endfacet
  facet normal -0.831445 0.555607 0
    outer loop
      vertex 21.6386 5.24453 10
      vertex 21.4351 4.94 3
      vertex 21.4351 4.94 10
    endloop
  endfacet
  facet normal 0.321384 -0.946949 0
    outer loop
      vertex 24.5847 21.1554 3
      vertex 24.9315 21.2731 10
      vertex 24.5847 21.1554 10
    endloop
  endfacet
  facet normal 0.321384 -0.946949 0
    outer loop
      vertex 24.9315 21.2731 10
      vertex 24.5847 21.1554 3
      vertex 24.9315 21.2731 3
    endloop
  endfacet
  facet normal 0.980811 0.194961 0
    outer loop
      vertex 26.636 24.2255 10
      vertex 26.5646 24.5847 3
      vertex 26.5646 24.5847 10
    endloop
  endfacet
  facet normal 0.980811 0.194961 0
    outer loop
      vertex 26.5646 24.5847 3
      vertex 26.636 24.2255 10
      vertex 26.636 24.2255 3
    endloop
  endfacet
  facet normal 0.997851 0.0655224 0
    outer loop
      vertex 26.66 23.86 10
      vertex 26.636 24.2255 3
      vertex 26.636 24.2255 10
    endloop
  endfacet
  facet normal 0.997851 0.0655224 0
    outer loop
      vertex 26.636 24.2255 3
      vertex 26.66 23.86 10
      vertex 26.66 23.86 3
    endloop
  endfacet
  facet normal 0.946949 0.321384 0
    outer loop
      vertex 26.5646 24.5847 10
      vertex 26.4469 24.9315 3
      vertex 26.4469 24.9315 10
    endloop
  endfacet
  facet normal 0.946949 0.321384 0
    outer loop
      vertex 26.4469 24.9315 3
      vertex 26.5646 24.5847 10
      vertex 26.5646 24.5847 3
    endloop
  endfacet
  facet normal -0.442292 -0.896871 0
    outer loop
      vertex 22.46 21.4351 3
      vertex 22.7885 21.2731 10
      vertex 22.46 21.4351 10
    endloop
  endfacet
  facet normal -0.442292 -0.896871 -0
    outer loop
      vertex 22.7885 21.2731 10
      vertex 22.46 21.4351 3
      vertex 22.7885 21.2731 3
    endloop
  endfacet
  facet normal 0.946949 -0.321384 0
    outer loop
      vertex 26.4469 22.7885 10
      vertex 26.5646 23.1353 3
      vertex 26.5646 23.1353 10
    endloop
  endfacet
  facet normal 0.946949 -0.321384 0
    outer loop
      vertex 26.5646 23.1353 3
      vertex 26.4469 22.7885 10
      vertex 26.4469 22.7885 3
    endloop
  endfacet
  facet normal 0.83142 -0.555645 0
    outer loop
      vertex 26.0814 22.1555 10
      vertex 26.2849 22.46 3
      vertex 26.2849 22.46 10
    endloop
  endfacet
  facet normal 0.83142 -0.555645 0
    outer loop
      vertex 26.2849 22.46 3
      vertex 26.0814 22.1555 10
      vertex 26.0814 22.1555 3
    endloop
  endfacet
  facet normal 0.997851 -0.0655224 0
    outer loop
      vertex 26.636 23.4945 10
      vertex 26.66 23.86 3
      vertex 26.66 23.86 10
    endloop
  endfacet
  facet normal 0.997851 -0.0655224 0
    outer loop
      vertex 26.66 23.86 3
      vertex 26.636 23.4945 10
      vertex 26.636 23.4945 3
    endloop
  endfacet
  facet normal 0.659316 -0.751866 0
    outer loop
      vertex 25.5645 21.6386 3
      vertex 25.8399 21.8801 10
      vertex 25.5645 21.6386 10
    endloop
  endfacet
  facet normal 0.659316 -0.751866 0
    outer loop
      vertex 25.8399 21.8801 10
      vertex 25.5645 21.6386 3
      vertex 25.8399 21.8801 3
    endloop
  endfacet
  facet normal 0.896871 0.442292 0
    outer loop
      vertex 26.4469 24.9315 10
      vertex 26.2849 25.26 3
      vertex 26.2849 25.26 10
    endloop
  endfacet
  facet normal 0.896871 0.442292 0
    outer loop
      vertex 26.2849 25.26 3
      vertex 26.4469 24.9315 10
      vertex 26.4469 24.9315 3
    endloop
  endfacet
  facet normal -0.442292 0.896871 0
    outer loop
      vertex 22.7885 26.4469 3
      vertex 22.46 26.2849 10
      vertex 22.7885 26.4469 10
    endloop
  endfacet
  facet normal -0.442292 0.896871 0
    outer loop
      vertex 22.46 26.2849 10
      vertex 22.7885 26.4469 3
      vertex 22.46 26.2849 3
    endloop
  endfacet
  facet normal 0.321384 0.946949 -0
    outer loop
      vertex 24.9315 26.4469 3
      vertex 24.5847 26.5646 10
      vertex 24.9315 26.4469 10
    endloop
  endfacet
  facet normal 0.321384 0.946949 0
    outer loop
      vertex 24.5847 26.5646 10
      vertex 24.9315 26.4469 3
      vertex 24.5847 26.5646 3
    endloop
  endfacet
  facet normal 0.83142 0.555645 0
    outer loop
      vertex 26.2849 25.26 10
      vertex 26.0814 25.5645 3
      vertex 26.0814 25.5645 10
    endloop
  endfacet
  facet normal 0.83142 0.555645 0
    outer loop
      vertex 26.0814 25.5645 3
      vertex 26.2849 25.26 10
      vertex 26.2849 25.26 3
    endloop
  endfacet
  facet normal -0.946949 -0.321384 0
    outer loop
      vertex 21.2731 22.7885 3
      vertex 21.1554 23.1353 10
      vertex 21.1554 23.1353 3
    endloop
  endfacet
  facet normal -0.946949 -0.321384 0
    outer loop
      vertex 21.1554 23.1353 10
      vertex 21.2731 22.7885 3
      vertex 21.2731 22.7885 10
    endloop
  endfacet
  facet normal -0.751866 -0.659316 0
    outer loop
      vertex 21.8801 21.8801 3
      vertex 21.6386 22.1555 10
      vertex 21.6386 22.1555 3
    endloop
  endfacet
  facet normal -0.751866 -0.659316 0
    outer loop
      vertex 21.6386 22.1555 10
      vertex 21.8801 21.8801 3
      vertex 21.8801 21.8801 10
    endloop
  endfacet
  facet normal -0.321384 -0.946949 0
    outer loop
      vertex 22.7885 21.2731 3
      vertex 23.1353 21.1554 10
      vertex 22.7885 21.2731 10
    endloop
  endfacet
  facet normal -0.321384 -0.946949 -0
    outer loop
      vertex 23.1353 21.1554 10
      vertex 22.7885 21.2731 3
      vertex 23.1353 21.1554 3
    endloop
  endfacet
  facet normal -0.321384 0.946949 0
    outer loop
      vertex 23.1353 26.5646 3
      vertex 22.7885 26.4469 10
      vertex 23.1353 26.5646 10
    endloop
  endfacet
  facet normal -0.321384 0.946949 0
    outer loop
      vertex 22.7885 26.4469 10
      vertex 23.1353 26.5646 3
      vertex 22.7885 26.4469 3
    endloop
  endfacet
  facet normal -0.751866 0.659316 0
    outer loop
      vertex 21.6386 25.5645 3
      vertex 21.8801 25.8399 10
      vertex 21.8801 25.8399 3
    endloop
  endfacet
  facet normal -0.751866 0.659316 0
    outer loop
      vertex 21.8801 25.8399 10
      vertex 21.6386 25.5645 3
      vertex 21.6386 25.5645 10
    endloop
  endfacet
  facet normal -0.83142 -0.555645 0
    outer loop
      vertex 21.6386 22.1555 3
      vertex 21.4351 22.46 10
      vertex 21.4351 22.46 3
    endloop
  endfacet
  facet normal -0.83142 -0.555645 0
    outer loop
      vertex 21.4351 22.46 10
      vertex 21.6386 22.1555 3
      vertex 21.6386 22.1555 10
    endloop
  endfacet
  facet normal -0.946949 0.321384 0
    outer loop
      vertex 21.1554 24.5847 3
      vertex 21.2731 24.9315 10
      vertex 21.2731 24.9315 3
    endloop
  endfacet
  facet normal -0.946949 0.321384 0
    outer loop
      vertex 21.2731 24.9315 10
      vertex 21.1554 24.5847 3
      vertex 21.1554 24.5847 10
    endloop
  endfacet
  facet normal -0.555645 -0.83142 0
    outer loop
      vertex 22.1555 21.6386 3
      vertex 22.46 21.4351 10
      vertex 22.1555 21.6386 10
    endloop
  endfacet
  facet normal -0.555645 -0.83142 -0
    outer loop
      vertex 22.46 21.4351 10
      vertex 22.1555 21.6386 3
      vertex 22.46 21.4351 3
    endloop
  endfacet
  facet normal 0.751866 -0.659316 0
    outer loop
      vertex 25.8399 21.8801 10
      vertex 26.0814 22.1555 3
      vertex 26.0814 22.1555 10
    endloop
  endfacet
  facet normal 0.751866 -0.659316 0
    outer loop
      vertex 26.0814 22.1555 3
      vertex 25.8399 21.8801 10
      vertex 25.8399 21.8801 3
    endloop
  endfacet
  facet normal -0.194961 -0.980811 0
    outer loop
      vertex 23.1353 21.1554 3
      vertex 23.4945 21.084 10
      vertex 23.1353 21.1554 10
    endloop
  endfacet
  facet normal -0.194961 -0.980811 -0
    outer loop
      vertex 23.4945 21.084 10
      vertex 23.1353 21.1554 3
      vertex 23.4945 21.084 3
    endloop
  endfacet
  facet normal 0.896871 -0.442292 0
    outer loop
      vertex 26.2849 22.46 10
      vertex 26.4469 22.7885 3
      vertex 26.4469 22.7885 10
    endloop
  endfacet
  facet normal 0.896871 -0.442292 0
    outer loop
      vertex 26.4469 22.7885 3
      vertex 26.2849 22.46 10
      vertex 26.2849 22.46 3
    endloop
  endfacet
  facet normal 0.555645 0.83142 -0
    outer loop
      vertex 25.5645 26.0814 3
      vertex 25.26 26.2849 10
      vertex 25.5645 26.0814 10
    endloop
  endfacet
  facet normal 0.555645 0.83142 0
    outer loop
      vertex 25.26 26.2849 10
      vertex 25.5645 26.0814 3
      vertex 25.26 26.2849 3
    endloop
  endfacet
  facet normal 0.555645 -0.83142 0
    outer loop
      vertex 25.26 21.4351 3
      vertex 25.5645 21.6386 10
      vertex 25.26 21.4351 10
    endloop
  endfacet
  facet normal 0.555645 -0.83142 0
    outer loop
      vertex 25.5645 21.6386 10
      vertex 25.26 21.4351 3
      vertex 25.5645 21.6386 3
    endloop
  endfacet
  facet normal 0.0655224 0.997851 -0
    outer loop
      vertex 24.2255 26.636 3
      vertex 23.86 26.66 10
      vertex 24.2255 26.636 10
    endloop
  endfacet
  facet normal 0.0655224 0.997851 0
    outer loop
      vertex 23.86 26.66 10
      vertex 24.2255 26.636 3
      vertex 23.86 26.66 3
    endloop
  endfacet
  facet normal 0.659316 0.751866 -0
    outer loop
      vertex 25.8399 25.8399 3
      vertex 25.5645 26.0814 10
      vertex 25.8399 25.8399 10
    endloop
  endfacet
  facet normal 0.659316 0.751866 0
    outer loop
      vertex 25.5645 26.0814 10
      vertex 25.8399 25.8399 3
      vertex 25.5645 26.0814 3
    endloop
  endfacet
  facet normal 0.442292 -0.896871 0
    outer loop
      vertex 24.9315 21.2731 3
      vertex 25.26 21.4351 10
      vertex 24.9315 21.2731 10
    endloop
  endfacet
  facet normal 0.442292 -0.896871 0
    outer loop
      vertex 25.26 21.4351 10
      vertex 24.9315 21.2731 3
      vertex 25.26 21.4351 3
    endloop
  endfacet
  facet normal -0.980811 0.194961 0
    outer loop
      vertex 21.084 24.2255 3
      vertex 21.1554 24.5847 10
      vertex 21.1554 24.5847 3
    endloop
  endfacet
  facet normal -0.980811 0.194961 0
    outer loop
      vertex 21.1554 24.5847 10
      vertex 21.084 24.2255 3
      vertex 21.084 24.2255 10
    endloop
  endfacet
  facet normal 0.194961 -0.980811 0
    outer loop
      vertex 24.2255 21.084 3
      vertex 24.5847 21.1554 10
      vertex 24.2255 21.084 10
    endloop
  endfacet
  facet normal 0.194961 -0.980811 0
    outer loop
      vertex 24.5847 21.1554 10
      vertex 24.2255 21.084 3
      vertex 24.5847 21.1554 3
    endloop
  endfacet
  facet normal -0.555645 0.83142 0
    outer loop
      vertex 22.46 26.2849 3
      vertex 22.1555 26.0814 10
      vertex 22.46 26.2849 10
    endloop
  endfacet
  facet normal -0.555645 0.83142 0
    outer loop
      vertex 22.1555 26.0814 10
      vertex 22.46 26.2849 3
      vertex 22.1555 26.0814 3
    endloop
  endfacet
  facet normal -0.980811 -0.194961 0
    outer loop
      vertex 21.1554 23.1353 3
      vertex 21.084 23.4945 10
      vertex 21.084 23.4945 3
    endloop
  endfacet
  facet normal -0.980811 -0.194961 0
    outer loop
      vertex 21.084 23.4945 10
      vertex 21.1554 23.1353 3
      vertex 21.1554 23.1353 10
    endloop
  endfacet
  facet normal 0.0655224 -0.997851 0
    outer loop
      vertex 23.86 21.06 3
      vertex 24.2255 21.084 10
      vertex 23.86 21.06 10
    endloop
  endfacet
  facet normal 0.0655224 -0.997851 0
    outer loop
      vertex 24.2255 21.084 10
      vertex 23.86 21.06 3
      vertex 24.2255 21.084 3
    endloop
  endfacet
  facet normal 0.442292 0.896871 -0
    outer loop
      vertex 25.26 26.2849 3
      vertex 24.9315 26.4469 10
      vertex 25.26 26.2849 10
    endloop
  endfacet
  facet normal 0.442292 0.896871 0
    outer loop
      vertex 24.9315 26.4469 10
      vertex 25.26 26.2849 3
      vertex 24.9315 26.4469 3
    endloop
  endfacet
  facet normal 0.980811 -0.194961 0
    outer loop
      vertex 26.5646 23.1353 10
      vertex 26.636 23.4945 3
      vertex 26.636 23.4945 10
    endloop
  endfacet
  facet normal 0.980811 -0.194961 0
    outer loop
      vertex 26.636 23.4945 3
      vertex 26.5646 23.1353 10
      vertex 26.5646 23.1353 3
    endloop
  endfacet
  facet normal 0.751866 0.659316 0
    outer loop
      vertex 26.0814 25.5645 10
      vertex 25.8399 25.8399 3
      vertex 25.8399 25.8399 10
    endloop
  endfacet
  facet normal 0.751866 0.659316 0
    outer loop
      vertex 25.8399 25.8399 3
      vertex 26.0814 25.5645 10
      vertex 26.0814 25.5645 3
    endloop
  endfacet
  facet normal 0.194961 0.980811 -0
    outer loop
      vertex 24.5847 26.5646 3
      vertex 24.2255 26.636 10
      vertex 24.5847 26.5646 10
    endloop
  endfacet
  facet normal 0.194961 0.980811 0
    outer loop
      vertex 24.2255 26.636 10
      vertex 24.5847 26.5646 3
      vertex 24.2255 26.636 3
    endloop
  endfacet
  facet normal -0.997851 0.0655224 0
    outer loop
      vertex 21.06 23.86 3
      vertex 21.084 24.2255 10
      vertex 21.084 24.2255 3
    endloop
  endfacet
  facet normal -0.997851 0.0655224 0
    outer loop
      vertex 21.084 24.2255 10
      vertex 21.06 23.86 3
      vertex 21.06 23.86 10
    endloop
  endfacet
  facet normal -0.896871 -0.442292 0
    outer loop
      vertex 21.4351 22.46 3
      vertex 21.2731 22.7885 10
      vertex 21.2731 22.7885 3
    endloop
  endfacet
  facet normal -0.896871 -0.442292 0
    outer loop
      vertex 21.2731 22.7885 10
      vertex 21.4351 22.46 3
      vertex 21.4351 22.46 10
    endloop
  endfacet
  facet normal -0.659316 0.751866 0
    outer loop
      vertex 22.1555 26.0814 3
      vertex 21.8801 25.8399 10
      vertex 22.1555 26.0814 10
    endloop
  endfacet
  facet normal -0.659316 0.751866 0
    outer loop
      vertex 21.8801 25.8399 10
      vertex 22.1555 26.0814 3
      vertex 21.8801 25.8399 3
    endloop
  endfacet
  facet normal -0.194961 0.980811 0
    outer loop
      vertex 23.4945 26.636 3
      vertex 23.1353 26.5646 10
      vertex 23.4945 26.636 10
    endloop
  endfacet
  facet normal -0.194961 0.980811 0
    outer loop
      vertex 23.1353 26.5646 10
      vertex 23.4945 26.636 3
      vertex 23.1353 26.5646 3
    endloop
  endfacet
  facet normal -0.997851 -0.0655224 0
    outer loop
      vertex 21.084 23.4945 3
      vertex 21.06 23.86 10
      vertex 21.06 23.86 3
    endloop
  endfacet
  facet normal -0.997851 -0.0655224 0
    outer loop
      vertex 21.06 23.86 10
      vertex 21.084 23.4945 3
      vertex 21.084 23.4945 10
    endloop
  endfacet
  facet normal -0.0655224 -0.997851 0
    outer loop
      vertex 23.4945 21.084 3
      vertex 23.86 21.06 10
      vertex 23.4945 21.084 10
    endloop
  endfacet
  facet normal -0.0655224 -0.997851 -0
    outer loop
      vertex 23.86 21.06 10
      vertex 23.4945 21.084 3
      vertex 23.86 21.06 3
    endloop
  endfacet
  facet normal -0.83142 0.555645 0
    outer loop
      vertex 21.4351 25.26 3
      vertex 21.6386 25.5645 10
      vertex 21.6386 25.5645 3
    endloop
  endfacet
  facet normal -0.83142 0.555645 0
    outer loop
      vertex 21.6386 25.5645 10
      vertex 21.4351 25.26 3
      vertex 21.4351 25.26 10
    endloop
  endfacet
  facet normal -0.0655224 0.997851 0
    outer loop
      vertex 23.86 26.66 3
      vertex 23.4945 26.636 10
      vertex 23.86 26.66 10
    endloop
  endfacet
  facet normal -0.0655224 0.997851 0
    outer loop
      vertex 23.4945 26.636 10
      vertex 23.86 26.66 3
      vertex 23.4945 26.636 3
    endloop
  endfacet
  facet normal 0 0 1
    outer loop
      vertex 24.71 23.86 10
      vertex 26.66 23.86 10
      vertex 26.636 24.2255 10
    endloop
  endfacet
  facet normal 0 0 1
    outer loop
      vertex 24.7027 23.9709 10
      vertex 26.636 24.2255 10
      vertex 26.5646 24.5847 10
    endloop
  endfacet
  facet normal 0 0 1
    outer loop
      vertex 26.66 23.86 10
      vertex 24.71 23.86 10
      vertex 26.636 23.4945 10
    endloop
  endfacet
  facet normal 0 0 1
    outer loop
      vertex 24.681 24.08 10
      vertex 26.5646 24.5847 10
      vertex 26.4469 24.9315 10
    endloop
  endfacet
  facet normal -0 0 1
    outer loop
      vertex 24.7027 23.7491 10
      vertex 26.636 23.4945 10
      vertex 24.71 23.86 10
    endloop
  endfacet
  facet normal 0 0 1
    outer loop
      vertex 24.6453 24.1853 10
      vertex 26.4469 24.9315 10
      vertex 26.2849 25.26 10
    endloop
  endfacet
  facet normal 0 0 1
    outer loop
      vertex 26.636 23.4945 10
      vertex 24.7027 23.7491 10
      vertex 26.5646 23.1353 10
    endloop
  endfacet
  facet normal 0 0 1
    outer loop
      vertex 24.5961 24.285 10
      vertex 26.2849 25.26 10
      vertex 26.0814 25.5645 10
    endloop
  endfacet
  facet normal -0 0 1
    outer loop
      vertex 24.681 23.64 10
      vertex 26.5646 23.1353 10
      vertex 24.7027 23.7491 10
    endloop
  endfacet
  facet normal 0 0 1
    outer loop
      vertex 24.5343 24.3774 10
      vertex 26.0814 25.5645 10
      vertex 25.8399 25.8399 10
    endloop
  endfacet
  facet normal 0 0 1
    outer loop
      vertex 26.5646 23.1353 10
      vertex 24.681 23.64 10
      vertex 26.4469 22.7885 10
    endloop
  endfacet
  facet normal 0 0 1
    outer loop
      vertex 24.461 24.461 10
      vertex 25.8399 25.8399 10
      vertex 25.5645 26.0814 10
    endloop
  endfacet
  facet normal -0 0 1
    outer loop
      vertex 24.6453 23.5347 10
      vertex 26.4469 22.7885 10
      vertex 24.681 23.64 10
    endloop
  endfacet
  facet normal 0 0 1
    outer loop
      vertex 24.3774 24.5343 10
      vertex 25.5645 26.0814 10
      vertex 25.26 26.2849 10
    endloop
  endfacet
  facet normal 0 0 1
    outer loop
      vertex 26.4469 22.7885 10
      vertex 24.6453 23.5347 10
      vertex 26.2849 22.46 10
    endloop
  endfacet
  facet normal 0 0 1
    outer loop
      vertex 24.285 24.5961 10
      vertex 25.26 26.2849 10
      vertex 24.9315 26.4469 10
    endloop
  endfacet
  facet normal -0 0 1
    outer loop
      vertex 24.5961 23.435 10
      vertex 26.2849 22.46 10
      vertex 24.6453 23.5347 10
    endloop
  endfacet
  facet normal 0 0 1
    outer loop
      vertex 26.2849 22.46 10
      vertex 24.5961 23.435 10
      vertex 26.0814 22.1555 10
    endloop
  endfacet
  facet normal 0 0 1
    outer loop
      vertex 26.636 24.2255 10
      vertex 24.7027 23.9709 10
      vertex 24.71 23.86 10
    endloop
  endfacet
  facet normal 0 0 1
    outer loop
      vertex 26.5646 24.5847 10
      vertex 24.681 24.08 10
      vertex 24.7027 23.9709 10
    endloop
  endfacet
  facet normal 0 0 1
    outer loop
      vertex 26.4469 24.9315 10
      vertex 24.6453 24.1853 10
      vertex 24.681 24.08 10
    endloop
  endfacet
  facet normal 0 0 1
    outer loop
      vertex 26.2849 25.26 10
      vertex 24.5961 24.285 10
      vertex 24.6453 24.1853 10
    endloop
  endfacet
  facet normal 0 0 1
    outer loop
      vertex 24.1853 24.6453 10
      vertex 24.9315 26.4469 10
      vertex 24.5847 26.5646 10
    endloop
  endfacet
  facet normal 0 0 1
    outer loop
      vertex 26.0814 25.5645 10
      vertex 24.5343 24.3774 10
      vertex 24.5961 24.285 10
    endloop
  endfacet
  facet normal 0 0 1
    outer loop
      vertex 25.8399 25.8399 10
      vertex 24.461 24.461 10
      vertex 24.5343 24.3774 10
    endloop
  endfacet
  facet normal 0 0 1
    outer loop
      vertex 25.5645 26.0814 10
      vertex 24.3774 24.5343 10
      vertex 24.461 24.461 10
    endloop
  endfacet
  facet normal 0 0 1
    outer loop
      vertex 25.26 26.2849 10
      vertex 24.285 24.5961 10
      vertex 24.3774 24.5343 10
    endloop
  endfacet
  facet normal 0 0 1
    outer loop
      vertex 24.08 24.681 10
      vertex 24.5847 26.5646 10
      vertex 24.2255 26.636 10
    endloop
  endfacet
  facet normal 0 0 1
    outer loop
      vertex 24.9315 26.4469 10
      vertex 24.1853 24.6453 10
      vertex 24.285 24.5961 10
    endloop
  endfacet
  facet normal 0 0 1
    outer loop
      vertex 24.5847 26.5646 10
      vertex 24.08 24.681 10
      vertex 24.1853 24.6453 10
    endloop
  endfacet
  facet normal 0 0 1
    outer loop
      vertex 24.2255 26.636 10
      vertex 23.9709 24.7027 10
      vertex 24.08 24.681 10
    endloop
  endfacet
  facet normal 0 0 1
    outer loop
      vertex 23.86 26.66 10
      vertex 23.9709 24.7027 10
      vertex 24.2255 26.636 10
    endloop
  endfacet
  facet normal 0 0 1
    outer loop
      vertex 23.86 26.66 10
      vertex 23.86 24.71 10
      vertex 23.9709 24.7027 10
    endloop
  endfacet
  facet normal 0 0 1
    outer loop
      vertex 23.86 26.66 10
      vertex 23.7491 24.7027 10
      vertex 23.86 24.71 10
    endloop
  endfacet
  facet normal -0 0 1
    outer loop
      vertex 23.4945 26.636 10
      vertex 23.7491 24.7027 10
      vertex 23.86 26.66 10
    endloop
  endfacet
  facet normal 0 0 1
    outer loop
      vertex 23.7491 24.7027 10
      vertex 23.4945 26.636 10
      vertex 23.64 24.681 10
    endloop
  endfacet
  facet normal -0 0 1
    outer loop
      vertex 23.1353 26.5646 10
      vertex 23.64 24.681 10
      vertex 23.4945 26.636 10
    endloop
  endfacet
  facet normal 0 0 1
    outer loop
      vertex 23.64 24.681 10
      vertex 23.1353 26.5646 10
      vertex 23.5347 24.6453 10
    endloop
  endfacet
  facet normal -0 0 1
    outer loop
      vertex 22.7885 26.4469 10
      vertex 23.5347 24.6453 10
      vertex 23.1353 26.5646 10
    endloop
  endfacet
  facet normal 0 0 1
    outer loop
      vertex 23.5347 24.6453 10
      vertex 22.7885 26.4469 10
      vertex 23.435 24.5961 10
    endloop
  endfacet
  facet normal -0 0 1
    outer loop
      vertex 22.46 26.2849 10
      vertex 23.435 24.5961 10
      vertex 22.7885 26.4469 10
    endloop
  endfacet
  facet normal 0 0 1
    outer loop
      vertex 23.435 24.5961 10
      vertex 22.46 26.2849 10
      vertex 23.3426 24.5343 10
    endloop
  endfacet
  facet normal -0 0 1
    outer loop
      vertex 22.1555 26.0814 10
      vertex 23.3426 24.5343 10
      vertex 22.46 26.2849 10
    endloop
  endfacet
  facet normal 0 0 1
    outer loop
      vertex 23.3426 24.5343 10
      vertex 22.1555 26.0814 10
      vertex 23.259 24.461 10
    endloop
  endfacet
  facet normal -0 0 1
    outer loop
      vertex 21.8801 25.8399 10
      vertex 23.259 24.461 10
      vertex 22.1555 26.0814 10
    endloop
  endfacet
  facet normal 0 0 1
    outer loop
      vertex 23.259 24.461 10
      vertex 21.8801 25.8399 10
      vertex 23.1856 24.3774 10
    endloop
  endfacet
  facet normal -0 0 1
    outer loop
      vertex 21.6386 25.5645 10
      vertex 23.1856 24.3774 10
      vertex 21.8801 25.8399 10
    endloop
  endfacet
  facet normal 0 0 1
    outer loop
      vertex 23.1856 24.3774 10
      vertex 21.6386 25.5645 10
      vertex 23.1239 24.285 10
    endloop
  endfacet
  facet normal -0 0 1
    outer loop
      vertex 24.5343 23.3426 10
      vertex 26.0814 22.1555 10
      vertex 24.5961 23.435 10
    endloop
  endfacet
  facet normal 0 0 1
    outer loop
      vertex 26.0814 22.1555 10
      vertex 24.5343 23.3426 10
      vertex 25.8399 21.8801 10
    endloop
  endfacet
  facet normal -0 0 1
    outer loop
      vertex 24.461 23.259 10
      vertex 25.8399 21.8801 10
      vertex 24.5343 23.3426 10
    endloop
  endfacet
  facet normal 0 0 1
    outer loop
      vertex 25.8399 21.8801 10
      vertex 24.461 23.259 10
      vertex 25.5645 21.6386 10
    endloop
  endfacet
  facet normal -0 0 1
    outer loop
      vertex 24.3774 23.1856 10
      vertex 25.5645 21.6386 10
      vertex 24.461 23.259 10
    endloop
  endfacet
  facet normal 0 0 1
    outer loop
      vertex 25.5645 21.6386 10
      vertex 24.3774 23.1856 10
      vertex 25.26 21.4351 10
    endloop
  endfacet
  facet normal -0 0 1
    outer loop
      vertex 24.285 23.1239 10
      vertex 25.26 21.4351 10
      vertex 24.3774 23.1856 10
    endloop
  endfacet
  facet normal 0 0 1
    outer loop
      vertex 25.26 21.4351 10
      vertex 24.285 23.1239 10
      vertex 24.9315 21.2731 10
    endloop
  endfacet
  facet normal -0 0 1
    outer loop
      vertex 24.1853 23.0747 10
      vertex 24.9315 21.2731 10
      vertex 24.285 23.1239 10
    endloop
  endfacet
  facet normal 0 0 1
    outer loop
      vertex 24.9315 21.2731 10
      vertex 24.1853 23.0747 10
      vertex 24.5847 21.1554 10
    endloop
  endfacet
  facet normal -0 0 1
    outer loop
      vertex 24.08 23.039 10
      vertex 24.5847 21.1554 10
      vertex 24.1853 23.0747 10
    endloop
  endfacet
  facet normal 0 0 1
    outer loop
      vertex 24.5847 21.1554 10
      vertex 24.08 23.039 10
      vertex 24.2255 21.084 10
    endloop
  endfacet
  facet normal -0 0 1
    outer loop
      vertex 23.9709 23.0173 10
      vertex 24.2255 21.084 10
      vertex 24.08 23.039 10
    endloop
  endfacet
  facet normal -0 0 1
    outer loop
      vertex 23.86 23.01 10
      vertex 24.2255 21.084 10
      vertex 23.9709 23.0173 10
    endloop
  endfacet
  facet normal 0 0 1
    outer loop
      vertex 23.86 23.01 10
      vertex 23.86 21.06 10
      vertex 24.2255 21.084 10
    endloop
  endfacet
  facet normal 0 0 1
    outer loop
      vertex 23.7491 23.0173 10
      vertex 23.86 21.06 10
      vertex 23.86 23.01 10
    endloop
  endfacet
  facet normal 0 0 1
    outer loop
      vertex 23.4945 21.084 10
      vertex 23.7491 23.0173 10
      vertex 23.64 23.039 10
    endloop
  endfacet
  facet normal 0 0 1
    outer loop
      vertex 23.1353 21.1554 10
      vertex 23.64 23.039 10
      vertex 23.5347 23.0747 10
    endloop
  endfacet
  facet normal 0 0 1
    outer loop
      vertex 23.7491 23.0173 10
      vertex 23.4945 21.084 10
      vertex 23.86 21.06 10
    endloop
  endfacet
  facet normal 0 0 1
    outer loop
      vertex 22.7885 21.2731 10
      vertex 23.5347 23.0747 10
      vertex 23.435 23.1239 10
    endloop
  endfacet
  facet normal 0 0 1
    outer loop
      vertex 22.46 21.4351 10
      vertex 23.435 23.1239 10
      vertex 23.3426 23.1856 10
    endloop
  endfacet
  facet normal 0 0 1
    outer loop
      vertex 22.1555 21.6386 10
      vertex 23.3426 23.1856 10
      vertex 23.259 23.259 10
    endloop
  endfacet
  facet normal 0 0 1
    outer loop
      vertex 21.8801 21.8801 10
      vertex 23.259 23.259 10
      vertex 23.1856 23.3426 10
    endloop
  endfacet
  facet normal 0 0 1
    outer loop
      vertex 23.64 23.039 10
      vertex 23.1353 21.1554 10
      vertex 23.4945 21.084 10
    endloop
  endfacet
  facet normal 0 0 1
    outer loop
      vertex 21.6386 22.1555 10
      vertex 23.1856 23.3426 10
      vertex 23.1239 23.435 10
    endloop
  endfacet
  facet normal 0 0 1
    outer loop
      vertex 21.4351 22.46 10
      vertex 23.1239 23.435 10
      vertex 23.0747 23.5347 10
    endloop
  endfacet
  facet normal 0 0 1
    outer loop
      vertex 21.2731 22.7885 10
      vertex 23.0747 23.5347 10
      vertex 23.039 23.64 10
    endloop
  endfacet
  facet normal 0 0 1
    outer loop
      vertex 21.1554 23.1353 10
      vertex 23.039 23.64 10
      vertex 23.0173 23.7491 10
    endloop
  endfacet
  facet normal 0 0 1
    outer loop
      vertex 21.084 23.4945 10
      vertex 23.0173 23.7491 10
      vertex 23.01 23.86 10
    endloop
  endfacet
  facet normal -0 0 1
    outer loop
      vertex 21.4351 25.26 10
      vertex 23.1239 24.285 10
      vertex 21.6386 25.5645 10
    endloop
  endfacet
  facet normal 0 0 1
    outer loop
      vertex 23.5347 23.0747 10
      vertex 22.7885 21.2731 10
      vertex 23.1353 21.1554 10
    endloop
  endfacet
  facet normal 0 0 1
    outer loop
      vertex 23.1239 24.285 10
      vertex 21.4351 25.26 10
      vertex 23.0747 24.1853 10
    endloop
  endfacet
  facet normal 0 0 1
    outer loop
      vertex 23.435 23.1239 10
      vertex 22.46 21.4351 10
      vertex 22.7885 21.2731 10
    endloop
  endfacet
  facet normal -0 0 1
    outer loop
      vertex 21.2731 24.9315 10
      vertex 23.0747 24.1853 10
      vertex 21.4351 25.26 10
    endloop
  endfacet
  facet normal 0 0 1
    outer loop
      vertex 23.3426 23.1856 10
      vertex 22.1555 21.6386 10
      vertex 22.46 21.4351 10
    endloop
  endfacet
  facet normal 0 0 1
    outer loop
      vertex 23.0747 24.1853 10
      vertex 21.2731 24.9315 10
      vertex 23.039 24.08 10
    endloop
  endfacet
  facet normal 0 0 1
    outer loop
      vertex 23.259 23.259 10
      vertex 21.8801 21.8801 10
      vertex 22.1555 21.6386 10
    endloop
  endfacet
  facet normal -0 0 1
    outer loop
      vertex 21.1554 24.5847 10
      vertex 23.039 24.08 10
      vertex 21.2731 24.9315 10
    endloop
  endfacet
  facet normal 0 0 1
    outer loop
      vertex 23.1856 23.3426 10
      vertex 21.6386 22.1555 10
      vertex 21.8801 21.8801 10
    endloop
  endfacet
  facet normal 0 0 1
    outer loop
      vertex 23.039 24.08 10
      vertex 21.1554 24.5847 10
      vertex 23.0173 23.9709 10
    endloop
  endfacet
  facet normal 0 0 1
    outer loop
      vertex 23.1239 23.435 10
      vertex 21.4351 22.46 10
      vertex 21.6386 22.1555 10
    endloop
  endfacet
  facet normal -0 0 1
    outer loop
      vertex 21.084 24.2255 10
      vertex 23.0173 23.9709 10
      vertex 21.1554 24.5847 10
    endloop
  endfacet
  facet normal 0 0 1
    outer loop
      vertex 23.0747 23.5347 10
      vertex 21.2731 22.7885 10
      vertex 21.4351 22.46 10
    endloop
  endfacet
  facet normal 0 0 1
    outer loop
      vertex 23.0173 23.9709 10
      vertex 21.084 24.2255 10
      vertex 23.01 23.86 10
    endloop
  endfacet
  facet normal 0 0 1
    outer loop
      vertex 23.039 23.64 10
      vertex 21.1554 23.1353 10
      vertex 21.2731 22.7885 10
    endloop
  endfacet
  facet normal 0 0 1
    outer loop
      vertex 21.06 23.86 10
      vertex 23.01 23.86 10
      vertex 21.084 24.2255 10
    endloop
  endfacet
  facet normal 0 0 1
    outer loop
      vertex 23.0173 23.7491 10
      vertex 21.084 23.4945 10
      vertex 21.1554 23.1353 10
    endloop
  endfacet
  facet normal 0 0 1
    outer loop
      vertex 23.01 23.86 10
      vertex 21.06 23.86 10
      vertex 21.084 23.4945 10
    endloop
  endfacet
  facet normal -0.896871 0.442292 0
    outer loop
      vertex 21.2731 24.9315 3
      vertex 21.4351 25.26 10
      vertex 21.4351 25.26 3
    endloop
  endfacet
  facet normal -0.896871 0.442292 0
    outer loop
      vertex 21.4351 25.26 10
      vertex 21.2731 24.9315 3
      vertex 21.2731 24.9315 10
    endloop
  endfacet
  facet normal -0.659316 -0.751866 0
    outer loop
      vertex 21.8801 21.8801 3
      vertex 22.1555 21.6386 10
      vertex 21.8801 21.8801 10
    endloop
  endfacet
  facet normal -0.659316 -0.751866 -0
    outer loop
      vertex 22.1555 21.6386 10
      vertex 21.8801 21.8801 3
      vertex 22.1555 21.6386 3
    endloop
  endfacet
  facet normal -0.980783 -0.195104 0
    outer loop
      vertex 0.0681458 1.48236 0
      vertex 0.0171051 1.73894 3
      vertex 0.0171051 1.73894 0
    endloop
  endfacet
  facet normal -0.980783 -0.195104 0
    outer loop
      vertex 0.0171051 1.73894 3
      vertex 0.0681458 1.48236 0
      vertex 0.0681458 1.48236 3
    endloop
  endfacet
  facet normal 0.321039 0.947066 -0
    outer loop
      vertex 32.5154 27.2478 0
      vertex 32.2676 27.3318 3
      vertex 32.5154 27.2478 3
    endloop
  endfacet
  facet normal 0.321039 0.947066 0
    outer loop
      vertex 32.2676 27.3318 3
      vertex 32.5154 27.2478 0
      vertex 32.2676 27.3318 0
    endloop
  endfacet
  facet normal -0.99786 -0.0653815 0
    outer loop
      vertex 0.0171051 1.73894 0
      vertex 0 2 3
      vertex 0 2 0
    endloop
  endfacet
  facet normal -0.99786 -0.0653815 0
    outer loop
      vertex 0 2 3
      vertex 0.0171051 1.73894 0
      vertex 0.0171051 1.73894 3
    endloop
  endfacet
  facet normal 0.946926 -0.321452 0
    outer loop
      vertex 33.5977 1.23462 3
      vertex 33.6818 1.48236 0
      vertex 33.6818 1.48236 3
    endloop
  endfacet
  facet normal 0.946926 -0.321452 0
    outer loop
      vertex 33.6818 1.48236 0
      vertex 33.5977 1.23462 3
      vertex 33.5977 1.23462 0
    endloop
  endfacet
  facet normal -0.997859 0.0653965 0
    outer loop
      vertex 0 25.4 0
      vertex 0.0171051 25.661 3
      vertex 0.0171051 25.661 0
    endloop
  endfacet
  facet normal -0.997859 0.0653965 0
    outer loop
      vertex 0.0171051 25.661 3
      vertex 0 25.4 0
      vertex 0 25.4 3
    endloop
  endfacet
  facet normal 0.555494 0.831521 -0
    outer loop
      vertex 32.9675 26.9867 0
      vertex 32.75 27.132 3
      vertex 32.9675 26.9867 3
    endloop
  endfacet
  facet normal 0.555494 0.831521 0
    outer loop
      vertex 32.75 27.132 3
      vertex 32.9675 26.9867 0
      vertex 32.75 27.132 0
    endloop
  endfacet
  facet normal -0.442305 -0.896865 0
    outer loop
      vertex 1 0.267944 0
      vertex 1.23462 0.152237 3
      vertex 1 0.267944 3
    endloop
  endfacet
  facet normal -0.442305 -0.896865 -0
    outer loop
      vertex 1.23462 0.152237 3
      vertex 1 0.267944 0
      vertex 1.23462 0.152237 0
    endloop
  endfacet
  facet normal 1 -0 0
    outer loop
      vertex 33.75 2 3
      vertex 33.75 25.4 0
      vertex 33.75 25.4 3
    endloop
  endfacet
  facet normal 1 0 0
    outer loop
      vertex 33.75 25.4 0
      vertex 33.75 2 3
      vertex 33.75 2 0
    endloop
  endfacet
  facet normal 0 1 -0
    outer loop
      vertex 31.75 27.4 0
      vertex 2 27.4 3
      vertex 31.75 27.4 3
    endloop
  endfacet
  facet normal 0 1 0
    outer loop
      vertex 2 27.4 3
      vertex 31.75 27.4 0
      vertex 2 27.4 0
    endloop
  endfacet
  facet normal -0.75184 0.659345 0
    outer loop
      vertex 0.413284 26.6175 0
      vertex 0.585785 26.8142 3
      vertex 0.585785 26.8142 0
    endloop
  endfacet
  facet normal -0.75184 0.659345 0
    outer loop
      vertex 0.585785 26.8142 3
      vertex 0.413284 26.6175 0
      vertex 0.413284 26.6175 3
    endloop
  endfacet
  facet normal -0.65937 0.751819 0
    outer loop
      vertex 0.782471 26.9867 0
      vertex 0.585785 26.8142 3
      vertex 0.782471 26.9867 3
    endloop
  endfacet
  facet normal -0.65937 0.751819 0
    outer loop
      vertex 0.585785 26.8142 3
      vertex 0.782471 26.9867 0
      vertex 0.585785 26.8142 0
    endloop
  endfacet
  facet normal 0.831555 -0.555443 0
    outer loop
      vertex 33.3367 0.782471 3
      vertex 33.482 1 0
      vertex 33.482 1 3
    endloop
  endfacet
  facet normal 0.831555 -0.555443 0
    outer loop
      vertex 33.482 1 0
      vertex 33.3367 0.782471 3
      vertex 33.3367 0.782471 0
    endloop
  endfacet
  facet normal -1 0 0
    outer loop
      vertex 0 2 0
      vertex 0 25.4 3
      vertex 0 25.4 0
    endloop
  endfacet
  facet normal -1 -0 0
    outer loop
      vertex 0 25.4 3
      vertex 0 2 0
      vertex 0 2 3
    endloop
  endfacet
  facet normal 0 -1 0
    outer loop
      vertex 2 0 0
      vertex 31.75 0 3
      vertex 2 0 3
    endloop
  endfacet
  facet normal 0 -1 -0
    outer loop
      vertex 31.75 0 3
      vertex 2 0 0
      vertex 31.75 0 0
    endloop
  endfacet
  facet normal 0.831521 0.555494 0
    outer loop
      vertex 33.482 26.4 3
      vertex 33.3367 26.6175 0
      vertex 33.3367 26.6175 3
    endloop
  endfacet
  facet normal 0.831521 0.555494 0
    outer loop
      vertex 33.3367 26.6175 0
      vertex 33.482 26.4 3
      vertex 33.482 26.4 0
    endloop
  endfacet
  facet normal 0.659343 0.751842 -0
    outer loop
      vertex 33.1642 26.8142 0
      vertex 32.9675 26.9867 3
      vertex 33.1642 26.8142 3
    endloop
  endfacet
  facet normal 0.659343 0.751842 0
    outer loop
      vertex 32.9675 26.9867 3
      vertex 33.1642 26.8142 0
      vertex 32.9675 26.9867 0
    endloop
  endfacet
  facet normal 0.442335 -0.89685 0
    outer loop
      vertex 32.5154 0.152237 0
      vertex 32.75 0.267944 3
      vertex 32.5154 0.152237 3
    endloop
  endfacet
  facet normal 0.442335 -0.89685 0
    outer loop
      vertex 32.75 0.267944 3
      vertex 32.5154 0.152237 0
      vertex 32.75 0.267944 0
    endloop
  endfacet
  facet normal -0.980785 0.19509 0
    outer loop
      vertex 0.0171051 25.661 0
      vertex 0.0681458 25.9176 3
      vertex 0.0681458 25.9176 0
    endloop
  endfacet
  facet normal -0.980785 0.19509 0
    outer loop
      vertex 0.0681458 25.9176 3
      vertex 0.0171051 25.661 0
      vertex 0.0171051 25.661 3
    endloop
  endfacet
  facet normal 0.751842 0.659343 0
    outer loop
      vertex 33.3367 26.6175 3
      vertex 33.1642 26.8142 0
      vertex 33.1642 26.8142 3
    endloop
  endfacet
  facet normal 0.751842 0.659343 0
    outer loop
      vertex 33.1642 26.8142 0
      vertex 33.3367 26.6175 3
      vertex 33.3367 26.6175 0
    endloop
  endfacet
  facet normal 0.89686 0.442314 0
    outer loop
      vertex 33.5977 26.1654 3
      vertex 33.482 26.4 0
      vertex 33.482 26.4 3
    endloop
  endfacet
  facet normal 0.89686 0.442314 0
    outer loop
      vertex 33.482 26.4 0
      vertex 33.5977 26.1654 3
      vertex 33.5977 26.1654 0
    endloop
  endfacet
  facet normal -0.321422 -0.946936 0
    outer loop
      vertex 1.23462 0.152237 0
      vertex 1.48236 0.0681458 3
      vertex 1.23462 0.152237 3
    endloop
  endfacet
  facet normal -0.321422 -0.946936 -0
    outer loop
      vertex 1.48236 0.0681458 3
      vertex 1.23462 0.152237 0
      vertex 1.48236 0.0681458 0
    endloop
  endfacet
  facet normal 0.751819 -0.65937 0
    outer loop
      vertex 33.1642 0.585785 3
      vertex 33.3367 0.782471 0
      vertex 33.3367 0.782471 3
    endloop
  endfacet
  facet normal 0.751819 -0.65937 0
    outer loop
      vertex 33.3367 0.782471 0
      vertex 33.1642 0.585785 3
      vertex 33.1642 0.585785 0
    endloop
  endfacet
  facet normal 0.442621 0.896709 -0
    outer loop
      vertex 32.75 27.132 0
      vertex 32.5154 27.2478 3
      vertex 32.75 27.132 3
    endloop
  endfacet
  facet normal 0.442621 0.896709 0
    outer loop
      vertex 32.5154 27.2478 3
      vertex 32.75 27.132 0
      vertex 32.5154 27.2478 0
    endloop
  endfacet
  facet normal 0.0653965 -0.997859 0
    outer loop
      vertex 31.75 0 0
      vertex 32.011 0.0171051 3
      vertex 31.75 0 3
    endloop
  endfacet
  facet normal 0.0653965 -0.997859 0
    outer loop
      vertex 32.011 0.0171051 3
      vertex 31.75 0 0
      vertex 32.011 0.0171051 0
    endloop
  endfacet
  facet normal -0.89685 0.442335 0
    outer loop
      vertex 0.152237 26.1654 0
      vertex 0.267944 26.4 3
      vertex 0.267944 26.4 0
    endloop
  endfacet
  facet normal -0.89685 0.442335 0
    outer loop
      vertex 0.267944 26.4 3
      vertex 0.152237 26.1654 0
      vertex 0.152237 26.1654 3
    endloop
  endfacet
  facet normal 0 0 1
    outer loop
      vertex 21.4351 22.46 3
      vertex 5.96487 22.46 3
      vertex 21.6386 22.1555 3
    endloop
  endfacet
  facet normal 0 0 1
    outer loop
      vertex 21.8801 5.5199 3
      vertex 6.31604 3.90547 3
      vertex 6.34 3.54 3
    endloop
  endfacet
  facet normal 0 0 1
    outer loop
      vertex 5.76139 22.1555 3
      vertex 21.6386 22.1555 3
      vertex 5.96487 22.46 3
    endloop
  endfacet
  facet normal 0 0 1
    outer loop
      vertex 21.8801 5.5199 3
      vertex 6.24459 4.26469 3
      vertex 6.31604 3.90547 3
    endloop
  endfacet
  facet normal 0 0 1
    outer loop
      vertex 21.6386 22.1555 3
      vertex 5.76139 22.1555 3
      vertex 21.8801 21.8801 3
    endloop
  endfacet
  facet normal 0 0 1
    outer loop
      vertex 21.8801 5.5199 3
      vertex 6.12686 4.61151 3
      vertex 6.24459 4.26469 3
    endloop
  endfacet
  facet normal 0 0 1
    outer loop
      vertex 5.5199 21.8801 3
      vertex 21.8801 21.8801 3
      vertex 5.76139 22.1555 3
    endloop
  endfacet
  facet normal 0 0 1
    outer loop
      vertex 21.8801 5.5199 3
      vertex 5.96487 4.94 3
      vertex 6.12686 4.61151 3
    endloop
  endfacet
  facet normal 0 0 1
    outer loop
      vertex 21.8801 21.8801 3
      vertex 5.5199 21.8801 3
      vertex 21.8801 5.5199 3
    endloop
  endfacet
  facet normal 0 0 1
    outer loop
      vertex 21.8801 5.5199 3
      vertex 5.76139 5.24453 3
      vertex 5.96487 4.94 3
    endloop
  endfacet
  facet normal 0 0 1
    outer loop
      vertex 5.5199 5.5199 3
      vertex 21.8801 5.5199 3
      vertex 5.5199 21.8801 3
    endloop
  endfacet
  facet normal 0 0 1
    outer loop
      vertex 21.8801 5.5199 3
      vertex 5.5199 5.5199 3
      vertex 5.76139 5.24453 3
    endloop
  endfacet
  facet normal -0 0 1
    outer loop
      vertex 5.24453 21.6386 3
      vertex 5.5199 5.5199 3
      vertex 5.5199 21.8801 3
    endloop
  endfacet
  facet normal 0 0 1
    outer loop
      vertex 5.24453 21.6386 3
      vertex 5.24453 5.76139 3
      vertex 5.5199 5.5199 3
    endloop
  endfacet
  facet normal -0 0 1
    outer loop
      vertex 4.94 21.4351 3
      vertex 5.24453 5.76139 3
      vertex 5.24453 21.6386 3
    endloop
  endfacet
  facet normal 0 0 1
    outer loop
      vertex 4.94 21.4351 3
      vertex 4.94 5.96487 3
      vertex 5.24453 5.76139 3
    endloop
  endfacet
  facet normal -0 0 1
    outer loop
      vertex 4.61151 21.2731 3
      vertex 4.94 5.96487 3
      vertex 4.94 21.4351 3
    endloop
  endfacet
  facet normal 0 0 1
    outer loop
      vertex 4.61151 21.2731 3
      vertex 4.61151 6.12686 3
      vertex 4.94 5.96487 3
    endloop
  endfacet
  facet normal -0 0 1
    outer loop
      vertex 4.26469 21.1554 3
      vertex 4.61151 6.12686 3
      vertex 4.61151 21.2731 3
    endloop
  endfacet
  facet normal 0 0 1
    outer loop
      vertex 4.26469 21.1554 3
      vertex 4.26469 6.24459 3
      vertex 4.61151 6.12686 3
    endloop
  endfacet
  facet normal -0 0 1
    outer loop
      vertex 3.90547 21.084 3
      vertex 4.26469 6.24459 3
      vertex 4.26469 21.1554 3
    endloop
  endfacet
  facet normal 0 0 1
    outer loop
      vertex 3.90547 21.084 3
      vertex 3.90547 6.31604 3
      vertex 4.26469 6.24459 3
    endloop
  endfacet
  facet normal -0 0 1
    outer loop
      vertex 3.54 21.06 3
      vertex 3.90547 6.31604 3
      vertex 3.90547 21.084 3
    endloop
  endfacet
  facet normal 0 0 1
    outer loop
      vertex 3.54 21.06 3
      vertex 3.54 6.34 3
      vertex 3.90547 6.31604 3
    endloop
  endfacet
  facet normal 0 0 1
    outer loop
      vertex 3.17453 21.084 3
      vertex 3.54 6.34 3
      vertex 3.54 21.06 3
    endloop
  endfacet
  facet normal 0 0 1
    outer loop
      vertex 3.17453 21.084 3
      vertex 3.17453 6.31604 3
      vertex 3.54 6.34 3
    endloop
  endfacet
  facet normal 0 0 1
    outer loop
      vertex 2.81531 21.1554 3
      vertex 3.17453 6.31604 3
      vertex 3.17453 21.084 3
    endloop
  endfacet
  facet normal 0 0 1
    outer loop
      vertex 2.81531 21.1554 3
      vertex 2.81531 6.24459 3
      vertex 3.17453 6.31604 3
    endloop
  endfacet
  facet normal 0 0 1
    outer loop
      vertex 2.46849 21.2731 3
      vertex 2.81531 6.24459 3
      vertex 2.81531 21.1554 3
    endloop
  endfacet
  facet normal 0 0 1
    outer loop
      vertex 2.46849 21.2731 3
      vertex 2.46849 6.12686 3
      vertex 2.81531 6.24459 3
    endloop
  endfacet
  facet normal 0 0 1
    outer loop
      vertex 2.14 21.4351 3
      vertex 2.46849 6.12686 3
      vertex 2.46849 21.2731 3
    endloop
  endfacet
  facet normal 0 0 1
    outer loop
      vertex 2.14 21.4351 3
      vertex 2.14 5.96487 3
      vertex 2.46849 6.12686 3
    endloop
  endfacet
  facet normal 0 0 1
    outer loop
      vertex 1.83547 21.6386 3
      vertex 2.14 5.96487 3
      vertex 2.14 21.4351 3
    endloop
  endfacet
  facet normal 0 0 1
    outer loop
      vertex 1.83547 21.6386 3
      vertex 1.83547 5.76139 3
      vertex 2.14 5.96487 3
    endloop
  endfacet
  facet normal 0 0 1
    outer loop
      vertex 1.5601 21.8801 3
      vertex 1.83547 5.76139 3
      vertex 1.83547 21.6386 3
    endloop
  endfacet
  facet normal 0 0 1
    outer loop
      vertex 1.5601 21.8801 3
      vertex 1.5601 5.5199 3
      vertex 1.83547 5.76139 3
    endloop
  endfacet
  facet normal 0 0 1
    outer loop
      vertex 1.31861 22.1555 3
      vertex 1.5601 5.5199 3
      vertex 1.5601 21.8801 3
    endloop
  endfacet
  facet normal 0 0 1
    outer loop
      vertex 1.31861 22.1555 3
      vertex 1.31861 5.24453 3
      vertex 1.5601 5.5199 3
    endloop
  endfacet
  facet normal 0 0 1
    outer loop
      vertex 1.11513 22.46 3
      vertex 1.31861 5.24453 3
      vertex 1.31861 22.1555 3
    endloop
  endfacet
  facet normal 0 0 1
    outer loop
      vertex 1.11513 22.46 3
      vertex 1.11513 4.94 3
      vertex 1.31861 5.24453 3
    endloop
  endfacet
  facet normal 0 0 1
    outer loop
      vertex 0.953136 22.7885 3
      vertex 1.11513 4.94 3
      vertex 1.11513 22.46 3
    endloop
  endfacet
  facet normal 0 0 1
    outer loop
      vertex 0.953136 22.7885 3
      vertex 0.953136 4.61151 3
      vertex 1.11513 4.94 3
    endloop
  endfacet
  facet normal 0 0 1
    outer loop
      vertex 0.835407 23.1353 3
      vertex 0.953136 4.61151 3
      vertex 0.953136 22.7885 3
    endloop
  endfacet
  facet normal 0 0 1
    outer loop
      vertex 0.835407 23.1353 3
      vertex 0.835407 4.26469 3
      vertex 0.953136 4.61151 3
    endloop
  endfacet
  facet normal 0 0 1
    outer loop
      vertex 0 25.4 3
      vertex 0.835407 23.1353 3
      vertex 0.763954 23.4945 3
    endloop
  endfacet
  facet normal 0 0 1
    outer loop
      vertex 0.835407 23.1353 3
      vertex 0 25.4 3
      vertex 0.835407 4.26469 3
    endloop
  endfacet
  facet normal 0 0 1
    outer loop
      vertex 0 25.4 3
      vertex 0.763954 23.4945 3
      vertex 0.74 23.86 3
    endloop
  endfacet
  facet normal 0 0 1
    outer loop
      vertex 0 2 3
      vertex 0.835407 4.26469 3
      vertex 0 25.4 3
    endloop
  endfacet
  facet normal 0 0 1
    outer loop
      vertex 26.4469 22.7885 3
      vertex 33.75 25.4 3
      vertex 26.5646 23.1353 3
    endloop
  endfacet
  facet normal 0 0 1
    outer loop
      vertex 33.75 2 3
      vertex 26.636 3.90547 3
      vertex 26.66 3.54 3
    endloop
  endfacet
  facet normal 0 0 1
    outer loop
      vertex 26.2849 22.46 3
      vertex 33.75 25.4 3
      vertex 26.4469 22.7885 3
    endloop
  endfacet
  facet normal 0 0 1
    outer loop
      vertex 33.75 2 3
      vertex 26.5646 4.26469 3
      vertex 26.636 3.90547 3
    endloop
  endfacet
  facet normal 0 0 1
    outer loop
      vertex 26.0814 22.1555 3
      vertex 33.75 25.4 3
      vertex 26.2849 22.46 3
    endloop
  endfacet
  facet normal 0 0 1
    outer loop
      vertex 33.75 2 3
      vertex 26.4469 4.61151 3
      vertex 26.5646 4.26469 3
    endloop
  endfacet
  facet normal 0 0 1
    outer loop
      vertex 25.8399 21.8801 3
      vertex 33.75 25.4 3
      vertex 26.0814 22.1555 3
    endloop
  endfacet
  facet normal 0 0 1
    outer loop
      vertex 33.75 2 3
      vertex 26.2849 4.94 3
      vertex 26.4469 4.61151 3
    endloop
  endfacet
  facet normal 0 0 1
    outer loop
      vertex 33.75 25.4 3
      vertex 25.8399 21.8801 3
      vertex 33.75 2 3
    endloop
  endfacet
  facet normal 0 0 1
    outer loop
      vertex 33.75 2 3
      vertex 26.0814 5.24453 3
      vertex 26.2849 4.94 3
    endloop
  endfacet
  facet normal -0 0 1
    outer loop
      vertex 25.8399 5.5199 3
      vertex 33.75 2 3
      vertex 25.8399 21.8801 3
    endloop
  endfacet
  facet normal 0 0 1
    outer loop
      vertex 33.75 2 3
      vertex 25.8399 5.5199 3
      vertex 26.0814 5.24453 3
    endloop
  endfacet
  facet normal -0 0 1
    outer loop
      vertex 25.5645 21.6386 3
      vertex 25.8399 5.5199 3
      vertex 25.8399 21.8801 3
    endloop
  endfacet
  facet normal 0 0 1
    outer loop
      vertex 25.5645 21.6386 3
      vertex 25.5645 5.76139 3
      vertex 25.8399 5.5199 3
    endloop
  endfacet
  facet normal -0 0 1
    outer loop
      vertex 25.26 21.4351 3
      vertex 25.5645 5.76139 3
      vertex 25.5645 21.6386 3
    endloop
  endfacet
  facet normal 0 0 1
    outer loop
      vertex 25.26 21.4351 3
      vertex 25.26 5.96487 3
      vertex 25.5645 5.76139 3
    endloop
  endfacet
  facet normal -0 0 1
    outer loop
      vertex 24.9315 21.2731 3
      vertex 25.26 5.96487 3
      vertex 25.26 21.4351 3
    endloop
  endfacet
  facet normal 0 0 1
    outer loop
      vertex 24.9315 21.2731 3
      vertex 24.9315 6.12686 3
      vertex 25.26 5.96487 3
    endloop
  endfacet
  facet normal -0 0 1
    outer loop
      vertex 24.5847 21.1554 3
      vertex 24.9315 6.12686 3
      vertex 24.9315 21.2731 3
    endloop
  endfacet
  facet normal 0 0 1
    outer loop
      vertex 24.5847 21.1554 3
      vertex 24.5847 6.24459 3
      vertex 24.9315 6.12686 3
    endloop
  endfacet
  facet normal -0 0 1
    outer loop
      vertex 24.2255 21.084 3
      vertex 24.5847 6.24459 3
      vertex 24.5847 21.1554 3
    endloop
  endfacet
  facet normal 0 0 1
    outer loop
      vertex 24.2255 21.084 3
      vertex 24.2255 6.31604 3
      vertex 24.5847 6.24459 3
    endloop
  endfacet
  facet normal -0 0 1
    outer loop
      vertex 23.86 21.06 3
      vertex 24.2255 6.31604 3
      vertex 24.2255 21.084 3
    endloop
  endfacet
  facet normal 0 0 1
    outer loop
      vertex 23.86 21.06 3
      vertex 23.86 6.34 3
      vertex 24.2255 6.31604 3
    endloop
  endfacet
  facet normal 0 0 1
    outer loop
      vertex 23.4945 21.084 3
      vertex 23.86 6.34 3
      vertex 23.86 21.06 3
    endloop
  endfacet
  facet normal 0 0 1
    outer loop
      vertex 23.4945 21.084 3
      vertex 23.4945 6.31604 3
      vertex 23.86 6.34 3
    endloop
  endfacet
  facet normal 0 0 1
    outer loop
      vertex 23.1353 21.1554 3
      vertex 23.4945 6.31604 3
      vertex 23.4945 21.084 3
    endloop
  endfacet
  facet normal 0 0 1
    outer loop
      vertex 23.1353 21.1554 3
      vertex 23.1353 6.24459 3
      vertex 23.4945 6.31604 3
    endloop
  endfacet
  facet normal 0 0 1
    outer loop
      vertex 22.7885 21.2731 3
      vertex 23.1353 6.24459 3
      vertex 23.1353 21.1554 3
    endloop
  endfacet
  facet normal 0 0 1
    outer loop
      vertex 22.7885 21.2731 3
      vertex 22.7885 6.12686 3
      vertex 23.1353 6.24459 3
    endloop
  endfacet
  facet normal 0 0 1
    outer loop
      vertex 22.46 21.4351 3
      vertex 22.7885 6.12686 3
      vertex 22.7885 21.2731 3
    endloop
  endfacet
  facet normal 0 0 1
    outer loop
      vertex 22.46 21.4351 3
      vertex 22.46 5.96487 3
      vertex 22.7885 6.12686 3
    endloop
  endfacet
  facet normal 0 0 1
    outer loop
      vertex 22.1555 21.6386 3
      vertex 22.46 5.96487 3
      vertex 22.46 21.4351 3
    endloop
  endfacet
  facet normal 0 0 1
    outer loop
      vertex 22.1555 21.6386 3
      vertex 22.1555 5.76139 3
      vertex 22.46 5.96487 3
    endloop
  endfacet
  facet normal 0 0 1
    outer loop
      vertex 21.8801 21.8801 3
      vertex 22.1555 5.76139 3
      vertex 22.1555 21.6386 3
    endloop
  endfacet
  facet normal 0 0 1
    outer loop
      vertex 21.8801 21.8801 3
      vertex 21.8801 5.5199 3
      vertex 22.1555 5.76139 3
    endloop
  endfacet
  facet normal 0 0 1
    outer loop
      vertex 6.12686 22.7885 3
      vertex 21.2731 22.7885 3
      vertex 6.24459 23.1353 3
    endloop
  endfacet
  facet normal 0 0 1
    outer loop
      vertex 21.2731 22.7885 3
      vertex 6.12686 22.7885 3
      vertex 21.4351 22.46 3
    endloop
  endfacet
  facet normal 0 0 1
    outer loop
      vertex 21.1554 23.1353 3
      vertex 6.24459 23.1353 3
      vertex 21.2731 22.7885 3
    endloop
  endfacet
  facet normal 0 0 1
    outer loop
      vertex 5.96487 22.46 3
      vertex 21.4351 22.46 3
      vertex 6.12686 22.7885 3
    endloop
  endfacet
  facet normal 0 0 1
    outer loop
      vertex 6.24459 23.1353 3
      vertex 21.1554 23.1353 3
      vertex 6.31604 23.4945 3
    endloop
  endfacet
  facet normal 0 0 1
    outer loop
      vertex 21.8801 5.5199 3
      vertex 6.34 3.54 3
      vertex 21.6386 5.24453 3
    endloop
  endfacet
  facet normal 0 0 1
    outer loop
      vertex 21.084 23.4945 3
      vertex 6.31604 23.4945 3
      vertex 21.1554 23.1353 3
    endloop
  endfacet
  facet normal 0 0 1
    outer loop
      vertex 21.6386 5.24453 3
      vertex 6.34 3.54 3
      vertex 21.4351 4.94 3
    endloop
  endfacet
  facet normal 0 0 1
    outer loop
      vertex 6.31604 23.4945 3
      vertex 21.084 23.4945 3
      vertex 6.34 23.86 3
    endloop
  endfacet
  facet normal 0 0 1
    outer loop
      vertex 21.4351 4.94 3
      vertex 6.34 3.54 3
      vertex 21.2731 4.61151 3
    endloop
  endfacet
  facet normal -0 0 1
    outer loop
      vertex 6.34 23.86 3
      vertex 21.084 23.4945 3
      vertex 21.06 23.86 3
    endloop
  endfacet
  facet normal 0 0 1
    outer loop
      vertex 21.2731 4.61151 3
      vertex 6.34 3.54 3
      vertex 21.1554 4.26469 3
    endloop
  endfacet
  facet normal 0 0 1
    outer loop
      vertex 31.75 27.4 3
      vertex 33.75 25.4 3
      vertex 33.7329 25.661 3
    endloop
  endfacet
  facet normal 0 0 1
    outer loop
      vertex 26.636 23.4945 3
      vertex 33.75 25.4 3
      vertex 26.66 23.86 3
    endloop
  endfacet
  facet normal 0 0 1
    outer loop
      vertex 31.75 27.4 3
      vertex 33.7329 25.661 3
      vertex 33.6818 25.9176 3
    endloop
  endfacet
  facet normal 0 0 1
    outer loop
      vertex 26.5646 23.1353 3
      vertex 33.75 25.4 3
      vertex 26.636 23.4945 3
    endloop
  endfacet
  facet normal 0 0 1
    outer loop
      vertex 31.75 27.4 3
      vertex 33.6818 25.9176 3
      vertex 33.5977 26.1654 3
    endloop
  endfacet
  facet normal 0 -0 1
    outer loop
      vertex 31.75 0 3
      vertex 33.75 2 3
      vertex 26.66 3.54 3
    endloop
  endfacet
  facet normal 0 0 1
    outer loop
      vertex 31.75 27.4 3
      vertex 33.5977 26.1654 3
      vertex 33.482 26.4 3
    endloop
  endfacet
  facet normal 0 0 1
    outer loop
      vertex 33.75 2 3
      vertex 31.75 0 3
      vertex 33.7329 1.73894 3
    endloop
  endfacet
  facet normal 0 0 1
    outer loop
      vertex 31.75 27.4 3
      vertex 33.482 26.4 3
      vertex 33.3367 26.6175 3
    endloop
  endfacet
  facet normal 0 0 1
    outer loop
      vertex 33.7329 1.73894 3
      vertex 31.75 0 3
      vertex 33.6818 1.48236 3
    endloop
  endfacet
  facet normal 0 0 1
    outer loop
      vertex 31.75 27.4 3
      vertex 33.3367 26.6175 3
      vertex 33.1642 26.8142 3
    endloop
  endfacet
  facet normal 0 0 1
    outer loop
      vertex 33.6818 1.48236 3
      vertex 31.75 0 3
      vertex 33.5977 1.23462 3
    endloop
  endfacet
  facet normal 0 0 1
    outer loop
      vertex 31.75 27.4 3
      vertex 33.1642 26.8142 3
      vertex 32.9675 26.9867 3
    endloop
  endfacet
  facet normal 0 0 1
    outer loop
      vertex 33.5977 1.23462 3
      vertex 31.75 0 3
      vertex 33.482 1 3
    endloop
  endfacet
  facet normal 0 0 1
    outer loop
      vertex 31.75 27.4 3
      vertex 32.9675 26.9867 3
      vertex 32.75 27.132 3
    endloop
  endfacet
  facet normal 0 0 1
    outer loop
      vertex 33.482 1 3
      vertex 31.75 0 3
      vertex 33.3367 0.782471 3
    endloop
  endfacet
  facet normal 0 0 1
    outer loop
      vertex 31.75 27.4 3
      vertex 32.75 27.132 3
      vertex 32.5154 27.2478 3
    endloop
  endfacet
  facet normal 0 0 1
    outer loop
      vertex 33.3367 0.782471 3
      vertex 31.75 0 3
      vertex 33.1642 0.585785 3
    endloop
  endfacet
  facet normal 0 0 1
    outer loop
      vertex 31.75 27.4 3
      vertex 32.5154 27.2478 3
      vertex 32.2676 27.3318 3
    endloop
  endfacet
  facet normal 0 0 1
    outer loop
      vertex 33.1642 0.585785 3
      vertex 31.75 0 3
      vertex 32.9675 0.413284 3
    endloop
  endfacet
  facet normal 0 0 1
    outer loop
      vertex 31.75 27.4 3
      vertex 32.2676 27.3318 3
      vertex 32.011 27.3829 3
    endloop
  endfacet
  facet normal 0 0 1
    outer loop
      vertex 32.9675 0.413284 3
      vertex 31.75 0 3
      vertex 32.75 0.267944 3
    endloop
  endfacet
  facet normal 0 0 1
    outer loop
      vertex 33.75 25.4 3
      vertex 31.75 27.4 3
      vertex 26.66 23.86 3
    endloop
  endfacet
  facet normal 0 0 1
    outer loop
      vertex 32.75 0.267944 3
      vertex 31.75 0 3
      vertex 32.5154 0.152237 3
    endloop
  endfacet
  facet normal 0 0 1
    outer loop
      vertex 32.5154 0.152237 3
      vertex 31.75 0 3
      vertex 32.2676 0.0681458 3
    endloop
  endfacet
  facet normal 0 0 1
    outer loop
      vertex 31.75 27.4 3
      vertex 26.636 24.2255 3
      vertex 26.66 23.86 3
    endloop
  endfacet
  facet normal 0 0 1
    outer loop
      vertex 31.75 27.4 3
      vertex 26.5646 24.5847 3
      vertex 26.636 24.2255 3
    endloop
  endfacet
  facet normal 0 0 1
    outer loop
      vertex 31.75 27.4 3
      vertex 26.4469 24.9315 3
      vertex 26.5646 24.5847 3
    endloop
  endfacet
  facet normal 0 0 1
    outer loop
      vertex 31.75 27.4 3
      vertex 26.2849 25.26 3
      vertex 26.4469 24.9315 3
    endloop
  endfacet
  facet normal 0 0 1
    outer loop
      vertex 31.75 27.4 3
      vertex 26.0814 25.5645 3
      vertex 26.2849 25.26 3
    endloop
  endfacet
  facet normal 0 0 1
    outer loop
      vertex 31.75 27.4 3
      vertex 25.8399 25.8399 3
      vertex 26.0814 25.5645 3
    endloop
  endfacet
  facet normal 0 0 1
    outer loop
      vertex 31.75 27.4 3
      vertex 25.5645 26.0814 3
      vertex 25.8399 25.8399 3
    endloop
  endfacet
  facet normal 0 0 1
    outer loop
      vertex 31.75 27.4 3
      vertex 25.26 26.2849 3
      vertex 25.5645 26.0814 3
    endloop
  endfacet
  facet normal 0 0 1
    outer loop
      vertex 31.75 27.4 3
      vertex 24.9315 26.4469 3
      vertex 25.26 26.2849 3
    endloop
  endfacet
  facet normal 0 0 1
    outer loop
      vertex 31.75 27.4 3
      vertex 24.5847 26.5646 3
      vertex 24.9315 26.4469 3
    endloop
  endfacet
  facet normal 0 0 1
    outer loop
      vertex 31.75 27.4 3
      vertex 24.2255 26.636 3
      vertex 24.5847 26.5646 3
    endloop
  endfacet
  facet normal 0 0 1
    outer loop
      vertex 31.75 27.4 3
      vertex 23.86 26.66 3
      vertex 24.2255 26.636 3
    endloop
  endfacet
  facet normal 0 0 1
    outer loop
      vertex 31.75 27.4 3
      vertex 23.4945 26.636 3
      vertex 23.86 26.66 3
    endloop
  endfacet
  facet normal 0 0 1
    outer loop
      vertex 21.1554 4.26469 3
      vertex 6.34 3.54 3
      vertex 21.084 3.90547 3
    endloop
  endfacet
  facet normal 0 0 1
    outer loop
      vertex 21.084 24.2255 3
      vertex 6.34 23.86 3
      vertex 21.06 23.86 3
    endloop
  endfacet
  facet normal 0 0 1
    outer loop
      vertex 6.31604 24.2255 3
      vertex 21.084 24.2255 3
      vertex 21.1554 24.5847 3
    endloop
  endfacet
  facet normal 0 0 1
    outer loop
      vertex 6.24459 24.5847 3
      vertex 21.1554 24.5847 3
      vertex 21.2731 24.9315 3
    endloop
  endfacet
  facet normal 0 0 1
    outer loop
      vertex 6.12686 24.9315 3
      vertex 21.2731 24.9315 3
      vertex 21.4351 25.26 3
    endloop
  endfacet
  facet normal 0 0 1
    outer loop
      vertex 5.96487 25.26 3
      vertex 21.4351 25.26 3
      vertex 21.6386 25.5645 3
    endloop
  endfacet
  facet normal 0 0 1
    outer loop
      vertex 5.76139 25.5645 3
      vertex 21.6386 25.5645 3
      vertex 21.8801 25.8399 3
    endloop
  endfacet
  facet normal 0 0 1
    outer loop
      vertex 5.5199 25.8399 3
      vertex 21.8801 25.8399 3
      vertex 22.1555 26.0814 3
    endloop
  endfacet
  facet normal 0 0 1
    outer loop
      vertex 5.24453 26.0814 3
      vertex 22.1555 26.0814 3
      vertex 22.46 26.2849 3
    endloop
  endfacet
  facet normal 0 0 1
    outer loop
      vertex 4.94 26.2849 3
      vertex 22.46 26.2849 3
      vertex 22.7885 26.4469 3
    endloop
  endfacet
  facet normal 0 0 1
    outer loop
      vertex 4.61151 26.4469 3
      vertex 22.7885 26.4469 3
      vertex 23.1353 26.5646 3
    endloop
  endfacet
  facet normal 0 0 1
    outer loop
      vertex 2 27.4 3
      vertex 23.1353 26.5646 3
      vertex 23.4945 26.636 3
    endloop
  endfacet
  facet normal 0 0 1
    outer loop
      vertex 21.084 24.2255 3
      vertex 6.31604 24.2255 3
      vertex 6.34 23.86 3
    endloop
  endfacet
  facet normal 0 0 1
    outer loop
      vertex 21.1554 24.5847 3
      vertex 6.24459 24.5847 3
      vertex 6.31604 24.2255 3
    endloop
  endfacet
  facet normal 0 0 1
    outer loop
      vertex 21.2731 24.9315 3
      vertex 6.12686 24.9315 3
      vertex 6.24459 24.5847 3
    endloop
  endfacet
  facet normal 0 0 1
    outer loop
      vertex 21.4351 25.26 3
      vertex 5.96487 25.26 3
      vertex 6.12686 24.9315 3
    endloop
  endfacet
  facet normal -0 0 1
    outer loop
      vertex 2 27.4 3
      vertex 23.4945 26.636 3
      vertex 31.75 27.4 3
    endloop
  endfacet
  facet normal 0 0 1
    outer loop
      vertex 21.6386 25.5645 3
      vertex 5.76139 25.5645 3
      vertex 5.96487 25.26 3
    endloop
  endfacet
  facet normal 0 0 1
    outer loop
      vertex 21.8801 25.8399 3
      vertex 5.5199 25.8399 3
      vertex 5.76139 25.5645 3
    endloop
  endfacet
  facet normal 0 0 1
    outer loop
      vertex 22.1555 26.0814 3
      vertex 5.24453 26.0814 3
      vertex 5.5199 25.8399 3
    endloop
  endfacet
  facet normal 0 0 1
    outer loop
      vertex 22.46 26.2849 3
      vertex 4.94 26.2849 3
      vertex 5.24453 26.0814 3
    endloop
  endfacet
  facet normal 0 0 1
    outer loop
      vertex 22.7885 26.4469 3
      vertex 4.61151 26.4469 3
      vertex 4.94 26.2849 3
    endloop
  endfacet
  facet normal 0 0 1
    outer loop
      vertex 23.1353 26.5646 3
      vertex 4.26469 26.5646 3
      vertex 4.61151 26.4469 3
    endloop
  endfacet
  facet normal 0 0 1
    outer loop
      vertex 23.1353 26.5646 3
      vertex 2 27.4 3
      vertex 4.26469 26.5646 3
    endloop
  endfacet
  facet normal 0 0 1
    outer loop
      vertex 4.26469 26.5646 3
      vertex 2 27.4 3
      vertex 3.90547 26.636 3
    endloop
  endfacet
  facet normal 0 0 1
    outer loop
      vertex 3.90547 26.636 3
      vertex 2 27.4 3
      vertex 3.54 26.66 3
    endloop
  endfacet
  facet normal 0 0 1
    outer loop
      vertex 2 27.4 3
      vertex 3.17453 26.636 3
      vertex 3.54 26.66 3
    endloop
  endfacet
  facet normal 0 0 1
    outer loop
      vertex 2 27.4 3
      vertex 2.81531 26.5646 3
      vertex 3.17453 26.636 3
    endloop
  endfacet
  facet normal 0 0 1
    outer loop
      vertex 2 27.4 3
      vertex 2.46849 26.4469 3
      vertex 2.81531 26.5646 3
    endloop
  endfacet
  facet normal 0 0 1
    outer loop
      vertex 2 27.4 3
      vertex 2.14 26.2849 3
      vertex 2.46849 26.4469 3
    endloop
  endfacet
  facet normal -0 0 1
    outer loop
      vertex 1.73894 27.3829 3
      vertex 2.14 26.2849 3
      vertex 2 27.4 3
    endloop
  endfacet
  facet normal -0 0 1
    outer loop
      vertex 1.48236 27.3318 3
      vertex 2.14 26.2849 3
      vertex 1.73894 27.3829 3
    endloop
  endfacet
  facet normal 0 0 1
    outer loop
      vertex 2.14 26.2849 3
      vertex 1.48236 27.3318 3
      vertex 1.83547 26.0814 3
    endloop
  endfacet
  facet normal -0 0 1
    outer loop
      vertex 1.23462 27.2478 3
      vertex 1.83547 26.0814 3
      vertex 1.48236 27.3318 3
    endloop
  endfacet
  facet normal -0 0 1
    outer loop
      vertex 1 27.132 3
      vertex 1.83547 26.0814 3
      vertex 1.23462 27.2478 3
    endloop
  endfacet
  facet normal -0 0 1
    outer loop
      vertex 0.782471 26.9867 3
      vertex 1.83547 26.0814 3
      vertex 1 27.132 3
    endloop
  endfacet
  facet normal 0 0 1
    outer loop
      vertex 1.83547 26.0814 3
      vertex 0.782471 26.9867 3
      vertex 1.5601 25.8399 3
    endloop
  endfacet
  facet normal -0 0 1
    outer loop
      vertex 0.585785 26.8142 3
      vertex 1.5601 25.8399 3
      vertex 0.782471 26.9867 3
    endloop
  endfacet
  facet normal -0 0 1
    outer loop
      vertex 0.413284 26.6175 3
      vertex 1.5601 25.8399 3
      vertex 0.585785 26.8142 3
    endloop
  endfacet
  facet normal 0 0 1
    outer loop
      vertex 1.5601 25.8399 3
      vertex 0.413284 26.6175 3
      vertex 1.31861 25.5645 3
    endloop
  endfacet
  facet normal -0 0 1
    outer loop
      vertex 0.267944 26.4 3
      vertex 1.31861 25.5645 3
      vertex 0.413284 26.6175 3
    endloop
  endfacet
  facet normal -0 0 1
    outer loop
      vertex 0.152237 26.1654 3
      vertex 1.31861 25.5645 3
      vertex 0.267944 26.4 3
    endloop
  endfacet
  facet normal -0 0 1
    outer loop
      vertex 0.0681458 25.9176 3
      vertex 1.31861 25.5645 3
      vertex 0.152237 26.1654 3
    endloop
  endfacet
  facet normal 0 0 1
    outer loop
      vertex 0.763954 24.2255 3
      vertex 0 25.4 3
      vertex 0.74 23.86 3
    endloop
  endfacet
  facet normal 0 0 1
    outer loop
      vertex 1.31861 25.5645 3
      vertex 0.0681458 25.9176 3
      vertex 1.11513 25.26 3
    endloop
  endfacet
  facet normal 0 0 1
    outer loop
      vertex 32.2676 0.0681458 3
      vertex 31.75 0 3
      vertex 32.011 0.0171051 3
    endloop
  endfacet
  facet normal -0 0 1
    outer loop
      vertex 26.636 3.17453 3
      vertex 31.75 0 3
      vertex 26.66 3.54 3
    endloop
  endfacet
  facet normal -0 0 1
    outer loop
      vertex 26.5646 2.81531 3
      vertex 31.75 0 3
      vertex 26.636 3.17453 3
    endloop
  endfacet
  facet normal -0 0 1
    outer loop
      vertex 26.4469 2.46849 3
      vertex 31.75 0 3
      vertex 26.5646 2.81531 3
    endloop
  endfacet
  facet normal -0 0 1
    outer loop
      vertex 26.2849 2.14 3
      vertex 31.75 0 3
      vertex 26.4469 2.46849 3
    endloop
  endfacet
  facet normal -0 0 1
    outer loop
      vertex 26.0814 1.83547 3
      vertex 31.75 0 3
      vertex 26.2849 2.14 3
    endloop
  endfacet
  facet normal -0 0 1
    outer loop
      vertex 25.8399 1.5601 3
      vertex 31.75 0 3
      vertex 26.0814 1.83547 3
    endloop
  endfacet
  facet normal -0 0 1
    outer loop
      vertex 25.5645 1.31861 3
      vertex 31.75 0 3
      vertex 25.8399 1.5601 3
    endloop
  endfacet
  facet normal -0 0 1
    outer loop
      vertex 25.26 1.11513 3
      vertex 31.75 0 3
      vertex 25.5645 1.31861 3
    endloop
  endfacet
  facet normal -0 0 1
    outer loop
      vertex 24.9315 0.953136 3
      vertex 31.75 0 3
      vertex 25.26 1.11513 3
    endloop
  endfacet
  facet normal -0 0 1
    outer loop
      vertex 24.5847 0.835407 3
      vertex 31.75 0 3
      vertex 24.9315 0.953136 3
    endloop
  endfacet
  facet normal -0 0 1
    outer loop
      vertex 24.2255 0.763954 3
      vertex 31.75 0 3
      vertex 24.5847 0.835407 3
    endloop
  endfacet
  facet normal -0 0 1
    outer loop
      vertex 23.86 0.74 3
      vertex 31.75 0 3
      vertex 24.2255 0.763954 3
    endloop
  endfacet
  facet normal 0 0 1
    outer loop
      vertex 23.4945 0.763954 3
      vertex 31.75 0 3
      vertex 23.86 0.74 3
    endloop
  endfacet
  facet normal 0 0 1
    outer loop
      vertex 21.084 3.90547 3
      vertex 6.34 3.54 3
      vertex 21.06 3.54 3
    endloop
  endfacet
  facet normal 0 0 1
    outer loop
      vertex 21.06 3.54 3
      vertex 6.34 3.54 3
      vertex 21.084 3.17453 3
    endloop
  endfacet
  facet normal 0 0 1
    outer loop
      vertex 6.31604 3.17453 3
      vertex 21.084 3.17453 3
      vertex 6.34 3.54 3
    endloop
  endfacet
  facet normal 0 0 1
    outer loop
      vertex 21.084 3.17453 3
      vertex 6.31604 3.17453 3
      vertex 21.1554 2.81531 3
    endloop
  endfacet
  facet normal 0 0 1
    outer loop
      vertex 6.24459 2.81531 3
      vertex 21.1554 2.81531 3
      vertex 6.31604 3.17453 3
    endloop
  endfacet
  facet normal 0 0 1
    outer loop
      vertex 21.1554 2.81531 3
      vertex 6.24459 2.81531 3
      vertex 21.2731 2.46849 3
    endloop
  endfacet
  facet normal 0 0 1
    outer loop
      vertex 6.12686 2.46849 3
      vertex 21.2731 2.46849 3
      vertex 6.24459 2.81531 3
    endloop
  endfacet
  facet normal 0 0 1
    outer loop
      vertex 21.2731 2.46849 3
      vertex 6.12686 2.46849 3
      vertex 21.4351 2.14 3
    endloop
  endfacet
  facet normal 0 0 1
    outer loop
      vertex 5.96487 2.14 3
      vertex 21.4351 2.14 3
      vertex 6.12686 2.46849 3
    endloop
  endfacet
  facet normal 0 0 1
    outer loop
      vertex 21.4351 2.14 3
      vertex 5.96487 2.14 3
      vertex 21.6386 1.83547 3
    endloop
  endfacet
  facet normal 0 0 1
    outer loop
      vertex 5.76139 1.83547 3
      vertex 21.6386 1.83547 3
      vertex 5.96487 2.14 3
    endloop
  endfacet
  facet normal 0 0 1
    outer loop
      vertex 21.6386 1.83547 3
      vertex 5.76139 1.83547 3
      vertex 21.8801 1.5601 3
    endloop
  endfacet
  facet normal 0 0 1
    outer loop
      vertex 5.5199 1.5601 3
      vertex 21.8801 1.5601 3
      vertex 5.76139 1.83547 3
    endloop
  endfacet
  facet normal 0 0 1
    outer loop
      vertex 21.8801 1.5601 3
      vertex 5.5199 1.5601 3
      vertex 22.1555 1.31861 3
    endloop
  endfacet
  facet normal 0 0 1
    outer loop
      vertex 5.24453 1.31861 3
      vertex 22.1555 1.31861 3
      vertex 5.5199 1.5601 3
    endloop
  endfacet
  facet normal 0 0 1
    outer loop
      vertex 22.1555 1.31861 3
      vertex 5.24453 1.31861 3
      vertex 22.46 1.11513 3
    endloop
  endfacet
  facet normal 0 0 1
    outer loop
      vertex 4.94 1.11513 3
      vertex 22.46 1.11513 3
      vertex 5.24453 1.31861 3
    endloop
  endfacet
  facet normal 0 0 1
    outer loop
      vertex 22.46 1.11513 3
      vertex 4.94 1.11513 3
      vertex 22.7885 0.953136 3
    endloop
  endfacet
  facet normal 0 0 1
    outer loop
      vertex 4.61151 0.953136 3
      vertex 22.7885 0.953136 3
      vertex 4.94 1.11513 3
    endloop
  endfacet
  facet normal 0 0 1
    outer loop
      vertex 22.7885 0.953136 3
      vertex 4.61151 0.953136 3
      vertex 23.1353 0.835407 3
    endloop
  endfacet
  facet normal 0 0 1
    outer loop
      vertex 4.26469 0.835407 3
      vertex 23.1353 0.835407 3
      vertex 4.61151 0.953136 3
    endloop
  endfacet
  facet normal 0 0 1
    outer loop
      vertex 2 0 3
      vertex 23.1353 0.835407 3
      vertex 4.26469 0.835407 3
    endloop
  endfacet
  facet normal 0 0 1
    outer loop
      vertex 23.1353 0.835407 3
      vertex 2 0 3
      vertex 23.4945 0.763954 3
    endloop
  endfacet
  facet normal 0 0 1
    outer loop
      vertex 2 0 3
      vertex 4.26469 0.835407 3
      vertex 3.90547 0.763954 3
    endloop
  endfacet
  facet normal 0 0 1
    outer loop
      vertex 2 0 3
      vertex 3.90547 0.763954 3
      vertex 3.54 0.74 3
    endloop
  endfacet
  facet normal 0 0 1
    outer loop
      vertex 23.4945 0.763954 3
      vertex 2 0 3
      vertex 31.75 0 3
    endloop
  endfacet
  facet normal 0 0 1
    outer loop
      vertex 3.17453 0.763954 3
      vertex 2 0 3
      vertex 3.54 0.74 3
    endloop
  endfacet
  facet normal 0 0 1
    outer loop
      vertex 2.81531 0.835407 3
      vertex 2 0 3
      vertex 3.17453 0.763954 3
    endloop
  endfacet
  facet normal 0 0 1
    outer loop
      vertex 2.46849 0.953136 3
      vertex 2 0 3
      vertex 2.81531 0.835407 3
    endloop
  endfacet
  facet normal 0 0 1
    outer loop
      vertex 2.14 1.11513 3
      vertex 2 0 3
      vertex 2.46849 0.953136 3
    endloop
  endfacet
  facet normal 0 0 1
    outer loop
      vertex 1.48236 0.0681458 3
      vertex 2.14 1.11513 3
      vertex 1.83547 1.31861 3
    endloop
  endfacet
  facet normal 0 0 1
    outer loop
      vertex 2.14 1.11513 3
      vertex 1.73894 0.0171051 3
      vertex 2 0 3
    endloop
  endfacet
  facet normal 0 0 1
    outer loop
      vertex 0.782471 0.413284 3
      vertex 1.83547 1.31861 3
      vertex 1.5601 1.5601 3
    endloop
  endfacet
  facet normal 0 0 1
    outer loop
      vertex 2.14 1.11513 3
      vertex 1.48236 0.0681458 3
      vertex 1.73894 0.0171051 3
    endloop
  endfacet
  facet normal 0 0 1
    outer loop
      vertex 0.413284 0.782471 3
      vertex 1.5601 1.5601 3
      vertex 1.31861 1.83547 3
    endloop
  endfacet
  facet normal 0 0 1
    outer loop
      vertex 1.83547 1.31861 3
      vertex 1.23462 0.152237 3
      vertex 1.48236 0.0681458 3
    endloop
  endfacet
  facet normal 0 0 1
    outer loop
      vertex 0.0681458 1.48236 3
      vertex 1.31861 1.83547 3
      vertex 1.11513 2.14 3
    endloop
  endfacet
  facet normal 0 0 1
    outer loop
      vertex 1.83547 1.31861 3
      vertex 1 0.267944 3
      vertex 1.23462 0.152237 3
    endloop
  endfacet
  facet normal 0 0 1
    outer loop
      vertex 0 2 3
      vertex 1.11513 2.14 3
      vertex 0.953136 2.46849 3
    endloop
  endfacet
  facet normal 0 0 1
    outer loop
      vertex 0 2 3
      vertex 0.953136 2.46849 3
      vertex 0.835407 2.81531 3
    endloop
  endfacet
  facet normal 0 0 1
    outer loop
      vertex 1.83547 1.31861 3
      vertex 0.782471 0.413284 3
      vertex 1 0.267944 3
    endloop
  endfacet
  facet normal 0 0 1
    outer loop
      vertex 0 2 3
      vertex 0.835407 2.81531 3
      vertex 0.763954 3.17453 3
    endloop
  endfacet
  facet normal 0 0 1
    outer loop
      vertex 0 2 3
      vertex 0.763954 3.17453 3
      vertex 0.74 3.54 3
    endloop
  endfacet
  facet normal 0 0 1
    outer loop
      vertex 1.5601 1.5601 3
      vertex 0.585785 0.585785 3
      vertex 0.782471 0.413284 3
    endloop
  endfacet
  facet normal 0 0 1
    outer loop
      vertex 0.835407 4.26469 3
      vertex 0 2 3
      vertex 0.763954 3.90547 3
    endloop
  endfacet
  facet normal -0 0 1
    outer loop
      vertex 0.0171051 25.661 3
      vertex 1.11513 25.26 3
      vertex 0.0681458 25.9176 3
    endloop
  endfacet
  facet normal 0 0 1
    outer loop
      vertex 0.763954 3.90547 3
      vertex 0 2 3
      vertex 0.74 3.54 3
    endloop
  endfacet
  facet normal -0 0 1
    outer loop
      vertex 0 25.4 3
      vertex 1.11513 25.26 3
      vertex 0.0171051 25.661 3
    endloop
  endfacet
  facet normal 0 0 1
    outer loop
      vertex 1.11513 2.14 3
      vertex 0 2 3
      vertex 0.0171051 1.73894 3
    endloop
  endfacet
  facet normal 0 0 1
    outer loop
      vertex 1.11513 25.26 3
      vertex 0 25.4 3
      vertex 0.953136 24.9315 3
    endloop
  endfacet
  facet normal 0 0 1
    outer loop
      vertex 1.5601 1.5601 3
      vertex 0.413284 0.782471 3
      vertex 0.585785 0.585785 3
    endloop
  endfacet
  facet normal 0 0 1
    outer loop
      vertex 0.953136 24.9315 3
      vertex 0 25.4 3
      vertex 0.835407 24.5847 3
    endloop
  endfacet
  facet normal 0 0 1
    outer loop
      vertex 1.31861 1.83547 3
      vertex 0.267944 1 3
      vertex 0.413284 0.782471 3
    endloop
  endfacet
  facet normal 0 0 1
    outer loop
      vertex 0.835407 24.5847 3
      vertex 0 25.4 3
      vertex 0.763954 24.2255 3
    endloop
  endfacet
  facet normal 0 0 1
    outer loop
      vertex 1.31861 1.83547 3
      vertex 0.152237 1.23462 3
      vertex 0.267944 1 3
    endloop
  endfacet
  facet normal 0 0 1
    outer loop
      vertex 1.31861 1.83547 3
      vertex 0.0681458 1.48236 3
      vertex 0.152237 1.23462 3
    endloop
  endfacet
  facet normal 0 0 1
    outer loop
      vertex 1.11513 2.14 3
      vertex 0.0171051 1.73894 3
      vertex 0.0681458 1.48236 3
    endloop
  endfacet
  facet normal 0.94695 0.321382 0
    outer loop
      vertex 33.6818 25.9176 3
      vertex 33.5977 26.1654 0
      vertex 33.5977 26.1654 3
    endloop
  endfacet
  facet normal 0.94695 0.321382 0
    outer loop
      vertex 33.5977 26.1654 0
      vertex 33.6818 25.9176 3
      vertex 33.6818 25.9176 0
    endloop
  endfacet
  facet normal 0.997861 0.0653771 0
    outer loop
      vertex 33.75 25.4 3
      vertex 33.7329 25.661 0
      vertex 33.7329 25.661 3
    endloop
  endfacet
  facet normal 0.997861 0.0653771 0
    outer loop
      vertex 33.7329 25.661 0
      vertex 33.75 25.4 3
      vertex 33.75 25.4 0
    endloop
  endfacet
  facet normal -0.659372 -0.751817 0
    outer loop
      vertex 0.585785 0.585785 0
      vertex 0.782471 0.413284 3
      vertex 0.585785 0.585785 3
    endloop
  endfacet
  facet normal -0.659372 -0.751817 -0
    outer loop
      vertex 0.782471 0.413284 3
      vertex 0.585785 0.585785 0
      vertex 0.782471 0.413284 0
    endloop
  endfacet
  facet normal 0.321352 -0.94696 0
    outer loop
      vertex 32.2676 0.0681458 0
      vertex 32.5154 0.152237 3
      vertex 32.2676 0.0681458 3
    endloop
  endfacet
  facet normal 0.321352 -0.94696 0
    outer loop
      vertex 32.5154 0.152237 3
      vertex 32.2676 0.0681458 0
      vertex 32.5154 0.152237 0
    endloop
  endfacet
  facet normal -0.442591 0.896724 0
    outer loop
      vertex 1.23462 27.2478 0
      vertex 1 27.132 3
      vertex 1.23462 27.2478 3
    endloop
  endfacet
  facet normal -0.442591 0.896724 0
    outer loop
      vertex 1 27.132 3
      vertex 1.23462 27.2478 0
      vertex 1 27.132 0
    endloop
  endfacet
  facet normal 0.896875 -0.442283 0
    outer loop
      vertex 33.482 1 3
      vertex 33.5977 1.23462 0
      vertex 33.5977 1.23462 3
    endloop
  endfacet
  facet normal 0.896875 -0.442283 0
    outer loop
      vertex 33.5977 1.23462 0
      vertex 33.482 1 3
      vertex 33.482 1 0
    endloop
  endfacet
  facet normal 0.19509 -0.980785 0
    outer loop
      vertex 32.011 0.0171051 0
      vertex 32.2676 0.0681458 3
      vertex 32.011 0.0171051 3
    endloop
  endfacet
  facet normal 0.19509 -0.980785 0
    outer loop
      vertex 32.2676 0.0681458 3
      vertex 32.011 0.0171051 0
      vertex 32.2676 0.0681458 0
    endloop
  endfacet
  facet normal 0.980742 0.195308 0
    outer loop
      vertex 33.7329 25.661 3
      vertex 33.6818 25.9176 0
      vertex 33.6818 25.9176 3
    endloop
  endfacet
  facet normal 0.980742 0.195308 0
    outer loop
      vertex 33.6818 25.9176 0
      vertex 33.7329 25.661 3
      vertex 33.7329 25.661 0
    endloop
  endfacet
  facet normal -0.555443 0.831555 0
    outer loop
      vertex 1 27.132 0
      vertex 0.782471 26.9867 3
      vertex 1 27.132 3
    endloop
  endfacet
  facet normal -0.555443 0.831555 0
    outer loop
      vertex 0.782471 26.9867 3
      vertex 1 27.132 0
      vertex 0.782471 26.9867 0
    endloop
  endfacet
  facet normal -0.83145 0.5556 0
    outer loop
      vertex 0.267944 26.4 0
      vertex 0.413284 26.6175 3
      vertex 0.413284 26.6175 0
    endloop
  endfacet
  facet normal -0.83145 0.5556 0
    outer loop
      vertex 0.413284 26.6175 3
      vertex 0.267944 26.4 0
      vertex 0.267944 26.4 3
    endloop
  endfacet
  facet normal -0.555548 -0.831484 0
    outer loop
      vertex 0.782471 0.413284 0
      vertex 1 0.267944 3
      vertex 0.782471 0.413284 3
    endloop
  endfacet
  facet normal -0.555548 -0.831484 -0
    outer loop
      vertex 1 0.267944 3
      vertex 0.782471 0.413284 0
      vertex 1 0.267944 0
    endloop
  endfacet
  facet normal -0.831484 -0.555548 0
    outer loop
      vertex 0.413284 0.782471 0
      vertex 0.267944 1 3
      vertex 0.267944 1 0
    endloop
  endfacet
  facet normal -0.831484 -0.555548 0
    outer loop
      vertex 0.267944 1 3
      vertex 0.413284 0.782471 0
      vertex 0.413284 0.782471 3
    endloop
  endfacet
  facet normal -0.94696 0.321352 0
    outer loop
      vertex 0.0681458 25.9176 0
      vertex 0.152237 26.1654 3
      vertex 0.152237 26.1654 0
    endloop
  endfacet
  facet normal -0.94696 0.321352 0
    outer loop
      vertex 0.152237 26.1654 3
      vertex 0.0681458 25.9176 0
      vertex 0.0681458 25.9176 3
    endloop
  endfacet
  facet normal 0.195308 0.980742 -0
    outer loop
      vertex 32.2676 27.3318 0
      vertex 32.011 27.3829 3
      vertex 32.2676 27.3318 3
    endloop
  endfacet
  facet normal 0.195308 0.980742 0
    outer loop
      vertex 32.011 27.3829 3
      vertex 32.2676 27.3318 0
      vertex 32.011 27.3829 0
    endloop
  endfacet
  facet normal -0.0653621 0.997862 0
    outer loop
      vertex 2 27.4 0
      vertex 1.73894 27.3829 3
      vertex 2 27.4 3
    endloop
  endfacet
  facet normal -0.0653621 0.997862 0
    outer loop
      vertex 1.73894 27.3829 3
      vertex 2 27.4 0
      vertex 1.73894 27.3829 0
    endloop
  endfacet
  facet normal 0.5556 -0.83145 0
    outer loop
      vertex 32.75 0.267944 0
      vertex 32.9675 0.413284 3
      vertex 32.75 0.267944 3
    endloop
  endfacet
  facet normal 0.5556 -0.83145 0
    outer loop
      vertex 32.9675 0.413284 3
      vertex 32.75 0.267944 0
      vertex 32.9675 0.413284 0
    endloop
  endfacet
  facet normal -0.751817 -0.659372 0
    outer loop
      vertex 0.585785 0.585785 0
      vertex 0.413284 0.782471 3
      vertex 0.413284 0.782471 0
    endloop
  endfacet
  facet normal -0.751817 -0.659372 0
    outer loop
      vertex 0.413284 0.782471 3
      vertex 0.585785 0.585785 0
      vertex 0.585785 0.585785 3
    endloop
  endfacet
  facet normal 0.659345 -0.75184 0
    outer loop
      vertex 32.9675 0.413284 0
      vertex 33.1642 0.585785 3
      vertex 32.9675 0.413284 3
    endloop
  endfacet
  facet normal 0.659345 -0.75184 0
    outer loop
      vertex 33.1642 0.585785 3
      vertex 32.9675 0.413284 0
      vertex 33.1642 0.585785 0
    endloop
  endfacet
  facet normal 0.0653771 0.997861 -0
    outer loop
      vertex 32.011 27.3829 0
      vertex 31.75 27.4 3
      vertex 32.011 27.3829 3
    endloop
  endfacet
  facet normal 0.0653771 0.997861 0
    outer loop
      vertex 31.75 27.4 3
      vertex 32.011 27.3829 0
      vertex 31.75 27.4 0
    endloop
  endfacet
  facet normal 0.997862 -0.0653621 0
    outer loop
      vertex 33.7329 1.73894 3
      vertex 33.75 2 0
      vertex 33.75 2 3
    endloop
  endfacet
  facet normal 0.997862 -0.0653621 0
    outer loop
      vertex 33.75 2 0
      vertex 33.7329 1.73894 3
      vertex 33.7329 1.73894 0
    endloop
  endfacet
  facet normal 0 0 -1
    outer loop
      vertex 31.75 0 0
      vertex 33.75 2 0
      vertex 33.7329 1.73894 0
    endloop
  endfacet
  facet normal -0 0 -1
    outer loop
      vertex 33.75 2 0
      vertex 31.75 0 0
      vertex 33.75 25.4 0
    endloop
  endfacet
  facet normal 0 0 -1
    outer loop
      vertex 31.75 0 0
      vertex 33.7329 1.73894 0
      vertex 33.6818 1.48236 0
    endloop
  endfacet
  facet normal 0 0 -1
    outer loop
      vertex 31.75 27.4 0
      vertex 33.75 25.4 0
      vertex 31.75 0 0
    endloop
  endfacet
  facet normal 0 0 -1
    outer loop
      vertex 31.75 0 0
      vertex 33.6818 1.48236 0
      vertex 33.5977 1.23462 0
    endloop
  endfacet
  facet normal 0 0 -1
    outer loop
      vertex 33.75 25.4 0
      vertex 31.75 27.4 0
      vertex 33.7329 25.661 0
    endloop
  endfacet
  facet normal 0 0 -1
    outer loop
      vertex 31.75 0 0
      vertex 33.5977 1.23462 0
      vertex 33.482 1 0
    endloop
  endfacet
  facet normal 0 0 -1
    outer loop
      vertex 33.7329 25.661 0
      vertex 31.75 27.4 0
      vertex 33.6818 25.9176 0
    endloop
  endfacet
  facet normal 0 0 -1
    outer loop
      vertex 31.75 0 0
      vertex 33.482 1 0
      vertex 33.3367 0.782471 0
    endloop
  endfacet
  facet normal 0 0 -1
    outer loop
      vertex 33.6818 25.9176 0
      vertex 31.75 27.4 0
      vertex 33.5977 26.1654 0
    endloop
  endfacet
  facet normal 0 0 -1
    outer loop
      vertex 31.75 0 0
      vertex 33.3367 0.782471 0
      vertex 33.1642 0.585785 0
    endloop
  endfacet
  facet normal 0 0 -1
    outer loop
      vertex 33.5977 26.1654 0
      vertex 31.75 27.4 0
      vertex 33.482 26.4 0
    endloop
  endfacet
  facet normal 0 0 -1
    outer loop
      vertex 31.75 0 0
      vertex 33.1642 0.585785 0
      vertex 32.9675 0.413284 0
    endloop
  endfacet
  facet normal 0 0 -1
    outer loop
      vertex 33.482 26.4 0
      vertex 31.75 27.4 0
      vertex 33.3367 26.6175 0
    endloop
  endfacet
  facet normal 0 0 -1
    outer loop
      vertex 31.75 0 0
      vertex 32.9675 0.413284 0
      vertex 32.75 0.267944 0
    endloop
  endfacet
  facet normal 0 0 -1
    outer loop
      vertex 33.3367 26.6175 0
      vertex 31.75 27.4 0
      vertex 33.1642 26.8142 0
    endloop
  endfacet
  facet normal 0 0 -1
    outer loop
      vertex 31.75 0 0
      vertex 32.75 0.267944 0
      vertex 32.5154 0.152237 0
    endloop
  endfacet
  facet normal 0 0 -1
    outer loop
      vertex 33.1642 26.8142 0
      vertex 31.75 27.4 0
      vertex 32.9675 26.9867 0
    endloop
  endfacet
  facet normal 0 0 -1
    outer loop
      vertex 31.75 0 0
      vertex 32.5154 0.152237 0
      vertex 32.2676 0.0681458 0
    endloop
  endfacet
  facet normal 0 0 -1
    outer loop
      vertex 32.9675 26.9867 0
      vertex 31.75 27.4 0
      vertex 32.75 27.132 0
    endloop
  endfacet
  facet normal 0 0 -1
    outer loop
      vertex 31.75 0 0
      vertex 32.2676 0.0681458 0
      vertex 32.011 0.0171051 0
    endloop
  endfacet
  facet normal 0 0 -1
    outer loop
      vertex 32.75 27.132 0
      vertex 31.75 27.4 0
      vertex 32.5154 27.2478 0
    endloop
  endfacet
  facet normal 0 0 -1
    outer loop
      vertex 32.5154 27.2478 0
      vertex 31.75 27.4 0
      vertex 32.2676 27.3318 0
    endloop
  endfacet
  facet normal 0 0 -1
    outer loop
      vertex 32.2676 27.3318 0
      vertex 31.75 27.4 0
      vertex 32.011 27.3829 0
    endloop
  endfacet
  facet normal 0 0 -1
    outer loop
      vertex 2 0 0
      vertex 31.75 27.4 0
      vertex 31.75 0 0
    endloop
  endfacet
  facet normal 0 0 -1
    outer loop
      vertex 2 0 0
      vertex 2 27.4 0
      vertex 31.75 27.4 0
    endloop
  endfacet
  facet normal 0 0 -1
    outer loop
      vertex 0 2 0
      vertex 2 0 0
      vertex 1.73894 0.0171051 0
    endloop
  endfacet
  facet normal 0 0 -1
    outer loop
      vertex 2 0 0
      vertex 0 2 0
      vertex 2 27.4 0
    endloop
  endfacet
  facet normal 0 0 -1
    outer loop
      vertex 0 2 0
      vertex 1.73894 0.0171051 0
      vertex 1.48236 0.0681458 0
    endloop
  endfacet
  facet normal 0 0 -1
    outer loop
      vertex 0 25.4 0
      vertex 2 27.4 0
      vertex 0 2 0
    endloop
  endfacet
  facet normal 0 0 -1
    outer loop
      vertex 0 2 0
      vertex 1.48236 0.0681458 0
      vertex 1.23462 0.152237 0
    endloop
  endfacet
  facet normal 0 0 -1
    outer loop
      vertex 2 27.4 0
      vertex 0 25.4 0
      vertex 1.73894 27.3829 0
    endloop
  endfacet
  facet normal 0 0 -1
    outer loop
      vertex 0 2 0
      vertex 1.23462 0.152237 0
      vertex 1 0.267944 0
    endloop
  endfacet
  facet normal 0 0 -1
    outer loop
      vertex 1.73894 27.3829 0
      vertex 0 25.4 0
      vertex 1.48236 27.3318 0
    endloop
  endfacet
  facet normal 0 0 -1
    outer loop
      vertex 0 2 0
      vertex 1 0.267944 0
      vertex 0.782471 0.413284 0
    endloop
  endfacet
  facet normal 0 0 -1
    outer loop
      vertex 1.48236 27.3318 0
      vertex 0 25.4 0
      vertex 1.23462 27.2478 0
    endloop
  endfacet
  facet normal 0 0 -1
    outer loop
      vertex 0 2 0
      vertex 0.782471 0.413284 0
      vertex 0.585785 0.585785 0
    endloop
  endfacet
  facet normal 0 0 -1
    outer loop
      vertex 1.23462 27.2478 0
      vertex 0 25.4 0
      vertex 1 27.132 0
    endloop
  endfacet
  facet normal 0 0 -1
    outer loop
      vertex 0 2 0
      vertex 0.585785 0.585785 0
      vertex 0.413284 0.782471 0
    endloop
  endfacet
  facet normal 0 0 -1
    outer loop
      vertex 1 27.132 0
      vertex 0 25.4 0
      vertex 0.782471 26.9867 0
    endloop
  endfacet
  facet normal 0 0 -1
    outer loop
      vertex 0 2 0
      vertex 0.413284 0.782471 0
      vertex 0.267944 1 0
    endloop
  endfacet
  facet normal 0 0 -1
    outer loop
      vertex 0.782471 26.9867 0
      vertex 0 25.4 0
      vertex 0.585785 26.8142 0
    endloop
  endfacet
  facet normal 0 0 -1
    outer loop
      vertex 0 2 0
      vertex 0.267944 1 0
      vertex 0.152237 1.23462 0
    endloop
  endfacet
  facet normal 0 0 -1
    outer loop
      vertex 0.585785 26.8142 0
      vertex 0 25.4 0
      vertex 0.413284 26.6175 0
    endloop
  endfacet
  facet normal 0 0 -1
    outer loop
      vertex 0 2 0
      vertex 0.152237 1.23462 0
      vertex 0.0681458 1.48236 0
    endloop
  endfacet
  facet normal 0 0 -1
    outer loop
      vertex 0.413284 26.6175 0
      vertex 0 25.4 0
      vertex 0.267944 26.4 0
    endloop
  endfacet
  facet normal 0 0 -1
    outer loop
      vertex 0 2 0
      vertex 0.0681458 1.48236 0
      vertex 0.0171051 1.73894 0
    endloop
  endfacet
  facet normal 0 0 -1
    outer loop
      vertex 0.267944 26.4 0
      vertex 0 25.4 0
      vertex 0.152237 26.1654 0
    endloop
  endfacet
  facet normal 0 0 -1
    outer loop
      vertex 0.152237 26.1654 0
      vertex 0 25.4 0
      vertex 0.0681458 25.9176 0
    endloop
  endfacet
  facet normal 0 0 -1
    outer loop
      vertex 0.0681458 25.9176 0
      vertex 0 25.4 0
      vertex 0.0171051 25.661 0
    endloop
  endfacet
  facet normal 0.980739 -0.195322 0
    outer loop
      vertex 33.6818 1.48236 3
      vertex 33.7329 1.73894 0
      vertex 33.7329 1.73894 3
    endloop
  endfacet
  facet normal 0.980739 -0.195322 0
    outer loop
      vertex 33.7329 1.73894 0
      vertex 33.6818 1.48236 3
      vertex 33.6818 1.48236 0
    endloop
  endfacet
  facet normal -0.321109 0.947042 0
    outer loop
      vertex 1.48236 27.3318 0
      vertex 1.23462 27.2478 3
      vertex 1.48236 27.3318 3
    endloop
  endfacet
  facet normal -0.321109 0.947042 0
    outer loop
      vertex 1.23462 27.2478 3
      vertex 1.48236 27.3318 0
      vertex 1.23462 27.2478 0
    endloop
  endfacet
  facet normal -0.0653815 -0.99786 0
    outer loop
      vertex 1.73894 0.0171051 0
      vertex 2 0 3
      vertex 1.73894 0.0171051 3
    endloop
  endfacet
  facet normal -0.0653815 -0.99786 -0
    outer loop
      vertex 2 0 3
      vertex 1.73894 0.0171051 0
      vertex 2 0 0
    endloop
  endfacet
  facet normal -0.195104 -0.980783 0
    outer loop
      vertex 1.48236 0.0681458 0
      vertex 1.73894 0.0171051 3
      vertex 1.48236 0.0681458 3
    endloop
  endfacet
  facet normal -0.195104 -0.980783 -0
    outer loop
      vertex 1.73894 0.0171051 3
      vertex 1.48236 0.0681458 0
      vertex 1.73894 0.0171051 0
    endloop
  endfacet
  facet normal -0.195322 0.980739 0
    outer loop
      vertex 1.73894 27.3829 0
      vertex 1.48236 27.3318 3
      vertex 1.73894 27.3829 3
    endloop
  endfacet
  facet normal -0.195322 0.980739 0
    outer loop
      vertex 1.48236 27.3318 3
      vertex 1.73894 27.3829 0
      vertex 1.48236 27.3318 0
    endloop
  endfacet
  facet normal -0.946936 -0.321422 0
    outer loop
      vertex 0.152237 1.23462 0
      vertex 0.0681458 1.48236 3
      vertex 0.0681458 1.48236 0
    endloop
  endfacet
  facet normal -0.946936 -0.321422 0
    outer loop
      vertex 0.0681458 1.48236 3
      vertex 0.152237 1.23462 0
      vertex 0.152237 1.23462 3
    endloop
  endfacet
  facet normal -0.896865 -0.442305 0
    outer loop
      vertex 0.267944 1 0
      vertex 0.152237 1.23462 3
      vertex 0.152237 1.23462 0
    endloop
  endfacet
  facet normal -0.896865 -0.442305 0
    outer loop
      vertex 0.152237 1.23462 3
      vertex 0.267944 1 0
      vertex 0.267944 1 3
    endloop
  endfacet
  facet normal -0.980788 -0.195078 0
    outer loop
      vertex 4.38273 3.65095 3.4
      vertex 4.36104 3.76 10
      vertex 4.36104 3.76 3.4
    endloop
  endfacet
  facet normal -0.980788 -0.195078 0
    outer loop
      vertex 4.36104 3.76 10
      vertex 4.38273 3.65095 3.4
      vertex 4.38273 3.65095 10
    endloop
  endfacet
  facet normal -0.99786 -0.0653848 0
    outer loop
      vertex 4.39 3.54 3.4
      vertex 4.38273 3.65095 10
      vertex 4.38273 3.65095 3.4
    endloop
  endfacet
  facet normal -0.99786 -0.0653848 0
    outer loop
      vertex 4.38273 3.65095 10
      vertex 4.39 3.54 3.4
      vertex 4.39 3.54 10
    endloop
  endfacet
  facet normal -0.946924 -0.321458 0
    outer loop
      vertex 4.36104 3.76 3.4
      vertex 4.3253 3.86528 10
      vertex 4.3253 3.86528 3.4
    endloop
  endfacet
  facet normal -0.946924 -0.321458 0
    outer loop
      vertex 4.3253 3.86528 10
      vertex 4.36104 3.76 3.4
      vertex 4.36104 3.76 10
    endloop
  endfacet
  facet normal -0.831483 -0.555551 0
    outer loop
      vertex 4.27612 3.965 3.4
      vertex 4.21435 4.05745 10
      vertex 4.21435 4.05745 3.4
    endloop
  endfacet
  facet normal -0.831483 -0.555551 0
    outer loop
      vertex 4.21435 4.05745 10
      vertex 4.27612 3.965 3.4
      vertex 4.27612 3.965 10
    endloop
  endfacet
  facet normal 0.946924 0.321458 0
    outer loop
      vertex 2.7547 3.21472 10
      vertex 2.71896 3.32 3.4
      vertex 2.71896 3.32 10
    endloop
  endfacet
  facet normal 0.946924 0.321458 0
    outer loop
      vertex 2.71896 3.32 3.4
      vertex 2.7547 3.21472 10
      vertex 2.7547 3.21472 3.4
    endloop
  endfacet
  facet normal -0.321458 0.946924 0
    outer loop
      vertex 3.86528 2.7547 3.4
      vertex 3.76 2.71896 10
      vertex 3.86528 2.7547 10
    endloop
  endfacet
  facet normal -0.321458 0.946924 0
    outer loop
      vertex 3.76 2.71896 10
      vertex 3.86528 2.7547 3.4
      vertex 3.76 2.71896 3.4
    endloop
  endfacet
  facet normal -0.89686 -0.442314 0
    outer loop
      vertex 4.3253 3.86528 3.4
      vertex 4.27612 3.965 10
      vertex 4.27612 3.965 3.4
    endloop
  endfacet
  facet normal -0.89686 -0.442314 0
    outer loop
      vertex 4.27612 3.965 10
      vertex 4.3253 3.86528 3.4
      vertex 4.3253 3.86528 10
    endloop
  endfacet
  facet normal 0.555551 -0.831483 0
    outer loop
      vertex 3.02255 4.21435 3.4
      vertex 3.115 4.27612 10
      vertex 3.02255 4.21435 10
    endloop
  endfacet
  facet normal 0.555551 -0.831483 0
    outer loop
      vertex 3.115 4.27612 10
      vertex 3.02255 4.21435 3.4
      vertex 3.115 4.27612 3.4
    endloop
  endfacet
  facet normal -0.980788 0.195078 0
    outer loop
      vertex 4.36104 3.32 3.4
      vertex 4.38273 3.42905 10
      vertex 4.38273 3.42905 3.4
    endloop
  endfacet
  facet normal -0.980788 0.195078 0
    outer loop
      vertex 4.38273 3.42905 10
      vertex 4.36104 3.32 3.4
      vertex 4.36104 3.32 10
    endloop
  endfacet
  facet normal 0 0 1
    outer loop
      vertex 4.38273 3.65095 3.4
      vertex 4.38273 3.42905 3.4
      vertex 4.39 3.54 3.4
    endloop
  endfacet
  facet normal 0 0 1
    outer loop
      vertex 4.36104 3.76 3.4
      vertex 4.38273 3.42905 3.4
      vertex 4.38273 3.65095 3.4
    endloop
  endfacet
  facet normal 0 0 1
    outer loop
      vertex 4.36104 3.76 3.4
      vertex 4.36104 3.32 3.4
      vertex 4.38273 3.42905 3.4
    endloop
  endfacet
  facet normal 0 0 1
    outer loop
      vertex 4.3253 3.86528 3.4
      vertex 4.36104 3.32 3.4
      vertex 4.36104 3.76 3.4
    endloop
  endfacet
  facet normal 0 0 1
    outer loop
      vertex 4.3253 3.86528 3.4
      vertex 4.3253 3.21472 3.4
      vertex 4.36104 3.32 3.4
    endloop
  endfacet
  facet normal 0 0 1
    outer loop
      vertex 4.27612 3.965 3.4
      vertex 4.3253 3.21472 3.4
      vertex 4.3253 3.86528 3.4
    endloop
  endfacet
  facet normal 0 0 1
    outer loop
      vertex 4.27612 3.965 3.4
      vertex 4.27612 3.115 3.4
      vertex 4.3253 3.21472 3.4
    endloop
  endfacet
  facet normal 0 0 1
    outer loop
      vertex 4.21435 4.05745 3.4
      vertex 4.27612 3.115 3.4
      vertex 4.27612 3.965 3.4
    endloop
  endfacet
  facet normal 0 0 1
    outer loop
      vertex 4.21435 4.05745 3.4
      vertex 4.21435 3.02255 3.4
      vertex 4.27612 3.115 3.4
    endloop
  endfacet
  facet normal 0 0 1
    outer loop
      vertex 4.14104 4.14104 3.4
      vertex 4.21435 3.02255 3.4
      vertex 4.21435 4.05745 3.4
    endloop
  endfacet
  facet normal 0 0 1
    outer loop
      vertex 4.14104 4.14104 3.4
      vertex 4.14104 2.93896 3.4
      vertex 4.21435 3.02255 3.4
    endloop
  endfacet
  facet normal 0 0 1
    outer loop
      vertex 4.05745 4.21435 3.4
      vertex 4.14104 2.93896 3.4
      vertex 4.14104 4.14104 3.4
    endloop
  endfacet
  facet normal 0 0 1
    outer loop
      vertex 4.05745 4.21435 3.4
      vertex 4.05745 2.86565 3.4
      vertex 4.14104 2.93896 3.4
    endloop
  endfacet
  facet normal 0 0 1
    outer loop
      vertex 3.965 4.27612 3.4
      vertex 4.05745 2.86565 3.4
      vertex 4.05745 4.21435 3.4
    endloop
  endfacet
  facet normal 0 0 1
    outer loop
      vertex 3.965 4.27612 3.4
      vertex 3.965 2.80388 3.4
      vertex 4.05745 2.86565 3.4
    endloop
  endfacet
  facet normal 0 0 1
    outer loop
      vertex 3.86528 4.3253 3.4
      vertex 3.965 2.80388 3.4
      vertex 3.965 4.27612 3.4
    endloop
  endfacet
  facet normal 0 0 1
    outer loop
      vertex 3.86528 4.3253 3.4
      vertex 3.86528 2.7547 3.4
      vertex 3.965 2.80388 3.4
    endloop
  endfacet
  facet normal 0 0 1
    outer loop
      vertex 3.76 4.36104 3.4
      vertex 3.86528 2.7547 3.4
      vertex 3.86528 4.3253 3.4
    endloop
  endfacet
  facet normal 0 0 1
    outer loop
      vertex 3.76 4.36104 3.4
      vertex 3.76 2.71896 3.4
      vertex 3.86528 2.7547 3.4
    endloop
  endfacet
  facet normal 0 0 1
    outer loop
      vertex 3.65095 4.38273 3.4
      vertex 3.76 2.71896 3.4
      vertex 3.76 4.36104 3.4
    endloop
  endfacet
  facet normal 0 0 1
    outer loop
      vertex 3.65095 4.38273 3.4
      vertex 3.65095 2.69727 3.4
      vertex 3.76 2.71896 3.4
    endloop
  endfacet
  facet normal 0 0 1
    outer loop
      vertex 3.54 4.39 3.4
      vertex 3.65095 2.69727 3.4
      vertex 3.65095 4.38273 3.4
    endloop
  endfacet
  facet normal 0 0 1
    outer loop
      vertex 3.54 4.39 3.4
      vertex 3.54 2.69 3.4
      vertex 3.65095 2.69727 3.4
    endloop
  endfacet
  facet normal -0 0 1
    outer loop
      vertex 3.42905 4.38273 3.4
      vertex 3.54 2.69 3.4
      vertex 3.54 4.39 3.4
    endloop
  endfacet
  facet normal 0 0 1
    outer loop
      vertex 3.42905 4.38273 3.4
      vertex 3.42905 2.69727 3.4
      vertex 3.54 2.69 3.4
    endloop
  endfacet
  facet normal -0 0 1
    outer loop
      vertex 3.32 4.36104 3.4
      vertex 3.42905 2.69727 3.4
      vertex 3.42905 4.38273 3.4
    endloop
  endfacet
  facet normal 0 0 1
    outer loop
      vertex 3.32 4.36104 3.4
      vertex 3.32 2.71896 3.4
      vertex 3.42905 2.69727 3.4
    endloop
  endfacet
  facet normal -0 0 1
    outer loop
      vertex 3.21472 4.3253 3.4
      vertex 3.32 2.71896 3.4
      vertex 3.32 4.36104 3.4
    endloop
  endfacet
  facet normal 0 0 1
    outer loop
      vertex 3.21472 4.3253 3.4
      vertex 3.21472 2.7547 3.4
      vertex 3.32 2.71896 3.4
    endloop
  endfacet
  facet normal -0 0 1
    outer loop
      vertex 3.115 4.27612 3.4
      vertex 3.21472 2.7547 3.4
      vertex 3.21472 4.3253 3.4
    endloop
  endfacet
  facet normal 0 0 1
    outer loop
      vertex 3.115 4.27612 3.4
      vertex 3.115 2.80388 3.4
      vertex 3.21472 2.7547 3.4
    endloop
  endfacet
  facet normal -0 0 1
    outer loop
      vertex 3.02255 4.21435 3.4
      vertex 3.115 2.80388 3.4
      vertex 3.115 4.27612 3.4
    endloop
  endfacet
  facet normal 0 0 1
    outer loop
      vertex 3.02255 4.21435 3.4
      vertex 3.02255 2.86565 3.4
      vertex 3.115 2.80388 3.4
    endloop
  endfacet
  facet normal -0 0 1
    outer loop
      vertex 2.93896 4.14104 3.4
      vertex 3.02255 2.86565 3.4
      vertex 3.02255 4.21435 3.4
    endloop
  endfacet
  facet normal 0 0 1
    outer loop
      vertex 2.93896 4.14104 3.4
      vertex 2.93896 2.93896 3.4
      vertex 3.02255 2.86565 3.4
    endloop
  endfacet
  facet normal -0 0 1
    outer loop
      vertex 2.86565 4.05745 3.4
      vertex 2.93896 2.93896 3.4
      vertex 2.93896 4.14104 3.4
    endloop
  endfacet
  facet normal 0 0 1
    outer loop
      vertex 2.86565 4.05745 3.4
      vertex 2.86565 3.02255 3.4
      vertex 2.93896 2.93896 3.4
    endloop
  endfacet
  facet normal -0 0 1
    outer loop
      vertex 2.80388 3.965 3.4
      vertex 2.86565 3.02255 3.4
      vertex 2.86565 4.05745 3.4
    endloop
  endfacet
  facet normal 0 0 1
    outer loop
      vertex 2.80388 3.965 3.4
      vertex 2.80388 3.115 3.4
      vertex 2.86565 3.02255 3.4
    endloop
  endfacet
  facet normal -0 0 1
    outer loop
      vertex 2.7547 3.86528 3.4
      vertex 2.80388 3.115 3.4
      vertex 2.80388 3.965 3.4
    endloop
  endfacet
  facet normal 0 0 1
    outer loop
      vertex 2.7547 3.86528 3.4
      vertex 2.7547 3.21472 3.4
      vertex 2.80388 3.115 3.4
    endloop
  endfacet
  facet normal -0 0 1
    outer loop
      vertex 2.71896 3.76 3.4
      vertex 2.7547 3.21472 3.4
      vertex 2.7547 3.86528 3.4
    endloop
  endfacet
  facet normal 0 0 1
    outer loop
      vertex 2.71896 3.76 3.4
      vertex 2.71896 3.32 3.4
      vertex 2.7547 3.21472 3.4
    endloop
  endfacet
  facet normal -0 0 1
    outer loop
      vertex 2.69727 3.65095 3.4
      vertex 2.71896 3.32 3.4
      vertex 2.71896 3.76 3.4
    endloop
  endfacet
  facet normal 0 0 1
    outer loop
      vertex 2.69727 3.65095 3.4
      vertex 2.69727 3.42905 3.4
      vertex 2.71896 3.32 3.4
    endloop
  endfacet
  facet normal 0 -0 1
    outer loop
      vertex 2.69727 3.42905 3.4
      vertex 2.69727 3.65095 3.4
      vertex 2.69 3.54 3.4
    endloop
  endfacet
  facet normal -0.321458 -0.946924 0
    outer loop
      vertex 3.76 4.36104 3.4
      vertex 3.86528 4.3253 10
      vertex 3.76 4.36104 10
    endloop
  endfacet
  facet normal -0.321458 -0.946924 -0
    outer loop
      vertex 3.86528 4.3253 10
      vertex 3.76 4.36104 3.4
      vertex 3.86528 4.3253 3.4
    endloop
  endfacet
  facet normal 0.659364 -0.751824 0
    outer loop
      vertex 2.93896 4.14104 3.4
      vertex 3.02255 4.21435 10
      vertex 2.93896 4.14104 10
    endloop
  endfacet
  facet normal 0.659364 -0.751824 0
    outer loop
      vertex 3.02255 4.21435 10
      vertex 2.93896 4.14104 3.4
      vertex 3.02255 4.21435 3.4
    endloop
  endfacet
  facet normal -0.555551 0.831483 0
    outer loop
      vertex 4.05745 2.86565 3.4
      vertex 3.965 2.80388 10
      vertex 4.05745 2.86565 10
    endloop
  endfacet
  facet normal -0.555551 0.831483 0
    outer loop
      vertex 3.965 2.80388 10
      vertex 4.05745 2.86565 3.4
      vertex 3.965 2.80388 3.4
    endloop
  endfacet
  facet normal 0.195078 -0.980788 0
    outer loop
      vertex 3.32 4.36104 3.4
      vertex 3.42905 4.38273 10
      vertex 3.32 4.36104 10
    endloop
  endfacet
  facet normal 0.195078 -0.980788 0
    outer loop
      vertex 3.42905 4.38273 10
      vertex 3.32 4.36104 3.4
      vertex 3.42905 4.38273 3.4
    endloop
  endfacet
  facet normal 0.99786 0.0653848 0
    outer loop
      vertex 2.69727 3.42905 10
      vertex 2.69 3.54 3.4
      vertex 2.69 3.54 10
    endloop
  endfacet
  facet normal 0.99786 0.0653848 0
    outer loop
      vertex 2.69 3.54 3.4
      vertex 2.69727 3.42905 10
      vertex 2.69727 3.42905 3.4
    endloop
  endfacet
  facet normal 0.89686 0.442314 0
    outer loop
      vertex 2.80388 3.115 10
      vertex 2.7547 3.21472 3.4
      vertex 2.7547 3.21472 10
    endloop
  endfacet
  facet normal 0.89686 0.442314 0
    outer loop
      vertex 2.7547 3.21472 3.4
      vertex 2.80388 3.115 10
      vertex 2.80388 3.115 3.4
    endloop
  endfacet
  facet normal -0.0653848 -0.99786 0
    outer loop
      vertex 3.54 4.39 3.4
      vertex 3.65095 4.38273 10
      vertex 3.54 4.39 10
    endloop
  endfacet
  facet normal -0.0653848 -0.99786 -0
    outer loop
      vertex 3.65095 4.38273 10
      vertex 3.54 4.39 3.4
      vertex 3.65095 4.38273 3.4
    endloop
  endfacet
  facet normal 0.321458 0.946924 -0
    outer loop
      vertex 3.32 2.71896 3.4
      vertex 3.21472 2.7547 10
      vertex 3.32 2.71896 10
    endloop
  endfacet
  facet normal 0.321458 0.946924 0
    outer loop
      vertex 3.21472 2.7547 10
      vertex 3.32 2.71896 3.4
      vertex 3.21472 2.7547 3.4
    endloop
  endfacet
  facet normal -0.195078 0.980788 0
    outer loop
      vertex 3.76 2.71896 3.4
      vertex 3.65095 2.69727 10
      vertex 3.76 2.71896 10
    endloop
  endfacet
  facet normal -0.195078 0.980788 0
    outer loop
      vertex 3.65095 2.69727 10
      vertex 3.76 2.71896 3.4
      vertex 3.65095 2.69727 3.4
    endloop
  endfacet
  facet normal 0.442314 -0.89686 0
    outer loop
      vertex 3.115 4.27612 3.4
      vertex 3.21472 4.3253 10
      vertex 3.115 4.27612 10
    endloop
  endfacet
  facet normal 0.442314 -0.89686 0
    outer loop
      vertex 3.21472 4.3253 10
      vertex 3.115 4.27612 3.4
      vertex 3.21472 4.3253 3.4
    endloop
  endfacet
  facet normal 0.0653848 -0.99786 0
    outer loop
      vertex 3.42905 4.38273 3.4
      vertex 3.54 4.39 10
      vertex 3.42905 4.38273 10
    endloop
  endfacet
  facet normal 0.0653848 -0.99786 0
    outer loop
      vertex 3.54 4.39 10
      vertex 3.42905 4.38273 3.4
      vertex 3.54 4.39 3.4
    endloop
  endfacet
  facet normal -0.442314 -0.89686 0
    outer loop
      vertex 3.86528 4.3253 3.4
      vertex 3.965 4.27612 10
      vertex 3.86528 4.3253 10
    endloop
  endfacet
  facet normal -0.442314 -0.89686 -0
    outer loop
      vertex 3.965 4.27612 10
      vertex 3.86528 4.3253 3.4
      vertex 3.965 4.27612 3.4
    endloop
  endfacet
  facet normal -0.442314 0.89686 0
    outer loop
      vertex 3.965 2.80388 3.4
      vertex 3.86528 2.7547 10
      vertex 3.965 2.80388 10
    endloop
  endfacet
  facet normal -0.442314 0.89686 0
    outer loop
      vertex 3.86528 2.7547 10
      vertex 3.965 2.80388 3.4
      vertex 3.86528 2.7547 3.4
    endloop
  endfacet
  facet normal 0.980788 0.195078 0
    outer loop
      vertex 2.71896 3.32 10
      vertex 2.69727 3.42905 3.4
      vertex 2.69727 3.42905 10
    endloop
  endfacet
  facet normal 0.980788 0.195078 0
    outer loop
      vertex 2.69727 3.42905 3.4
      vertex 2.71896 3.32 10
      vertex 2.71896 3.32 3.4
    endloop
  endfacet
  facet normal -0.99786 0.0653848 0
    outer loop
      vertex 4.38273 3.42905 3.4
      vertex 4.39 3.54 10
      vertex 4.39 3.54 3.4
    endloop
  endfacet
  facet normal -0.99786 0.0653848 0
    outer loop
      vertex 4.39 3.54 10
      vertex 4.38273 3.42905 3.4
      vertex 4.38273 3.42905 10
    endloop
  endfacet
  facet normal 0.555551 0.831483 -0
    outer loop
      vertex 3.115 2.80388 3.4
      vertex 3.02255 2.86565 10
      vertex 3.115 2.80388 10
    endloop
  endfacet
  facet normal 0.555551 0.831483 0
    outer loop
      vertex 3.02255 2.86565 10
      vertex 3.115 2.80388 3.4
      vertex 3.02255 2.86565 3.4
    endloop
  endfacet
  facet normal -0.751824 0.659364 0
    outer loop
      vertex 4.14104 2.93896 3.4
      vertex 4.21435 3.02255 10
      vertex 4.21435 3.02255 3.4
    endloop
  endfacet
  facet normal -0.751824 0.659364 0
    outer loop
      vertex 4.21435 3.02255 10
      vertex 4.14104 2.93896 3.4
      vertex 4.14104 2.93896 10
    endloop
  endfacet
  facet normal -0.831483 0.555551 0
    outer loop
      vertex 4.21435 3.02255 3.4
      vertex 4.27612 3.115 10
      vertex 4.27612 3.115 3.4
    endloop
  endfacet
  facet normal -0.831483 0.555551 0
    outer loop
      vertex 4.27612 3.115 10
      vertex 4.21435 3.02255 3.4
      vertex 4.21435 3.02255 10
    endloop
  endfacet
  facet normal 0.751824 0.659364 0
    outer loop
      vertex 2.93896 2.93896 10
      vertex 2.86565 3.02255 3.4
      vertex 2.86565 3.02255 10
    endloop
  endfacet
  facet normal 0.751824 0.659364 0
    outer loop
      vertex 2.86565 3.02255 3.4
      vertex 2.93896 2.93896 10
      vertex 2.93896 2.93896 3.4
    endloop
  endfacet
  facet normal 0.751824 -0.659364 0
    outer loop
      vertex 2.86565 4.05745 10
      vertex 2.93896 4.14104 3.4
      vertex 2.93896 4.14104 10
    endloop
  endfacet
  facet normal 0.751824 -0.659364 0
    outer loop
      vertex 2.93896 4.14104 3.4
      vertex 2.86565 4.05745 10
      vertex 2.86565 4.05745 3.4
    endloop
  endfacet
  facet normal 0.831483 -0.555551 0
    outer loop
      vertex 2.80388 3.965 10
      vertex 2.86565 4.05745 3.4
      vertex 2.86565 4.05745 10
    endloop
  endfacet
  facet normal 0.831483 -0.555551 0
    outer loop
      vertex 2.86565 4.05745 3.4
      vertex 2.80388 3.965 10
      vertex 2.80388 3.965 3.4
    endloop
  endfacet
  facet normal -0.946924 0.321458 0
    outer loop
      vertex 4.3253 3.21472 3.4
      vertex 4.36104 3.32 10
      vertex 4.36104 3.32 3.4
    endloop
  endfacet
  facet normal -0.946924 0.321458 0
    outer loop
      vertex 4.36104 3.32 10
      vertex 4.3253 3.21472 3.4
      vertex 4.3253 3.21472 10
    endloop
  endfacet
  facet normal 0.831483 0.555551 0
    outer loop
      vertex 2.86565 3.02255 10
      vertex 2.80388 3.115 3.4
      vertex 2.80388 3.115 10
    endloop
  endfacet
  facet normal 0.831483 0.555551 0
    outer loop
      vertex 2.80388 3.115 3.4
      vertex 2.86565 3.02255 10
      vertex 2.86565 3.02255 3.4
    endloop
  endfacet
  facet normal -0.89686 0.442314 0
    outer loop
      vertex 4.27612 3.115 3.4
      vertex 4.3253 3.21472 10
      vertex 4.3253 3.21472 3.4
    endloop
  endfacet
  facet normal -0.89686 0.442314 0
    outer loop
      vertex 4.3253 3.21472 10
      vertex 4.27612 3.115 3.4
      vertex 4.27612 3.115 10
    endloop
  endfacet
  facet normal 0.195078 0.980788 -0
    outer loop
      vertex 3.42905 2.69727 3.4
      vertex 3.32 2.71896 10
      vertex 3.42905 2.69727 10
    endloop
  endfacet
  facet normal 0.195078 0.980788 0
    outer loop
      vertex 3.32 2.71896 10
      vertex 3.42905 2.69727 3.4
      vertex 3.32 2.71896 3.4
    endloop
  endfacet
  facet normal -0.0653848 0.99786 0
    outer loop
      vertex 3.65095 2.69727 3.4
      vertex 3.54 2.69 10
      vertex 3.65095 2.69727 10
    endloop
  endfacet
  facet normal -0.0653848 0.99786 0
    outer loop
      vertex 3.54 2.69 10
      vertex 3.65095 2.69727 3.4
      vertex 3.54 2.69 3.4
    endloop
  endfacet
  facet normal 0.442314 0.89686 -0
    outer loop
      vertex 3.21472 2.7547 3.4
      vertex 3.115 2.80388 10
      vertex 3.21472 2.7547 10
    endloop
  endfacet
  facet normal 0.442314 0.89686 0
    outer loop
      vertex 3.115 2.80388 10
      vertex 3.21472 2.7547 3.4
      vertex 3.115 2.80388 3.4
    endloop
  endfacet
  facet normal -0.195078 -0.980788 0
    outer loop
      vertex 3.65095 4.38273 3.4
      vertex 3.76 4.36104 10
      vertex 3.65095 4.38273 10
    endloop
  endfacet
  facet normal -0.195078 -0.980788 -0
    outer loop
      vertex 3.76 4.36104 10
      vertex 3.65095 4.38273 3.4
      vertex 3.76 4.36104 3.4
    endloop
  endfacet
  facet normal -0.659364 0.751824 0
    outer loop
      vertex 4.14104 2.93896 3.4
      vertex 4.05745 2.86565 10
      vertex 4.14104 2.93896 10
    endloop
  endfacet
  facet normal -0.659364 0.751824 0
    outer loop
      vertex 4.05745 2.86565 10
      vertex 4.14104 2.93896 3.4
      vertex 4.05745 2.86565 3.4
    endloop
  endfacet
  facet normal -0.555551 -0.831483 0
    outer loop
      vertex 3.965 4.27612 3.4
      vertex 4.05745 4.21435 10
      vertex 3.965 4.27612 10
    endloop
  endfacet
  facet normal -0.555551 -0.831483 -0
    outer loop
      vertex 4.05745 4.21435 10
      vertex 3.965 4.27612 3.4
      vertex 4.05745 4.21435 3.4
    endloop
  endfacet
  facet normal 0.321458 -0.946924 0
    outer loop
      vertex 3.21472 4.3253 3.4
      vertex 3.32 4.36104 10
      vertex 3.21472 4.3253 10
    endloop
  endfacet
  facet normal 0.321458 -0.946924 0
    outer loop
      vertex 3.32 4.36104 10
      vertex 3.21472 4.3253 3.4
      vertex 3.32 4.36104 3.4
    endloop
  endfacet
  facet normal 0.0653848 0.99786 -0
    outer loop
      vertex 3.54 2.69 3.4
      vertex 3.42905 2.69727 10
      vertex 3.54 2.69 10
    endloop
  endfacet
  facet normal 0.0653848 0.99786 0
    outer loop
      vertex 3.42905 2.69727 10
      vertex 3.54 2.69 3.4
      vertex 3.42905 2.69727 3.4
    endloop
  endfacet
  facet normal 0.89686 -0.442314 0
    outer loop
      vertex 2.7547 3.86528 10
      vertex 2.80388 3.965 3.4
      vertex 2.80388 3.965 10
    endloop
  endfacet
  facet normal 0.89686 -0.442314 0
    outer loop
      vertex 2.80388 3.965 3.4
      vertex 2.7547 3.86528 10
      vertex 2.7547 3.86528 3.4
    endloop
  endfacet
  facet normal 0.980788 -0.195078 0
    outer loop
      vertex 2.69727 3.65095 10
      vertex 2.71896 3.76 3.4
      vertex 2.71896 3.76 10
    endloop
  endfacet
  facet normal 0.980788 -0.195078 0
    outer loop
      vertex 2.71896 3.76 3.4
      vertex 2.69727 3.65095 10
      vertex 2.69727 3.65095 3.4
    endloop
  endfacet
  facet normal -0.751824 -0.659364 0
    outer loop
      vertex 4.21435 4.05745 3.4
      vertex 4.14104 4.14104 10
      vertex 4.14104 4.14104 3.4
    endloop
  endfacet
  facet normal -0.751824 -0.659364 0
    outer loop
      vertex 4.14104 4.14104 10
      vertex 4.21435 4.05745 3.4
      vertex 4.21435 4.05745 10
    endloop
  endfacet
  facet normal 0.659364 0.751824 -0
    outer loop
      vertex 3.02255 2.86565 3.4
      vertex 2.93896 2.93896 10
      vertex 3.02255 2.86565 10
    endloop
  endfacet
  facet normal 0.659364 0.751824 0
    outer loop
      vertex 2.93896 2.93896 10
      vertex 3.02255 2.86565 3.4
      vertex 2.93896 2.93896 3.4
    endloop
  endfacet
  facet normal -0.659364 -0.751824 0
    outer loop
      vertex 4.05745 4.21435 3.4
      vertex 4.14104 4.14104 10
      vertex 4.05745 4.21435 10
    endloop
  endfacet
  facet normal -0.659364 -0.751824 -0
    outer loop
      vertex 4.14104 4.14104 10
      vertex 4.05745 4.21435 3.4
      vertex 4.14104 4.14104 3.4
    endloop
  endfacet
  facet normal 0.946924 -0.321458 0
    outer loop
      vertex 2.71896 3.76 10
      vertex 2.7547 3.86528 3.4
      vertex 2.7547 3.86528 10
    endloop
  endfacet
  facet normal 0.946924 -0.321458 0
    outer loop
      vertex 2.7547 3.86528 3.4
      vertex 2.71896 3.76 10
      vertex 2.71896 3.76 3.4
    endloop
  endfacet
  facet normal 0.99786 -0.0653848 0
    outer loop
      vertex 2.69 3.54 10
      vertex 2.69727 3.65095 3.4
      vertex 2.69727 3.65095 10
    endloop
  endfacet
  facet normal 0.99786 -0.0653848 0
    outer loop
      vertex 2.69727 3.65095 3.4
      vertex 2.69 3.54 10
      vertex 2.69 3.54 3.4
    endloop
  endfacet
  facet normal -0.195165 0.98077 0
    outer loop
      vertex 3.76 23.039 3.4
      vertex 3.65095 23.0173 10
      vertex 3.76 23.039 10
    endloop
  endfacet
  facet normal -0.195165 0.98077 0
    outer loop
      vertex 3.65095 23.0173 10
      vertex 3.76 23.039 3.4
      vertex 3.65095 23.0173 3.4
    endloop
  endfacet
  facet normal -0.980805 -0.194992 0
    outer loop
      vertex 4.38273 23.9709 3.4
      vertex 4.36104 24.08 10
      vertex 4.36104 24.08 3.4
    endloop
  endfacet
  facet normal -0.980805 -0.194992 0
    outer loop
      vertex 4.36104 24.08 10
      vertex 4.38273 23.9709 3.4
      vertex 4.38273 23.9709 10
    endloop
  endfacet
  facet normal -0.997858 -0.0654141 0
    outer loop
      vertex 4.39 23.86 3.4
      vertex 4.38273 23.9709 10
      vertex 4.38273 23.9709 3.4
    endloop
  endfacet
  facet normal -0.997858 -0.0654141 0
    outer loop
      vertex 4.38273 23.9709 10
      vertex 4.39 23.86 3.4
      vertex 4.39 23.86 10
    endloop
  endfacet
  facet normal -0.946943 -0.321403 0
    outer loop
      vertex 4.36104 24.08 3.4
      vertex 4.3253 24.1853 10
      vertex 4.3253 24.1853 3.4
    endloop
  endfacet
  facet normal -0.946943 -0.321403 0
    outer loop
      vertex 4.3253 24.1853 10
      vertex 4.36104 24.08 3.4
      vertex 4.36104 24.08 10
    endloop
  endfacet
  facet normal -0.831344 0.555759 0
    outer loop
      vertex 4.21435 23.3426 3.4
      vertex 4.27612 23.435 10
      vertex 4.27612 23.435 3.4
    endloop
  endfacet
  facet normal -0.831344 0.555759 0
    outer loop
      vertex 4.27612 23.435 10
      vertex 4.21435 23.3426 3.4
      vertex 4.21435 23.3426 10
    endloop
  endfacet
  facet normal -0.195165 -0.98077 0
    outer loop
      vertex 3.65095 24.7027 3.4
      vertex 3.76 24.681 10
      vertex 3.65095 24.7027 10
    endloop
  endfacet
  facet normal -0.195165 -0.98077 -0
    outer loop
      vertex 3.76 24.681 10
      vertex 3.65095 24.7027 3.4
      vertex 3.76 24.681 3.4
    endloop
  endfacet
  facet normal 0.195165 0.98077 -0
    outer loop
      vertex 3.42905 23.0173 3.4
      vertex 3.32 23.039 10
      vertex 3.42905 23.0173 10
    endloop
  endfacet
  facet normal 0.195165 0.98077 0
    outer loop
      vertex 3.32 23.039 10
      vertex 3.42905 23.0173 3.4
      vertex 3.32 23.039 3.4
    endloop
  endfacet
  facet normal -0.896825 -0.442386 0
    outer loop
      vertex 4.3253 24.1853 3.4
      vertex 4.27612 24.285 10
      vertex 4.27612 24.285 3.4
    endloop
  endfacet
  facet normal -0.896825 -0.442386 0
    outer loop
      vertex 4.27612 24.285 10
      vertex 4.3253 24.1853 3.4
      vertex 4.3253 24.1853 10
    endloop
  endfacet
  facet normal 0.997858 0.0654141 0
    outer loop
      vertex 2.69727 23.7491 10
      vertex 2.69 23.86 3.4
      vertex 2.69 23.86 10
    endloop
  endfacet
  facet normal 0.997858 0.0654141 0
    outer loop
      vertex 2.69 23.86 3.4
      vertex 2.69727 23.7491 10
      vertex 2.69727 23.7491 3.4
    endloop
  endfacet
  facet normal -0.555737 -0.831358 0
    outer loop
      vertex 3.965 24.5961 3.4
      vertex 4.05745 24.5343 10
      vertex 3.965 24.5961 10
    endloop
  endfacet
  facet normal -0.555737 -0.831358 -0
    outer loop
      vertex 4.05745 24.5343 10
      vertex 3.965 24.5961 3.4
      vertex 4.05745 24.5343 3.4
    endloop
  endfacet
  facet normal -0.442459 -0.896789 0
    outer loop
      vertex 3.86528 24.6453 3.4
      vertex 3.965 24.5961 10
      vertex 3.86528 24.6453 10
    endloop
  endfacet
  facet normal -0.442459 -0.896789 -0
    outer loop
      vertex 3.965 24.5961 10
      vertex 3.86528 24.6453 3.4
      vertex 3.965 24.5961 3.4
    endloop
  endfacet
  facet normal 0.997858 -0.0654141 0
    outer loop
      vertex 2.69 23.86 10
      vertex 2.69727 23.9709 3.4
      vertex 2.69727 23.9709 10
    endloop
  endfacet
  facet normal 0.997858 -0.0654141 0
    outer loop
      vertex 2.69727 23.9709 3.4
      vertex 2.69 23.86 10
      vertex 2.69 23.86 3.4
    endloop
  endfacet
  facet normal -0.831344 -0.555759 0
    outer loop
      vertex 4.27612 24.285 3.4
      vertex 4.21435 24.3774 10
      vertex 4.21435 24.3774 3.4
    endloop
  endfacet
  facet normal -0.831344 -0.555759 0
    outer loop
      vertex 4.21435 24.3774 10
      vertex 4.27612 24.285 3.4
      vertex 4.27612 24.285 10
    endloop
  endfacet
  facet normal 0.0656534 -0.997842 0
    outer loop
      vertex 3.42905 24.7027 3.4
      vertex 3.54 24.71 10
      vertex 3.42905 24.7027 10
    endloop
  endfacet
  facet normal 0.0656534 -0.997842 0
    outer loop
      vertex 3.54 24.71 10
      vertex 3.42905 24.7027 3.4
      vertex 3.54 24.71 3.4
    endloop
  endfacet
  facet normal 0.0656534 0.997842 -0
    outer loop
      vertex 3.54 23.01 3.4
      vertex 3.42905 23.0173 10
      vertex 3.54 23.01 10
    endloop
  endfacet
  facet normal 0.0656534 0.997842 0
    outer loop
      vertex 3.42905 23.0173 10
      vertex 3.54 23.01 3.4
      vertex 3.42905 23.0173 3.4
    endloop
  endfacet
  facet normal -0.555115 0.831773 0
    outer loop
      vertex 4.05745 23.1856 3.4
      vertex 3.965 23.1239 10
      vertex 4.05745 23.1856 10
    endloop
  endfacet
  facet normal -0.555115 0.831773 0
    outer loop
      vertex 3.965 23.1239 10
      vertex 4.05745 23.1856 3.4
      vertex 3.965 23.1239 3.4
    endloop
  endfacet
  facet normal 0.896825 0.442386 0
    outer loop
      vertex 2.80388 23.435 10
      vertex 2.7547 23.5347 3.4
      vertex 2.7547 23.5347 10
    endloop
  endfacet
  facet normal 0.896825 0.442386 0
    outer loop
      vertex 2.7547 23.5347 3.4
      vertex 2.80388 23.435 10
      vertex 2.80388 23.435 3.4
    endloop
  endfacet
  facet normal 0.751863 0.659319 0
    outer loop
      vertex 2.93896 23.259 10
      vertex 2.86565 23.3426 3.4
      vertex 2.86565 23.3426 10
    endloop
  endfacet
  facet normal 0.751863 0.659319 0
    outer loop
      vertex 2.86565 23.3426 3.4
      vertex 2.93896 23.259 10
      vertex 2.93896 23.259 3.4
    endloop
  endfacet
  facet normal 0.659313 -0.751869 0
    outer loop
      vertex 2.93896 24.461 3.4
      vertex 3.02255 24.5343 10
      vertex 2.93896 24.461 10
    endloop
  endfacet
  facet normal 0.659313 -0.751869 0
    outer loop
      vertex 3.02255 24.5343 10
      vertex 2.93896 24.461 3.4
      vertex 3.02255 24.5343 3.4
    endloop
  endfacet
  facet normal -0.997858 0.0654141 0
    outer loop
      vertex 4.38273 23.7491 3.4
      vertex 4.39 23.86 10
      vertex 4.39 23.86 3.4
    endloop
  endfacet
  facet normal -0.997858 0.0654141 0
    outer loop
      vertex 4.39 23.86 10
      vertex 4.38273 23.7491 3.4
      vertex 4.38273 23.7491 10
    endloop
  endfacet
  facet normal 0.751863 -0.659319 0
    outer loop
      vertex 2.86565 24.3774 10
      vertex 2.93896 24.461 3.4
      vertex 2.93896 24.461 10
    endloop
  endfacet
  facet normal 0.751863 -0.659319 0
    outer loop
      vertex 2.93896 24.461 3.4
      vertex 2.86565 24.3774 10
      vertex 2.86565 24.3774 3.4
    endloop
  endfacet
  facet normal -0.321135 -0.947033 0
    outer loop
      vertex 3.76 24.681 3.4
      vertex 3.86528 24.6453 10
      vertex 3.76 24.681 10
    endloop
  endfacet
  facet normal -0.321135 -0.947033 -0
    outer loop
      vertex 3.86528 24.6453 10
      vertex 3.76 24.681 3.4
      vertex 3.86528 24.6453 3.4
    endloop
  endfacet
  facet normal -0.442459 0.896789 0
    outer loop
      vertex 3.965 23.1239 3.4
      vertex 3.86528 23.0747 10
      vertex 3.965 23.1239 10
    endloop
  endfacet
  facet normal -0.442459 0.896789 0
    outer loop
      vertex 3.86528 23.0747 10
      vertex 3.965 23.1239 3.4
      vertex 3.86528 23.0747 3.4
    endloop
  endfacet
  facet normal -0.0656534 0.997842 0
    outer loop
      vertex 3.65095 23.0173 3.4
      vertex 3.54 23.01 10
      vertex 3.65095 23.0173 10
    endloop
  endfacet
  facet normal -0.0656534 0.997842 0
    outer loop
      vertex 3.54 23.01 10
      vertex 3.65095 23.0173 3.4
      vertex 3.54 23.01 3.4
    endloop
  endfacet
  facet normal 0.946943 0.321403 0
    outer loop
      vertex 2.7547 23.5347 10
      vertex 2.71896 23.64 3.4
      vertex 2.71896 23.64 10
    endloop
  endfacet
  facet normal 0.946943 0.321403 0
    outer loop
      vertex 2.71896 23.64 3.4
      vertex 2.7547 23.5347 10
      vertex 2.7547 23.5347 3.4
    endloop
  endfacet
  facet normal 0.321135 0.947033 -0
    outer loop
      vertex 3.32 23.039 3.4
      vertex 3.21472 23.0747 10
      vertex 3.32 23.039 10
    endloop
  endfacet
  facet normal 0.321135 0.947033 0
    outer loop
      vertex 3.21472 23.0747 10
      vertex 3.32 23.039 3.4
      vertex 3.21472 23.0747 3.4
    endloop
  endfacet
  facet normal 0.555737 -0.831358 0
    outer loop
      vertex 3.02255 24.5343 3.4
      vertex 3.115 24.5961 10
      vertex 3.02255 24.5343 10
    endloop
  endfacet
  facet normal 0.555737 -0.831358 0
    outer loop
      vertex 3.115 24.5961 10
      vertex 3.02255 24.5343 3.4
      vertex 3.115 24.5961 3.4
    endloop
  endfacet
  facet normal 0 0 1
    outer loop
      vertex 4.38273 23.9709 3.4
      vertex 4.38273 23.7491 3.4
      vertex 4.39 23.86 3.4
    endloop
  endfacet
  facet normal 0 0 1
    outer loop
      vertex 4.36104 24.08 3.4
      vertex 4.38273 23.7491 3.4
      vertex 4.38273 23.9709 3.4
    endloop
  endfacet
  facet normal 0 0 1
    outer loop
      vertex 4.36104 24.08 3.4
      vertex 4.36104 23.64 3.4
      vertex 4.38273 23.7491 3.4
    endloop
  endfacet
  facet normal 0 0 1
    outer loop
      vertex 4.3253 24.1853 3.4
      vertex 4.36104 23.64 3.4
      vertex 4.36104 24.08 3.4
    endloop
  endfacet
  facet normal 0 0 1
    outer loop
      vertex 4.3253 24.1853 3.4
      vertex 4.3253 23.5347 3.4
      vertex 4.36104 23.64 3.4
    endloop
  endfacet
  facet normal 0 0 1
    outer loop
      vertex 4.27612 24.285 3.4
      vertex 4.3253 23.5347 3.4
      vertex 4.3253 24.1853 3.4
    endloop
  endfacet
  facet normal 0 0 1
    outer loop
      vertex 4.27612 24.285 3.4
      vertex 4.27612 23.435 3.4
      vertex 4.3253 23.5347 3.4
    endloop
  endfacet
  facet normal 0 0 1
    outer loop
      vertex 4.21435 24.3774 3.4
      vertex 4.27612 23.435 3.4
      vertex 4.27612 24.285 3.4
    endloop
  endfacet
  facet normal 0 0 1
    outer loop
      vertex 4.21435 24.3774 3.4
      vertex 4.21435 23.3426 3.4
      vertex 4.27612 23.435 3.4
    endloop
  endfacet
  facet normal 0 0 1
    outer loop
      vertex 4.14104 24.461 3.4
      vertex 4.21435 23.3426 3.4
      vertex 4.21435 24.3774 3.4
    endloop
  endfacet
  facet normal 0 0 1
    outer loop
      vertex 4.14104 24.461 3.4
      vertex 4.14104 23.259 3.4
      vertex 4.21435 23.3426 3.4
    endloop
  endfacet
  facet normal 0 0 1
    outer loop
      vertex 4.05745 24.5343 3.4
      vertex 4.14104 23.259 3.4
      vertex 4.14104 24.461 3.4
    endloop
  endfacet
  facet normal 0 0 1
    outer loop
      vertex 4.05745 24.5343 3.4
      vertex 4.05745 23.1856 3.4
      vertex 4.14104 23.259 3.4
    endloop
  endfacet
  facet normal 0 0 1
    outer loop
      vertex 3.965 24.5961 3.4
      vertex 4.05745 23.1856 3.4
      vertex 4.05745 24.5343 3.4
    endloop
  endfacet
  facet normal 0 0 1
    outer loop
      vertex 3.965 24.5961 3.4
      vertex 3.965 23.1239 3.4
      vertex 4.05745 23.1856 3.4
    endloop
  endfacet
  facet normal 0 0 1
    outer loop
      vertex 3.86528 24.6453 3.4
      vertex 3.965 23.1239 3.4
      vertex 3.965 24.5961 3.4
    endloop
  endfacet
  facet normal 0 0 1
    outer loop
      vertex 3.86528 24.6453 3.4
      vertex 3.86528 23.0747 3.4
      vertex 3.965 23.1239 3.4
    endloop
  endfacet
  facet normal 0 0 1
    outer loop
      vertex 3.76 24.681 3.4
      vertex 3.86528 23.0747 3.4
      vertex 3.86528 24.6453 3.4
    endloop
  endfacet
  facet normal 0 0 1
    outer loop
      vertex 3.76 24.681 3.4
      vertex 3.76 23.039 3.4
      vertex 3.86528 23.0747 3.4
    endloop
  endfacet
  facet normal 0 0 1
    outer loop
      vertex 3.65095 24.7027 3.4
      vertex 3.76 23.039 3.4
      vertex 3.76 24.681 3.4
    endloop
  endfacet
  facet normal 0 0 1
    outer loop
      vertex 3.65095 24.7027 3.4
      vertex 3.65095 23.0173 3.4
      vertex 3.76 23.039 3.4
    endloop
  endfacet
  facet normal 0 0 1
    outer loop
      vertex 3.54 24.71 3.4
      vertex 3.65095 23.0173 3.4
      vertex 3.65095 24.7027 3.4
    endloop
  endfacet
  facet normal 0 0 1
    outer loop
      vertex 3.54 24.71 3.4
      vertex 3.54 23.01 3.4
      vertex 3.65095 23.0173 3.4
    endloop
  endfacet
  facet normal -0 0 1
    outer loop
      vertex 3.42905 24.7027 3.4
      vertex 3.54 23.01 3.4
      vertex 3.54 24.71 3.4
    endloop
  endfacet
  facet normal 0 0 1
    outer loop
      vertex 3.42905 24.7027 3.4
      vertex 3.42905 23.0173 3.4
      vertex 3.54 23.01 3.4
    endloop
  endfacet
  facet normal -0 0 1
    outer loop
      vertex 3.32 24.681 3.4
      vertex 3.42905 23.0173 3.4
      vertex 3.42905 24.7027 3.4
    endloop
  endfacet
  facet normal 0 0 1
    outer loop
      vertex 3.32 24.681 3.4
      vertex 3.32 23.039 3.4
      vertex 3.42905 23.0173 3.4
    endloop
  endfacet
  facet normal -0 0 1
    outer loop
      vertex 3.21472 24.6453 3.4
      vertex 3.32 23.039 3.4
      vertex 3.32 24.681 3.4
    endloop
  endfacet
  facet normal 0 0 1
    outer loop
      vertex 3.21472 24.6453 3.4
      vertex 3.21472 23.0747 3.4
      vertex 3.32 23.039 3.4
    endloop
  endfacet
  facet normal -0 0 1
    outer loop
      vertex 3.115 24.5961 3.4
      vertex 3.21472 23.0747 3.4
      vertex 3.21472 24.6453 3.4
    endloop
  endfacet
  facet normal 0 0 1
    outer loop
      vertex 3.115 24.5961 3.4
      vertex 3.115 23.1239 3.4
      vertex 3.21472 23.0747 3.4
    endloop
  endfacet
  facet normal -0 0 1
    outer loop
      vertex 3.02255 24.5343 3.4
      vertex 3.115 23.1239 3.4
      vertex 3.115 24.5961 3.4
    endloop
  endfacet
  facet normal 0 0 1
    outer loop
      vertex 3.02255 24.5343 3.4
      vertex 3.02255 23.1856 3.4
      vertex 3.115 23.1239 3.4
    endloop
  endfacet
  facet normal -0 0 1
    outer loop
      vertex 2.93896 24.461 3.4
      vertex 3.02255 23.1856 3.4
      vertex 3.02255 24.5343 3.4
    endloop
  endfacet
  facet normal 0 0 1
    outer loop
      vertex 2.93896 24.461 3.4
      vertex 2.93896 23.259 3.4
      vertex 3.02255 23.1856 3.4
    endloop
  endfacet
  facet normal -0 0 1
    outer loop
      vertex 2.86565 24.3774 3.4
      vertex 2.93896 23.259 3.4
      vertex 2.93896 24.461 3.4
    endloop
  endfacet
  facet normal 0 0 1
    outer loop
      vertex 2.86565 24.3774 3.4
      vertex 2.86565 23.3426 3.4
      vertex 2.93896 23.259 3.4
    endloop
  endfacet
  facet normal -0 0 1
    outer loop
      vertex 2.80388 24.285 3.4
      vertex 2.86565 23.3426 3.4
      vertex 2.86565 24.3774 3.4
    endloop
  endfacet
  facet normal 0 0 1
    outer loop
      vertex 2.80388 24.285 3.4
      vertex 2.80388 23.435 3.4
      vertex 2.86565 23.3426 3.4
    endloop
  endfacet
  facet normal -0 0 1
    outer loop
      vertex 2.7547 24.1853 3.4
      vertex 2.80388 23.435 3.4
      vertex 2.80388 24.285 3.4
    endloop
  endfacet
  facet normal 0 0 1
    outer loop
      vertex 2.7547 24.1853 3.4
      vertex 2.7547 23.5347 3.4
      vertex 2.80388 23.435 3.4
    endloop
  endfacet
  facet normal -0 0 1
    outer loop
      vertex 2.71896 24.08 3.4
      vertex 2.7547 23.5347 3.4
      vertex 2.7547 24.1853 3.4
    endloop
  endfacet
  facet normal 0 0 1
    outer loop
      vertex 2.71896 24.08 3.4
      vertex 2.71896 23.64 3.4
      vertex 2.7547 23.5347 3.4
    endloop
  endfacet
  facet normal -0 0 1
    outer loop
      vertex 2.69727 23.9709 3.4
      vertex 2.71896 23.64 3.4
      vertex 2.71896 24.08 3.4
    endloop
  endfacet
  facet normal 0 0 1
    outer loop
      vertex 2.69727 23.9709 3.4
      vertex 2.69727 23.7491 3.4
      vertex 2.71896 23.64 3.4
    endloop
  endfacet
  facet normal 0 -0 1
    outer loop
      vertex 2.69727 23.7491 3.4
      vertex 2.69727 23.9709 3.4
      vertex 2.69 23.86 3.4
    endloop
  endfacet
  facet normal 0.195165 -0.98077 0
    outer loop
      vertex 3.32 24.681 3.4
      vertex 3.42905 24.7027 10
      vertex 3.32 24.681 10
    endloop
  endfacet
  facet normal 0.195165 -0.98077 0
    outer loop
      vertex 3.42905 24.7027 10
      vertex 3.32 24.681 3.4
      vertex 3.42905 24.7027 3.4
    endloop
  endfacet
  facet normal 0.831344 0.555759 0
    outer loop
      vertex 2.86565 23.3426 10
      vertex 2.80388 23.435 3.4
      vertex 2.80388 23.435 10
    endloop
  endfacet
  facet normal 0.831344 0.555759 0
    outer loop
      vertex 2.80388 23.435 3.4
      vertex 2.86565 23.3426 10
      vertex 2.86565 23.3426 3.4
    endloop
  endfacet
  facet normal 0.442459 -0.896789 0
    outer loop
      vertex 3.115 24.5961 3.4
      vertex 3.21472 24.6453 10
      vertex 3.115 24.5961 10
    endloop
  endfacet
  facet normal 0.442459 -0.896789 0
    outer loop
      vertex 3.21472 24.6453 10
      vertex 3.115 24.5961 3.4
      vertex 3.21472 24.6453 3.4
    endloop
  endfacet
  facet normal 0.831344 -0.555759 0
    outer loop
      vertex 2.80388 24.285 10
      vertex 2.86565 24.3774 3.4
      vertex 2.86565 24.3774 10
    endloop
  endfacet
  facet normal 0.831344 -0.555759 0
    outer loop
      vertex 2.86565 24.3774 3.4
      vertex 2.80388 24.285 10
      vertex 2.80388 24.285 3.4
    endloop
  endfacet
  facet normal 0.980805 -0.194992 0
    outer loop
      vertex 2.69727 23.9709 10
      vertex 2.71896 24.08 3.4
      vertex 2.71896 24.08 10
    endloop
  endfacet
  facet normal 0.980805 -0.194992 0
    outer loop
      vertex 2.71896 24.08 3.4
      vertex 2.69727 23.9709 10
      vertex 2.69727 23.9709 3.4
    endloop
  endfacet
  facet normal -0.896825 0.442386 0
    outer loop
      vertex 4.27612 23.435 3.4
      vertex 4.3253 23.5347 10
      vertex 4.3253 23.5347 3.4
    endloop
  endfacet
  facet normal -0.896825 0.442386 0
    outer loop
      vertex 4.3253 23.5347 10
      vertex 4.27612 23.435 3.4
      vertex 4.27612 23.435 10
    endloop
  endfacet
  facet normal 0.980805 0.194992 0
    outer loop
      vertex 2.71896 23.64 10
      vertex 2.69727 23.7491 3.4
      vertex 2.69727 23.7491 10
    endloop
  endfacet
  facet normal 0.980805 0.194992 0
    outer loop
      vertex 2.69727 23.7491 3.4
      vertex 2.71896 23.64 10
      vertex 2.71896 23.64 3.4
    endloop
  endfacet
  facet normal -0.0656534 -0.997842 0
    outer loop
      vertex 3.54 24.71 3.4
      vertex 3.65095 24.7027 10
      vertex 3.54 24.71 10
    endloop
  endfacet
  facet normal -0.0656534 -0.997842 -0
    outer loop
      vertex 3.65095 24.7027 10
      vertex 3.54 24.71 3.4
      vertex 3.65095 24.7027 3.4
    endloop
  endfacet
  facet normal -0.751863 -0.659319 0
    outer loop
      vertex 4.21435 24.3774 3.4
      vertex 4.14104 24.461 10
      vertex 4.14104 24.461 3.4
    endloop
  endfacet
  facet normal -0.751863 -0.659319 0
    outer loop
      vertex 4.14104 24.461 10
      vertex 4.21435 24.3774 3.4
      vertex 4.21435 24.3774 10
    endloop
  endfacet
  facet normal -0.946943 0.321403 0
    outer loop
      vertex 4.3253 23.5347 3.4
      vertex 4.36104 23.64 10
      vertex 4.36104 23.64 3.4
    endloop
  endfacet
  facet normal -0.946943 0.321403 0
    outer loop
      vertex 4.36104 23.64 10
      vertex 4.3253 23.5347 3.4
      vertex 4.3253 23.5347 10
    endloop
  endfacet
  facet normal -0.980805 0.194992 0
    outer loop
      vertex 4.36104 23.64 3.4
      vertex 4.38273 23.7491 10
      vertex 4.38273 23.7491 3.4
    endloop
  endfacet
  facet normal -0.980805 0.194992 0
    outer loop
      vertex 4.38273 23.7491 10
      vertex 4.36104 23.64 3.4
      vertex 4.36104 23.64 10
    endloop
  endfacet
  facet normal 0.321135 -0.947033 0
    outer loop
      vertex 3.21472 24.6453 3.4
      vertex 3.32 24.681 10
      vertex 3.21472 24.6453 10
    endloop
  endfacet
  facet normal 0.321135 -0.947033 0
    outer loop
      vertex 3.32 24.681 10
      vertex 3.21472 24.6453 3.4
      vertex 3.32 24.681 3.4
    endloop
  endfacet
  facet normal -0.321135 0.947033 0
    outer loop
      vertex 3.86528 23.0747 3.4
      vertex 3.76 23.039 10
      vertex 3.86528 23.0747 10
    endloop
  endfacet
  facet normal -0.321135 0.947033 0
    outer loop
      vertex 3.76 23.039 10
      vertex 3.86528 23.0747 3.4
      vertex 3.76 23.039 3.4
    endloop
  endfacet
  facet normal -0.751863 0.659319 0
    outer loop
      vertex 4.14104 23.259 3.4
      vertex 4.21435 23.3426 10
      vertex 4.21435 23.3426 3.4
    endloop
  endfacet
  facet normal -0.751863 0.659319 0
    outer loop
      vertex 4.21435 23.3426 10
      vertex 4.14104 23.259 3.4
      vertex 4.14104 23.259 10
    endloop
  endfacet
  facet normal 0.659821 0.751423 -0
    outer loop
      vertex 3.02255 23.1856 3.4
      vertex 2.93896 23.259 10
      vertex 3.02255 23.1856 10
    endloop
  endfacet
  facet normal 0.659821 0.751423 0
    outer loop
      vertex 2.93896 23.259 10
      vertex 3.02255 23.1856 3.4
      vertex 2.93896 23.259 3.4
    endloop
  endfacet
  facet normal -0.659313 -0.751869 0
    outer loop
      vertex 4.05745 24.5343 3.4
      vertex 4.14104 24.461 10
      vertex 4.05745 24.5343 10
    endloop
  endfacet
  facet normal -0.659313 -0.751869 -0
    outer loop
      vertex 4.14104 24.461 10
      vertex 4.05745 24.5343 3.4
      vertex 4.14104 24.461 3.4
    endloop
  endfacet
  facet normal 0.896825 -0.442386 0
    outer loop
      vertex 2.7547 24.1853 10
      vertex 2.80388 24.285 3.4
      vertex 2.80388 24.285 10
    endloop
  endfacet
  facet normal 0.896825 -0.442386 0
    outer loop
      vertex 2.80388 24.285 3.4
      vertex 2.7547 24.1853 10
      vertex 2.7547 24.1853 3.4
    endloop
  endfacet
  facet normal 0.946943 -0.321403 0
    outer loop
      vertex 2.71896 24.08 10
      vertex 2.7547 24.1853 3.4
      vertex 2.7547 24.1853 10
    endloop
  endfacet
  facet normal 0.946943 -0.321403 0
    outer loop
      vertex 2.7547 24.1853 3.4
      vertex 2.71896 24.08 10
      vertex 2.71896 24.08 3.4
    endloop
  endfacet
  facet normal 0.555115 0.831773 -0
    outer loop
      vertex 3.115 23.1239 3.4
      vertex 3.02255 23.1856 10
      vertex 3.115 23.1239 10
    endloop
  endfacet
  facet normal 0.555115 0.831773 0
    outer loop
      vertex 3.02255 23.1856 10
      vertex 3.115 23.1239 3.4
      vertex 3.02255 23.1856 3.4
    endloop
  endfacet
  facet normal 0.442459 0.896789 -0
    outer loop
      vertex 3.21472 23.0747 3.4
      vertex 3.115 23.1239 10
      vertex 3.21472 23.0747 10
    endloop
  endfacet
  facet normal 0.442459 0.896789 0
    outer loop
      vertex 3.115 23.1239 10
      vertex 3.21472 23.0747 3.4
      vertex 3.115 23.1239 3.4
    endloop
  endfacet
  facet normal -0.659821 0.751423 0
    outer loop
      vertex 4.14104 23.259 3.4
      vertex 4.05745 23.1856 10
      vertex 4.14104 23.259 10
    endloop
  endfacet
  facet normal -0.659821 0.751423 0
    outer loop
      vertex 4.05745 23.1856 10
      vertex 4.14104 23.259 3.4
      vertex 4.05745 23.1856 3.4
    endloop
  endfacet
  facet normal 0.98077 -0.195165 0
    outer loop
      vertex 23.0173 3.65095 10
      vertex 23.039 3.76 3.4
      vertex 23.039 3.76 10
    endloop
  endfacet
  facet normal 0.98077 -0.195165 0
    outer loop
      vertex 23.039 3.76 3.4
      vertex 23.0173 3.65095 10
      vertex 23.0173 3.65095 3.4
    endloop
  endfacet
  facet normal -0.831358 -0.555737 0
    outer loop
      vertex 24.5961 3.965 3.4
      vertex 24.5343 4.05745 10
      vertex 24.5343 4.05745 3.4
    endloop
  endfacet
  facet normal -0.831358 -0.555737 0
    outer loop
      vertex 24.5343 4.05745 10
      vertex 24.5961 3.965 3.4
      vertex 24.5961 3.965 10
    endloop
  endfacet
  facet normal -0.98077 -0.195165 0
    outer loop
      vertex 24.7027 3.65095 3.4
      vertex 24.681 3.76 10
      vertex 24.681 3.76 3.4
    endloop
  endfacet
  facet normal -0.98077 -0.195165 0
    outer loop
      vertex 24.681 3.76 10
      vertex 24.7027 3.65095 3.4
      vertex 24.7027 3.65095 10
    endloop
  endfacet
  facet normal 0.997842 -0.0656534 0
    outer loop
      vertex 23.01 3.54 10
      vertex 23.0173 3.65095 3.4
      vertex 23.0173 3.65095 10
    endloop
  endfacet
  facet normal 0.997842 -0.0656534 0
    outer loop
      vertex 23.0173 3.65095 3.4
      vertex 23.01 3.54 10
      vertex 23.01 3.54 3.4
    endloop
  endfacet
  facet normal -0.659319 0.751863 0
    outer loop
      vertex 24.461 2.93896 3.4
      vertex 24.3774 2.86565 10
      vertex 24.461 2.93896 10
    endloop
  endfacet
  facet normal -0.659319 0.751863 0
    outer loop
      vertex 24.3774 2.86565 10
      vertex 24.461 2.93896 3.4
      vertex 24.3774 2.86565 3.4
    endloop
  endfacet
  facet normal -0.896789 -0.442459 0
    outer loop
      vertex 24.6453 3.86528 3.4
      vertex 24.5961 3.965 10
      vertex 24.5961 3.965 3.4
    endloop
  endfacet
  facet normal -0.896789 -0.442459 0
    outer loop
      vertex 24.5961 3.965 10
      vertex 24.6453 3.86528 3.4
      vertex 24.6453 3.86528 10
    endloop
  endfacet
  facet normal -0.831358 0.555737 0
    outer loop
      vertex 24.5343 3.02255 3.4
      vertex 24.5961 3.115 10
      vertex 24.5961 3.115 3.4
    endloop
  endfacet
  facet normal -0.831358 0.555737 0
    outer loop
      vertex 24.5961 3.115 10
      vertex 24.5343 3.02255 3.4
      vertex 24.5343 3.02255 10
    endloop
  endfacet
  facet normal 0.194992 0.980805 -0
    outer loop
      vertex 23.7491 2.69727 3.4
      vertex 23.64 2.71896 10
      vertex 23.7491 2.69727 10
    endloop
  endfacet
  facet normal 0.194992 0.980805 0
    outer loop
      vertex 23.64 2.71896 10
      vertex 23.7491 2.69727 3.4
      vertex 23.64 2.71896 3.4
    endloop
  endfacet
  facet normal 0.442386 0.896825 -0
    outer loop
      vertex 23.5347 2.7547 3.4
      vertex 23.435 2.80388 10
      vertex 23.5347 2.7547 10
    endloop
  endfacet
  facet normal 0.442386 0.896825 0
    outer loop
      vertex 23.435 2.80388 10
      vertex 23.5347 2.7547 3.4
      vertex 23.435 2.80388 3.4
    endloop
  endfacet
  facet normal 0.896789 0.442459 0
    outer loop
      vertex 23.1239 3.115 10
      vertex 23.0747 3.21472 3.4
      vertex 23.0747 3.21472 10
    endloop
  endfacet
  facet normal 0.896789 0.442459 0
    outer loop
      vertex 23.0747 3.21472 3.4
      vertex 23.1239 3.115 10
      vertex 23.1239 3.115 3.4
    endloop
  endfacet
  facet normal -0.997842 -0.0656534 0
    outer loop
      vertex 24.71 3.54 3.4
      vertex 24.7027 3.65095 10
      vertex 24.7027 3.65095 3.4
    endloop
  endfacet
  facet normal -0.997842 -0.0656534 0
    outer loop
      vertex 24.7027 3.65095 10
      vertex 24.71 3.54 3.4
      vertex 24.71 3.54 10
    endloop
  endfacet
  facet normal 0.0654141 -0.997858 0
    outer loop
      vertex 23.7491 4.38273 3.4
      vertex 23.86 4.39 10
      vertex 23.7491 4.38273 10
    endloop
  endfacet
  facet normal 0.0654141 -0.997858 0
    outer loop
      vertex 23.86 4.39 10
      vertex 23.7491 4.38273 3.4
      vertex 23.86 4.39 3.4
    endloop
  endfacet
  facet normal 0.997842 0.0656534 0
    outer loop
      vertex 23.0173 3.42905 10
      vertex 23.01 3.54 3.4
      vertex 23.01 3.54 10
    endloop
  endfacet
  facet normal 0.997842 0.0656534 0
    outer loop
      vertex 23.01 3.54 3.4
      vertex 23.0173 3.42905 10
      vertex 23.0173 3.42905 3.4
    endloop
  endfacet
  facet normal -0.321403 -0.946943 0
    outer loop
      vertex 24.08 4.36104 3.4
      vertex 24.1853 4.3253 10
      vertex 24.08 4.36104 10
    endloop
  endfacet
  facet normal -0.321403 -0.946943 -0
    outer loop
      vertex 24.1853 4.3253 10
      vertex 24.08 4.36104 3.4
      vertex 24.1853 4.3253 3.4
    endloop
  endfacet
  facet normal 0.555759 0.831344 -0
    outer loop
      vertex 23.435 2.80388 3.4
      vertex 23.3426 2.86565 10
      vertex 23.435 2.80388 10
    endloop
  endfacet
  facet normal 0.555759 0.831344 0
    outer loop
      vertex 23.3426 2.86565 10
      vertex 23.435 2.80388 3.4
      vertex 23.3426 2.86565 3.4
    endloop
  endfacet
  facet normal -0.555759 -0.831344 0
    outer loop
      vertex 24.285 4.27612 3.4
      vertex 24.3774 4.21435 10
      vertex 24.285 4.27612 10
    endloop
  endfacet
  facet normal -0.555759 -0.831344 -0
    outer loop
      vertex 24.3774 4.21435 10
      vertex 24.285 4.27612 3.4
      vertex 24.3774 4.21435 3.4
    endloop
  endfacet
  facet normal 0.442386 -0.896825 0
    outer loop
      vertex 23.435 4.27612 3.4
      vertex 23.5347 4.3253 10
      vertex 23.435 4.27612 10
    endloop
  endfacet
  facet normal 0.442386 -0.896825 0
    outer loop
      vertex 23.5347 4.3253 10
      vertex 23.435 4.27612 3.4
      vertex 23.5347 4.3253 3.4
    endloop
  endfacet
  facet normal -0.896789 0.442459 0
    outer loop
      vertex 24.5961 3.115 3.4
      vertex 24.6453 3.21472 10
      vertex 24.6453 3.21472 3.4
    endloop
  endfacet
  facet normal -0.896789 0.442459 0
    outer loop
      vertex 24.6453 3.21472 10
      vertex 24.5961 3.115 3.4
      vertex 24.5961 3.115 10
    endloop
  endfacet
  facet normal -0.321403 0.946943 0
    outer loop
      vertex 24.1853 2.7547 3.4
      vertex 24.08 2.71896 10
      vertex 24.1853 2.7547 10
    endloop
  endfacet
  facet normal -0.321403 0.946943 0
    outer loop
      vertex 24.08 2.71896 10
      vertex 24.1853 2.7547 3.4
      vertex 24.08 2.71896 3.4
    endloop
  endfacet
  facet normal -0.442386 -0.896825 0
    outer loop
      vertex 24.1853 4.3253 3.4
      vertex 24.285 4.27612 10
      vertex 24.1853 4.3253 10
    endloop
  endfacet
  facet normal -0.442386 -0.896825 -0
    outer loop
      vertex 24.285 4.27612 10
      vertex 24.1853 4.3253 3.4
      vertex 24.285 4.27612 3.4
    endloop
  endfacet
  facet normal 0.896789 -0.442459 0
    outer loop
      vertex 23.0747 3.86528 10
      vertex 23.1239 3.965 3.4
      vertex 23.1239 3.965 10
    endloop
  endfacet
  facet normal 0.896789 -0.442459 0
    outer loop
      vertex 23.1239 3.965 3.4
      vertex 23.0747 3.86528 10
      vertex 23.0747 3.86528 3.4
    endloop
  endfacet
  facet normal -0.997842 0.0656534 0
    outer loop
      vertex 24.7027 3.42905 3.4
      vertex 24.71 3.54 10
      vertex 24.71 3.54 3.4
    endloop
  endfacet
  facet normal -0.997842 0.0656534 0
    outer loop
      vertex 24.71 3.54 10
      vertex 24.7027 3.42905 3.4
      vertex 24.7027 3.42905 10
    endloop
  endfacet
  facet normal -0.659319 -0.751863 0
    outer loop
      vertex 24.3774 4.21435 3.4
      vertex 24.461 4.14104 10
      vertex 24.3774 4.21435 10
    endloop
  endfacet
  facet normal -0.659319 -0.751863 -0
    outer loop
      vertex 24.461 4.14104 10
      vertex 24.3774 4.21435 3.4
      vertex 24.461 4.14104 3.4
    endloop
  endfacet
  facet normal 0.321403 -0.946943 0
    outer loop
      vertex 23.5347 4.3253 3.4
      vertex 23.64 4.36104 10
      vertex 23.5347 4.3253 10
    endloop
  endfacet
  facet normal 0.321403 -0.946943 0
    outer loop
      vertex 23.64 4.36104 10
      vertex 23.5347 4.3253 3.4
      vertex 23.64 4.36104 3.4
    endloop
  endfacet
  facet normal -0.442386 0.896825 0
    outer loop
      vertex 24.285 2.80388 3.4
      vertex 24.1853 2.7547 10
      vertex 24.285 2.80388 10
    endloop
  endfacet
  facet normal -0.442386 0.896825 0
    outer loop
      vertex 24.1853 2.7547 10
      vertex 24.285 2.80388 3.4
      vertex 24.1853 2.7547 3.4
    endloop
  endfacet
  facet normal 0.194992 -0.980805 0
    outer loop
      vertex 23.64 4.36104 3.4
      vertex 23.7491 4.38273 10
      vertex 23.64 4.36104 10
    endloop
  endfacet
  facet normal 0.194992 -0.980805 0
    outer loop
      vertex 23.7491 4.38273 10
      vertex 23.64 4.36104 3.4
      vertex 23.7491 4.38273 3.4
    endloop
  endfacet
  facet normal -0.194992 -0.980805 0
    outer loop
      vertex 23.9709 4.38273 3.4
      vertex 24.08 4.36104 10
      vertex 23.9709 4.38273 10
    endloop
  endfacet
  facet normal -0.194992 -0.980805 -0
    outer loop
      vertex 24.08 4.36104 10
      vertex 23.9709 4.38273 3.4
      vertex 24.08 4.36104 3.4
    endloop
  endfacet
  facet normal -0.0654141 -0.997858 0
    outer loop
      vertex 23.86 4.39 3.4
      vertex 23.9709 4.38273 10
      vertex 23.86 4.39 10
    endloop
  endfacet
  facet normal -0.0654141 -0.997858 -0
    outer loop
      vertex 23.9709 4.38273 10
      vertex 23.86 4.39 3.4
      vertex 23.9709 4.38273 3.4
    endloop
  endfacet
  facet normal -0.194992 0.980805 0
    outer loop
      vertex 24.08 2.71896 3.4
      vertex 23.9709 2.69727 10
      vertex 24.08 2.71896 10
    endloop
  endfacet
  facet normal -0.194992 0.980805 0
    outer loop
      vertex 23.9709 2.69727 10
      vertex 24.08 2.71896 3.4
      vertex 23.9709 2.69727 3.4
    endloop
  endfacet
  facet normal -0.751869 -0.659313 0
    outer loop
      vertex 24.5343 4.05745 3.4
      vertex 24.461 4.14104 10
      vertex 24.461 4.14104 3.4
    endloop
  endfacet
  facet normal -0.751869 -0.659313 0
    outer loop
      vertex 24.461 4.14104 10
      vertex 24.5343 4.05745 3.4
      vertex 24.5343 4.05745 10
    endloop
  endfacet
  facet normal -0.0654141 0.997858 0
    outer loop
      vertex 23.9709 2.69727 3.4
      vertex 23.86 2.69 10
      vertex 23.9709 2.69727 10
    endloop
  endfacet
  facet normal -0.0654141 0.997858 0
    outer loop
      vertex 23.86 2.69 10
      vertex 23.9709 2.69727 3.4
      vertex 23.86 2.69 3.4
    endloop
  endfacet
  facet normal 0.751423 -0.659821 0
    outer loop
      vertex 23.1856 4.05745 10
      vertex 23.259 4.14104 3.4
      vertex 23.259 4.14104 10
    endloop
  endfacet
  facet normal 0.751423 -0.659821 0
    outer loop
      vertex 23.259 4.14104 3.4
      vertex 23.1856 4.05745 10
      vertex 23.1856 4.05745 3.4
    endloop
  endfacet
  facet normal 0.659319 -0.751863 0
    outer loop
      vertex 23.259 4.14104 3.4
      vertex 23.3426 4.21435 10
      vertex 23.259 4.14104 10
    endloop
  endfacet
  facet normal 0.659319 -0.751863 0
    outer loop
      vertex 23.3426 4.21435 10
      vertex 23.259 4.14104 3.4
      vertex 23.3426 4.21435 3.4
    endloop
  endfacet
  facet normal 0.555759 -0.831344 0
    outer loop
      vertex 23.3426 4.21435 3.4
      vertex 23.435 4.27612 10
      vertex 23.3426 4.21435 10
    endloop
  endfacet
  facet normal 0.555759 -0.831344 0
    outer loop
      vertex 23.435 4.27612 10
      vertex 23.3426 4.21435 3.4
      vertex 23.435 4.27612 3.4
    endloop
  endfacet
  facet normal -0.947033 -0.321135 0
    outer loop
      vertex 24.681 3.76 3.4
      vertex 24.6453 3.86528 10
      vertex 24.6453 3.86528 3.4
    endloop
  endfacet
  facet normal -0.947033 -0.321135 0
    outer loop
      vertex 24.6453 3.86528 10
      vertex 24.681 3.76 3.4
      vertex 24.681 3.76 10
    endloop
  endfacet
  facet normal 0.831773 0.555115 0
    outer loop
      vertex 23.1856 3.02255 10
      vertex 23.1239 3.115 3.4
      vertex 23.1239 3.115 10
    endloop
  endfacet
  facet normal 0.831773 0.555115 0
    outer loop
      vertex 23.1239 3.115 3.4
      vertex 23.1856 3.02255 10
      vertex 23.1856 3.02255 3.4
    endloop
  endfacet
  facet normal 0.98077 0.195165 0
    outer loop
      vertex 23.039 3.32 10
      vertex 23.0173 3.42905 3.4
      vertex 23.0173 3.42905 10
    endloop
  endfacet
  facet normal 0.98077 0.195165 0
    outer loop
      vertex 23.0173 3.42905 3.4
      vertex 23.039 3.32 10
      vertex 23.039 3.32 3.4
    endloop
  endfacet
  facet normal 0.321403 0.946943 -0
    outer loop
      vertex 23.64 2.71896 3.4
      vertex 23.5347 2.7547 10
      vertex 23.64 2.71896 10
    endloop
  endfacet
  facet normal 0.321403 0.946943 0
    outer loop
      vertex 23.5347 2.7547 10
      vertex 23.64 2.71896 3.4
      vertex 23.5347 2.7547 3.4
    endloop
  endfacet
  facet normal 0.947033 0.321135 0
    outer loop
      vertex 23.0747 3.21472 10
      vertex 23.039 3.32 3.4
      vertex 23.039 3.32 10
    endloop
  endfacet
  facet normal 0.947033 0.321135 0
    outer loop
      vertex 23.039 3.32 3.4
      vertex 23.0747 3.21472 10
      vertex 23.0747 3.21472 3.4
    endloop
  endfacet
  facet normal 0 0 1
    outer loop
      vertex 24.7027 3.65095 3.4
      vertex 24.7027 3.42905 3.4
      vertex 24.71 3.54 3.4
    endloop
  endfacet
  facet normal 0 0 1
    outer loop
      vertex 24.681 3.76 3.4
      vertex 24.7027 3.42905 3.4
      vertex 24.7027 3.65095 3.4
    endloop
  endfacet
  facet normal 0 0 1
    outer loop
      vertex 24.681 3.76 3.4
      vertex 24.681 3.32 3.4
      vertex 24.7027 3.42905 3.4
    endloop
  endfacet
  facet normal 0 0 1
    outer loop
      vertex 24.6453 3.86528 3.4
      vertex 24.681 3.32 3.4
      vertex 24.681 3.76 3.4
    endloop
  endfacet
  facet normal 0 0 1
    outer loop
      vertex 24.6453 3.86528 3.4
      vertex 24.6453 3.21472 3.4
      vertex 24.681 3.32 3.4
    endloop
  endfacet
  facet normal 0 0 1
    outer loop
      vertex 24.5961 3.965 3.4
      vertex 24.6453 3.21472 3.4
      vertex 24.6453 3.86528 3.4
    endloop
  endfacet
  facet normal 0 0 1
    outer loop
      vertex 24.5961 3.965 3.4
      vertex 24.5961 3.115 3.4
      vertex 24.6453 3.21472 3.4
    endloop
  endfacet
  facet normal 0 0 1
    outer loop
      vertex 24.5343 4.05745 3.4
      vertex 24.5961 3.115 3.4
      vertex 24.5961 3.965 3.4
    endloop
  endfacet
  facet normal 0 0 1
    outer loop
      vertex 24.5343 4.05745 3.4
      vertex 24.5343 3.02255 3.4
      vertex 24.5961 3.115 3.4
    endloop
  endfacet
  facet normal 0 0 1
    outer loop
      vertex 24.461 4.14104 3.4
      vertex 24.5343 3.02255 3.4
      vertex 24.5343 4.05745 3.4
    endloop
  endfacet
  facet normal 0 0 1
    outer loop
      vertex 24.461 4.14104 3.4
      vertex 24.461 2.93896 3.4
      vertex 24.5343 3.02255 3.4
    endloop
  endfacet
  facet normal 0 0 1
    outer loop
      vertex 24.3774 4.21435 3.4
      vertex 24.461 2.93896 3.4
      vertex 24.461 4.14104 3.4
    endloop
  endfacet
  facet normal 0 0 1
    outer loop
      vertex 24.3774 4.21435 3.4
      vertex 24.3774 2.86565 3.4
      vertex 24.461 2.93896 3.4
    endloop
  endfacet
  facet normal 0 0 1
    outer loop
      vertex 24.285 4.27612 3.4
      vertex 24.3774 2.86565 3.4
      vertex 24.3774 4.21435 3.4
    endloop
  endfacet
  facet normal 0 0 1
    outer loop
      vertex 24.285 4.27612 3.4
      vertex 24.285 2.80388 3.4
      vertex 24.3774 2.86565 3.4
    endloop
  endfacet
  facet normal 0 0 1
    outer loop
      vertex 24.1853 4.3253 3.4
      vertex 24.285 2.80388 3.4
      vertex 24.285 4.27612 3.4
    endloop
  endfacet
  facet normal 0 0 1
    outer loop
      vertex 24.1853 4.3253 3.4
      vertex 24.1853 2.7547 3.4
      vertex 24.285 2.80388 3.4
    endloop
  endfacet
  facet normal 0 0 1
    outer loop
      vertex 24.08 4.36104 3.4
      vertex 24.1853 2.7547 3.4
      vertex 24.1853 4.3253 3.4
    endloop
  endfacet
  facet normal 0 0 1
    outer loop
      vertex 24.08 4.36104 3.4
      vertex 24.08 2.71896 3.4
      vertex 24.1853 2.7547 3.4
    endloop
  endfacet
  facet normal 0 0 1
    outer loop
      vertex 23.9709 4.38273 3.4
      vertex 24.08 2.71896 3.4
      vertex 24.08 4.36104 3.4
    endloop
  endfacet
  facet normal 0 0 1
    outer loop
      vertex 23.9709 4.38273 3.4
      vertex 23.9709 2.69727 3.4
      vertex 24.08 2.71896 3.4
    endloop
  endfacet
  facet normal 0 0 1
    outer loop
      vertex 23.86 4.39 3.4
      vertex 23.9709 2.69727 3.4
      vertex 23.9709 4.38273 3.4
    endloop
  endfacet
  facet normal 0 0 1
    outer loop
      vertex 23.86 4.39 3.4
      vertex 23.86 2.69 3.4
      vertex 23.9709 2.69727 3.4
    endloop
  endfacet
  facet normal -0 0 1
    outer loop
      vertex 23.7491 4.38273 3.4
      vertex 23.86 2.69 3.4
      vertex 23.86 4.39 3.4
    endloop
  endfacet
  facet normal 0 0 1
    outer loop
      vertex 23.7491 4.38273 3.4
      vertex 23.7491 2.69727 3.4
      vertex 23.86 2.69 3.4
    endloop
  endfacet
  facet normal -0 0 1
    outer loop
      vertex 23.64 4.36104 3.4
      vertex 23.7491 2.69727 3.4
      vertex 23.7491 4.38273 3.4
    endloop
  endfacet
  facet normal 0 0 1
    outer loop
      vertex 23.64 4.36104 3.4
      vertex 23.64 2.71896 3.4
      vertex 23.7491 2.69727 3.4
    endloop
  endfacet
  facet normal -0 0 1
    outer loop
      vertex 23.5347 4.3253 3.4
      vertex 23.64 2.71896 3.4
      vertex 23.64 4.36104 3.4
    endloop
  endfacet
  facet normal 0 0 1
    outer loop
      vertex 23.5347 4.3253 3.4
      vertex 23.5347 2.7547 3.4
      vertex 23.64 2.71896 3.4
    endloop
  endfacet
  facet normal -0 0 1
    outer loop
      vertex 23.435 4.27612 3.4
      vertex 23.5347 2.7547 3.4
      vertex 23.5347 4.3253 3.4
    endloop
  endfacet
  facet normal 0 0 1
    outer loop
      vertex 23.435 4.27612 3.4
      vertex 23.435 2.80388 3.4
      vertex 23.5347 2.7547 3.4
    endloop
  endfacet
  facet normal -0 0 1
    outer loop
      vertex 23.3426 4.21435 3.4
      vertex 23.435 2.80388 3.4
      vertex 23.435 4.27612 3.4
    endloop
  endfacet
  facet normal 0 0 1
    outer loop
      vertex 23.3426 4.21435 3.4
      vertex 23.3426 2.86565 3.4
      vertex 23.435 2.80388 3.4
    endloop
  endfacet
  facet normal -0 0 1
    outer loop
      vertex 23.259 4.14104 3.4
      vertex 23.3426 2.86565 3.4
      vertex 23.3426 4.21435 3.4
    endloop
  endfacet
  facet normal 0 0 1
    outer loop
      vertex 23.259 4.14104 3.4
      vertex 23.259 2.93896 3.4
      vertex 23.3426 2.86565 3.4
    endloop
  endfacet
  facet normal -0 0 1
    outer loop
      vertex 23.1856 4.05745 3.4
      vertex 23.259 2.93896 3.4
      vertex 23.259 4.14104 3.4
    endloop
  endfacet
  facet normal 0 0 1
    outer loop
      vertex 23.1856 4.05745 3.4
      vertex 23.1856 3.02255 3.4
      vertex 23.259 2.93896 3.4
    endloop
  endfacet
  facet normal -0 0 1
    outer loop
      vertex 23.1239 3.965 3.4
      vertex 23.1856 3.02255 3.4
      vertex 23.1856 4.05745 3.4
    endloop
  endfacet
  facet normal 0 0 1
    outer loop
      vertex 23.1239 3.965 3.4
      vertex 23.1239 3.115 3.4
      vertex 23.1856 3.02255 3.4
    endloop
  endfacet
  facet normal -0 0 1
    outer loop
      vertex 23.0747 3.86528 3.4
      vertex 23.1239 3.115 3.4
      vertex 23.1239 3.965 3.4
    endloop
  endfacet
  facet normal 0 0 1
    outer loop
      vertex 23.0747 3.86528 3.4
      vertex 23.0747 3.21472 3.4
      vertex 23.1239 3.115 3.4
    endloop
  endfacet
  facet normal -0 0 1
    outer loop
      vertex 23.039 3.76 3.4
      vertex 23.0747 3.21472 3.4
      vertex 23.0747 3.86528 3.4
    endloop
  endfacet
  facet normal 0 0 1
    outer loop
      vertex 23.039 3.76 3.4
      vertex 23.039 3.32 3.4
      vertex 23.0747 3.21472 3.4
    endloop
  endfacet
  facet normal -0 0 1
    outer loop
      vertex 23.0173 3.65095 3.4
      vertex 23.039 3.32 3.4
      vertex 23.039 3.76 3.4
    endloop
  endfacet
  facet normal 0 0 1
    outer loop
      vertex 23.0173 3.65095 3.4
      vertex 23.0173 3.42905 3.4
      vertex 23.039 3.32 3.4
    endloop
  endfacet
  facet normal 0 -0 1
    outer loop
      vertex 23.0173 3.42905 3.4
      vertex 23.0173 3.65095 3.4
      vertex 23.01 3.54 3.4
    endloop
  endfacet
  facet normal 0.659319 0.751863 -0
    outer loop
      vertex 23.3426 2.86565 3.4
      vertex 23.259 2.93896 10
      vertex 23.3426 2.86565 10
    endloop
  endfacet
  facet normal 0.659319 0.751863 0
    outer loop
      vertex 23.259 2.93896 10
      vertex 23.3426 2.86565 3.4
      vertex 23.259 2.93896 3.4
    endloop
  endfacet
  facet normal -0.555759 0.831344 0
    outer loop
      vertex 24.3774 2.86565 3.4
      vertex 24.285 2.80388 10
      vertex 24.3774 2.86565 10
    endloop
  endfacet
  facet normal -0.555759 0.831344 0
    outer loop
      vertex 24.285 2.80388 10
      vertex 24.3774 2.86565 3.4
      vertex 24.285 2.80388 3.4
    endloop
  endfacet
  facet normal -0.98077 0.195165 0
    outer loop
      vertex 24.681 3.32 3.4
      vertex 24.7027 3.42905 10
      vertex 24.7027 3.42905 3.4
    endloop
  endfacet
  facet normal -0.98077 0.195165 0
    outer loop
      vertex 24.7027 3.42905 10
      vertex 24.681 3.32 3.4
      vertex 24.681 3.32 10
    endloop
  endfacet
  facet normal -0.947033 0.321135 0
    outer loop
      vertex 24.6453 3.21472 3.4
      vertex 24.681 3.32 10
      vertex 24.681 3.32 3.4
    endloop
  endfacet
  facet normal -0.947033 0.321135 0
    outer loop
      vertex 24.681 3.32 10
      vertex 24.6453 3.21472 3.4
      vertex 24.6453 3.21472 10
    endloop
  endfacet
  facet normal 0.751423 0.659821 0
    outer loop
      vertex 23.259 2.93896 10
      vertex 23.1856 3.02255 3.4
      vertex 23.1856 3.02255 10
    endloop
  endfacet
  facet normal 0.751423 0.659821 0
    outer loop
      vertex 23.1856 3.02255 3.4
      vertex 23.259 2.93896 10
      vertex 23.259 2.93896 3.4
    endloop
  endfacet
  facet normal -0.751869 0.659313 0
    outer loop
      vertex 24.461 2.93896 3.4
      vertex 24.5343 3.02255 10
      vertex 24.5343 3.02255 3.4
    endloop
  endfacet
  facet normal -0.751869 0.659313 0
    outer loop
      vertex 24.5343 3.02255 10
      vertex 24.461 2.93896 3.4
      vertex 24.461 2.93896 10
    endloop
  endfacet
  facet normal 0.831773 -0.555115 0
    outer loop
      vertex 23.1239 3.965 10
      vertex 23.1856 4.05745 3.4
      vertex 23.1856 4.05745 10
    endloop
  endfacet
  facet normal 0.831773 -0.555115 0
    outer loop
      vertex 23.1856 4.05745 3.4
      vertex 23.1239 3.965 10
      vertex 23.1239 3.965 3.4
    endloop
  endfacet
  facet normal 0.947033 -0.321135 0
    outer loop
      vertex 23.039 3.76 10
      vertex 23.0747 3.86528 3.4
      vertex 23.0747 3.86528 10
    endloop
  endfacet
  facet normal 0.947033 -0.321135 0
    outer loop
      vertex 23.0747 3.86528 3.4
      vertex 23.039 3.76 10
      vertex 23.039 3.76 3.4
    endloop
  endfacet
  facet normal 0.0654141 0.997858 -0
    outer loop
      vertex 23.86 2.69 3.4
      vertex 23.7491 2.69727 10
      vertex 23.86 2.69 10
    endloop
  endfacet
  facet normal 0.0654141 0.997858 0
    outer loop
      vertex 23.7491 2.69727 10
      vertex 23.86 2.69 3.4
      vertex 23.7491 2.69727 3.4
    endloop
  endfacet
  facet normal 0.997841 0.0656829 0
    outer loop
      vertex 23.0173 23.7491 10
      vertex 23.01 23.86 3.4
      vertex 23.01 23.86 10
    endloop
  endfacet
  facet normal 0.997841 0.0656829 0
    outer loop
      vertex 23.01 23.86 3.4
      vertex 23.0173 23.7491 10
      vertex 23.0173 23.7491 3.4
    endloop
  endfacet
  facet normal -0.896754 -0.44253 0
    outer loop
      vertex 24.6453 24.1853 3.4
      vertex 24.5961 24.285 10
      vertex 24.5961 24.285 3.4
    endloop
  endfacet
  facet normal -0.896754 -0.44253 0
    outer loop
      vertex 24.5961 24.285 10
      vertex 24.6453 24.1853 3.4
      vertex 24.6453 24.1853 10
    endloop
  endfacet
  facet normal -0.831219 -0.555945 0
    outer loop
      vertex 24.5961 24.285 3.4
      vertex 24.5343 24.3774 10
      vertex 24.5343 24.3774 3.4
    endloop
  endfacet
  facet normal -0.831219 -0.555945 0
    outer loop
      vertex 24.5343 24.3774 10
      vertex 24.5961 24.285 3.4
      vertex 24.5961 24.285 10
    endloop
  endfacet
  facet normal -0.980788 -0.195079 0
    outer loop
      vertex 24.7027 23.9709 3.4
      vertex 24.681 24.08 10
      vertex 24.681 24.08 3.4
    endloop
  endfacet
  facet normal -0.980788 -0.195079 0
    outer loop
      vertex 24.681 24.08 10
      vertex 24.7027 23.9709 3.4
      vertex 24.7027 23.9709 10
    endloop
  endfacet
  facet normal 0.195079 0.980788 -0
    outer loop
      vertex 23.7491 23.0173 3.4
      vertex 23.64 23.039 10
      vertex 23.7491 23.0173 10
    endloop
  endfacet
  facet normal 0.195079 0.980788 0
    outer loop
      vertex 23.64 23.039 10
      vertex 23.7491 23.0173 3.4
      vertex 23.64 23.039 3.4
    endloop
  endfacet
  facet normal 0.997841 -0.0656829 0
    outer loop
      vertex 23.01 23.86 10
      vertex 23.0173 23.9709 3.4
      vertex 23.0173 23.9709 10
    endloop
  endfacet
  facet normal 0.997841 -0.0656829 0
    outer loop
      vertex 23.0173 23.9709 3.4
      vertex 23.01 23.86 10
      vertex 23.01 23.86 3.4
    endloop
  endfacet
  facet normal -0.659268 -0.751908 0
    outer loop
      vertex 24.3774 24.5343 3.4
      vertex 24.461 24.461 10
      vertex 24.3774 24.5343 10
    endloop
  endfacet
  facet normal -0.659268 -0.751908 -0
    outer loop
      vertex 24.461 24.461 10
      vertex 24.3774 24.5343 3.4
      vertex 24.461 24.461 3.4
    endloop
  endfacet
  facet normal 0 0 1
    outer loop
      vertex 24.7027 23.9709 3.4
      vertex 24.7027 23.7491 3.4
      vertex 24.71 23.86 3.4
    endloop
  endfacet
  facet normal 0 0 1
    outer loop
      vertex 24.681 24.08 3.4
      vertex 24.7027 23.7491 3.4
      vertex 24.7027 23.9709 3.4
    endloop
  endfacet
  facet normal 0 0 1
    outer loop
      vertex 24.681 24.08 3.4
      vertex 24.681 23.64 3.4
      vertex 24.7027 23.7491 3.4
    endloop
  endfacet
  facet normal 0 0 1
    outer loop
      vertex 24.6453 24.1853 3.4
      vertex 24.681 23.64 3.4
      vertex 24.681 24.08 3.4
    endloop
  endfacet
  facet normal 0 0 1
    outer loop
      vertex 24.6453 24.1853 3.4
      vertex 24.6453 23.5347 3.4
      vertex 24.681 23.64 3.4
    endloop
  endfacet
  facet normal 0 0 1
    outer loop
      vertex 24.5961 24.285 3.4
      vertex 24.6453 23.5347 3.4
      vertex 24.6453 24.1853 3.4
    endloop
  endfacet
  facet normal 0 0 1
    outer loop
      vertex 24.5961 24.285 3.4
      vertex 24.5961 23.435 3.4
      vertex 24.6453 23.5347 3.4
    endloop
  endfacet
  facet normal 0 0 1
    outer loop
      vertex 24.5343 24.3774 3.4
      vertex 24.5961 23.435 3.4
      vertex 24.5961 24.285 3.4
    endloop
  endfacet
  facet normal 0 0 1
    outer loop
      vertex 24.5343 24.3774 3.4
      vertex 24.5343 23.3426 3.4
      vertex 24.5961 23.435 3.4
    endloop
  endfacet
  facet normal 0 0 1
    outer loop
      vertex 24.461 24.461 3.4
      vertex 24.5343 23.3426 3.4
      vertex 24.5343 24.3774 3.4
    endloop
  endfacet
  facet normal 0 0 1
    outer loop
      vertex 24.461 24.461 3.4
      vertex 24.461 23.259 3.4
      vertex 24.5343 23.3426 3.4
    endloop
  endfacet
  facet normal 0 0 1
    outer loop
      vertex 24.3774 24.5343 3.4
      vertex 24.461 23.259 3.4
      vertex 24.461 24.461 3.4
    endloop
  endfacet
  facet normal 0 0 1
    outer loop
      vertex 24.3774 24.5343 3.4
      vertex 24.3774 23.1856 3.4
      vertex 24.461 23.259 3.4
    endloop
  endfacet
  facet normal 0 0 1
    outer loop
      vertex 24.285 24.5961 3.4
      vertex 24.3774 23.1856 3.4
      vertex 24.3774 24.5343 3.4
    endloop
  endfacet
  facet normal 0 0 1
    outer loop
      vertex 24.285 24.5961 3.4
      vertex 24.285 23.1239 3.4
      vertex 24.3774 23.1856 3.4
    endloop
  endfacet
  facet normal 0 0 1
    outer loop
      vertex 24.1853 24.6453 3.4
      vertex 24.285 23.1239 3.4
      vertex 24.285 24.5961 3.4
    endloop
  endfacet
  facet normal 0 0 1
    outer loop
      vertex 24.1853 24.6453 3.4
      vertex 24.1853 23.0747 3.4
      vertex 24.285 23.1239 3.4
    endloop
  endfacet
  facet normal 0 0 1
    outer loop
      vertex 24.08 24.681 3.4
      vertex 24.1853 23.0747 3.4
      vertex 24.1853 24.6453 3.4
    endloop
  endfacet
  facet normal 0 0 1
    outer loop
      vertex 24.08 24.681 3.4
      vertex 24.08 23.039 3.4
      vertex 24.1853 23.0747 3.4
    endloop
  endfacet
  facet normal 0 0 1
    outer loop
      vertex 23.9709 24.7027 3.4
      vertex 24.08 23.039 3.4
      vertex 24.08 24.681 3.4
    endloop
  endfacet
  facet normal 0 0 1
    outer loop
      vertex 23.9709 24.7027 3.4
      vertex 23.9709 23.0173 3.4
      vertex 24.08 23.039 3.4
    endloop
  endfacet
  facet normal 0 0 1
    outer loop
      vertex 23.86 24.71 3.4
      vertex 23.9709 23.0173 3.4
      vertex 23.9709 24.7027 3.4
    endloop
  endfacet
  facet normal 0 0 1
    outer loop
      vertex 23.86 24.71 3.4
      vertex 23.86 23.01 3.4
      vertex 23.9709 23.0173 3.4
    endloop
  endfacet
  facet normal -0 0 1
    outer loop
      vertex 23.7491 24.7027 3.4
      vertex 23.86 23.01 3.4
      vertex 23.86 24.71 3.4
    endloop
  endfacet
  facet normal 0 0 1
    outer loop
      vertex 23.7491 24.7027 3.4
      vertex 23.7491 23.0173 3.4
      vertex 23.86 23.01 3.4
    endloop
  endfacet
  facet normal -0 0 1
    outer loop
      vertex 23.64 24.681 3.4
      vertex 23.7491 23.0173 3.4
      vertex 23.7491 24.7027 3.4
    endloop
  endfacet
  facet normal 0 0 1
    outer loop
      vertex 23.64 24.681 3.4
      vertex 23.64 23.039 3.4
      vertex 23.7491 23.0173 3.4
    endloop
  endfacet
  facet normal -0 0 1
    outer loop
      vertex 23.5347 24.6453 3.4
      vertex 23.64 23.039 3.4
      vertex 23.64 24.681 3.4
    endloop
  endfacet
  facet normal 0 0 1
    outer loop
      vertex 23.5347 24.6453 3.4
      vertex 23.5347 23.0747 3.4
      vertex 23.64 23.039 3.4
    endloop
  endfacet
  facet normal -0 0 1
    outer loop
      vertex 23.435 24.5961 3.4
      vertex 23.5347 23.0747 3.4
      vertex 23.5347 24.6453 3.4
    endloop
  endfacet
  facet normal 0 0 1
    outer loop
      vertex 23.435 24.5961 3.4
      vertex 23.435 23.1239 3.4
      vertex 23.5347 23.0747 3.4
    endloop
  endfacet
  facet normal -0 0 1
    outer loop
      vertex 23.3426 24.5343 3.4
      vertex 23.435 23.1239 3.4
      vertex 23.435 24.5961 3.4
    endloop
  endfacet
  facet normal 0 0 1
    outer loop
      vertex 23.3426 24.5343 3.4
      vertex 23.3426 23.1856 3.4
      vertex 23.435 23.1239 3.4
    endloop
  endfacet
  facet normal -0 0 1
    outer loop
      vertex 23.259 24.461 3.4
      vertex 23.3426 23.1856 3.4
      vertex 23.3426 24.5343 3.4
    endloop
  endfacet
  facet normal 0 0 1
    outer loop
      vertex 23.259 24.461 3.4
      vertex 23.259 23.259 3.4
      vertex 23.3426 23.1856 3.4
    endloop
  endfacet
  facet normal -0 0 1
    outer loop
      vertex 23.1856 24.3774 3.4
      vertex 23.259 23.259 3.4
      vertex 23.259 24.461 3.4
    endloop
  endfacet
  facet normal 0 0 1
    outer loop
      vertex 23.1856 24.3774 3.4
      vertex 23.1856 23.3426 3.4
      vertex 23.259 23.259 3.4
    endloop
  endfacet
  facet normal -0 0 1
    outer loop
      vertex 23.1239 24.285 3.4
      vertex 23.1856 23.3426 3.4
      vertex 23.1856 24.3774 3.4
    endloop
  endfacet
  facet normal 0 0 1
    outer loop
      vertex 23.1239 24.285 3.4
      vertex 23.1239 23.435 3.4
      vertex 23.1856 23.3426 3.4
    endloop
  endfacet
  facet normal -0 0 1
    outer loop
      vertex 23.0747 24.1853 3.4
      vertex 23.1239 23.435 3.4
      vertex 23.1239 24.285 3.4
    endloop
  endfacet
  facet normal 0 0 1
    outer loop
      vertex 23.0747 24.1853 3.4
      vertex 23.0747 23.5347 3.4
      vertex 23.1239 23.435 3.4
    endloop
  endfacet
  facet normal -0 0 1
    outer loop
      vertex 23.039 24.08 3.4
      vertex 23.0747 23.5347 3.4
      vertex 23.0747 24.1853 3.4
    endloop
  endfacet
  facet normal 0 0 1
    outer loop
      vertex 23.039 24.08 3.4
      vertex 23.039 23.64 3.4
      vertex 23.0747 23.5347 3.4
    endloop
  endfacet
  facet normal -0 0 1
    outer loop
      vertex 23.0173 23.9709 3.4
      vertex 23.039 23.64 3.4
      vertex 23.039 24.08 3.4
    endloop
  endfacet
  facet normal 0 0 1
    outer loop
      vertex 23.0173 23.9709 3.4
      vertex 23.0173 23.7491 3.4
      vertex 23.039 23.64 3.4
    endloop
  endfacet
  facet normal 0 -0 1
    outer loop
      vertex 23.0173 23.7491 3.4
      vertex 23.0173 23.9709 3.4
      vertex 23.01 23.86 3.4
    endloop
  endfacet
  facet normal -0.831219 0.555945 0
    outer loop
      vertex 24.5343 23.3426 3.4
      vertex 24.5961 23.435 10
      vertex 24.5961 23.435 3.4
    endloop
  endfacet
  facet normal -0.831219 0.555945 0
    outer loop
      vertex 24.5961 23.435 10
      vertex 24.5343 23.3426 3.4
      vertex 24.5343 23.3426 10
    endloop
  endfacet
  facet normal 0.751462 -0.659776 0
    outer loop
      vertex 23.1856 24.3774 10
      vertex 23.259 24.461 3.4
      vertex 23.259 24.461 10
    endloop
  endfacet
  facet normal 0.751462 -0.659776 0
    outer loop
      vertex 23.259 24.461 3.4
      vertex 23.1856 24.3774 10
      vertex 23.1856 24.3774 3.4
    endloop
  endfacet
  facet normal -0.195079 0.980788 0
    outer loop
      vertex 24.08 23.039 3.4
      vertex 23.9709 23.0173 10
      vertex 24.08 23.039 10
    endloop
  endfacet
  facet normal -0.195079 0.980788 0
    outer loop
      vertex 23.9709 23.0173 10
      vertex 24.08 23.039 3.4
      vertex 23.9709 23.0173 3.4
    endloop
  endfacet
  facet normal 0.980788 0.195079 0
    outer loop
      vertex 23.039 23.64 10
      vertex 23.0173 23.7491 3.4
      vertex 23.0173 23.7491 10
    endloop
  endfacet
  facet normal 0.980788 0.195079 0
    outer loop
      vertex 23.0173 23.7491 3.4
      vertex 23.039 23.64 10
      vertex 23.039 23.64 3.4
    endloop
  endfacet
  facet normal -0.997841 -0.0656829 0
    outer loop
      vertex 24.71 23.86 3.4
      vertex 24.7027 23.9709 10
      vertex 24.7027 23.9709 3.4
    endloop
  endfacet
  facet normal -0.997841 -0.0656829 0
    outer loop
      vertex 24.7027 23.9709 10
      vertex 24.71 23.86 3.4
      vertex 24.71 23.86 10
    endloop
  endfacet
  facet normal 0.947052 -0.32108 0
    outer loop
      vertex 23.039 24.08 10
      vertex 23.0747 24.1853 3.4
      vertex 23.0747 24.1853 10
    endloop
  endfacet
  facet normal 0.947052 -0.32108 0
    outer loop
      vertex 23.0747 24.1853 3.4
      vertex 23.039 24.08 10
      vertex 23.039 24.08 3.4
    endloop
  endfacet
  facet normal 0.195079 -0.980788 0
    outer loop
      vertex 23.64 24.681 3.4
      vertex 23.7491 24.7027 10
      vertex 23.64 24.681 10
    endloop
  endfacet
  facet normal 0.195079 -0.980788 0
    outer loop
      vertex 23.7491 24.7027 10
      vertex 23.64 24.681 3.4
      vertex 23.7491 24.7027 3.4
    endloop
  endfacet
  facet normal 0.980788 -0.195079 0
    outer loop
      vertex 23.0173 23.9709 10
      vertex 23.039 24.08 3.4
      vertex 23.039 24.08 10
    endloop
  endfacet
  facet normal 0.980788 -0.195079 0
    outer loop
      vertex 23.039 24.08 3.4
      vertex 23.0173 23.9709 10
      vertex 23.0173 23.9709 3.4
    endloop
  endfacet
  facet normal 0.0656829 0.997841 -0
    outer loop
      vertex 23.86 23.01 3.4
      vertex 23.7491 23.0173 10
      vertex 23.86 23.01 10
    endloop
  endfacet
  facet normal 0.0656829 0.997841 0
    outer loop
      vertex 23.7491 23.0173 10
      vertex 23.86 23.01 3.4
      vertex 23.7491 23.0173 3.4
    endloop
  endfacet
  facet normal -0.0656829 -0.997841 0
    outer loop
      vertex 23.86 24.71 3.4
      vertex 23.9709 24.7027 10
      vertex 23.86 24.71 10
    endloop
  endfacet
  facet normal -0.0656829 -0.997841 -0
    outer loop
      vertex 23.9709 24.7027 10
      vertex 23.86 24.71 3.4
      vertex 23.9709 24.7027 3.4
    endloop
  endfacet
  facet normal -0.195079 -0.980788 0
    outer loop
      vertex 23.9709 24.7027 3.4
      vertex 24.08 24.681 10
      vertex 23.9709 24.7027 10
    endloop
  endfacet
  facet normal -0.195079 -0.980788 -0
    outer loop
      vertex 24.08 24.681 10
      vertex 23.9709 24.7027 3.4
      vertex 24.08 24.681 3.4
    endloop
  endfacet
  facet normal -0.896754 0.44253 0
    outer loop
      vertex 24.5961 23.435 3.4
      vertex 24.6453 23.5347 10
      vertex 24.6453 23.5347 3.4
    endloop
  endfacet
  facet normal -0.896754 0.44253 0
    outer loop
      vertex 24.6453 23.5347 10
      vertex 24.5961 23.435 3.4
      vertex 24.5961 23.435 10
    endloop
  endfacet
  facet normal 0.751462 0.659776 0
    outer loop
      vertex 23.259 23.259 10
      vertex 23.1856 23.3426 3.4
      vertex 23.1856 23.3426 10
    endloop
  endfacet
  facet normal 0.751462 0.659776 0
    outer loop
      vertex 23.1856 23.3426 3.4
      vertex 23.259 23.259 10
      vertex 23.259 23.259 3.4
    endloop
  endfacet
  facet normal -0.751908 -0.659268 0
    outer loop
      vertex 24.5343 24.3774 3.4
      vertex 24.461 24.461 10
      vertex 24.461 24.461 3.4
    endloop
  endfacet
  facet normal -0.751908 -0.659268 0
    outer loop
      vertex 24.461 24.461 10
      vertex 24.5343 24.3774 3.4
      vertex 24.5343 24.3774 10
    endloop
  endfacet
  facet normal -0.32108 -0.947052 0
    outer loop
      vertex 24.08 24.681 3.4
      vertex 24.1853 24.6453 10
      vertex 24.08 24.681 10
    endloop
  endfacet
  facet normal -0.32108 -0.947052 -0
    outer loop
      vertex 24.1853 24.6453 10
      vertex 24.08 24.681 3.4
      vertex 24.1853 24.6453 3.4
    endloop
  endfacet
  facet normal 0.659268 -0.751908 0
    outer loop
      vertex 23.259 24.461 3.4
      vertex 23.3426 24.5343 10
      vertex 23.259 24.461 10
    endloop
  endfacet
  facet normal 0.659268 -0.751908 0
    outer loop
      vertex 23.3426 24.5343 10
      vertex 23.259 24.461 3.4
      vertex 23.3426 24.5343 3.4
    endloop
  endfacet
  facet normal -0.0656829 0.997841 0
    outer loop
      vertex 23.9709 23.0173 3.4
      vertex 23.86 23.01 10
      vertex 23.9709 23.0173 10
    endloop
  endfacet
  facet normal -0.0656829 0.997841 0
    outer loop
      vertex 23.86 23.01 10
      vertex 23.9709 23.0173 3.4
      vertex 23.86 23.01 3.4
    endloop
  endfacet
  facet normal -0.44253 -0.896754 0
    outer loop
      vertex 24.1853 24.6453 3.4
      vertex 24.285 24.5961 10
      vertex 24.1853 24.6453 10
    endloop
  endfacet
  facet normal -0.44253 -0.896754 -0
    outer loop
      vertex 24.285 24.5961 10
      vertex 24.1853 24.6453 3.4
      vertex 24.285 24.5961 3.4
    endloop
  endfacet
  facet normal -0.555945 -0.831219 0
    outer loop
      vertex 24.285 24.5961 3.4
      vertex 24.3774 24.5343 10
      vertex 24.285 24.5961 10
    endloop
  endfacet
  facet normal -0.555945 -0.831219 -0
    outer loop
      vertex 24.3774 24.5343 10
      vertex 24.285 24.5961 3.4
      vertex 24.3774 24.5343 3.4
    endloop
  endfacet
  facet normal 0.0656829 -0.997841 0
    outer loop
      vertex 23.7491 24.7027 3.4
      vertex 23.86 24.71 10
      vertex 23.7491 24.7027 10
    endloop
  endfacet
  facet normal 0.0656829 -0.997841 0
    outer loop
      vertex 23.86 24.71 10
      vertex 23.7491 24.7027 3.4
      vertex 23.86 24.71 3.4
    endloop
  endfacet
  facet normal -0.947052 -0.32108 0
    outer loop
      vertex 24.681 24.08 3.4
      vertex 24.6453 24.1853 10
      vertex 24.6453 24.1853 3.4
    endloop
  endfacet
  facet normal -0.947052 -0.32108 0
    outer loop
      vertex 24.6453 24.1853 10
      vertex 24.681 24.08 3.4
      vertex 24.681 24.08 10
    endloop
  endfacet
  facet normal 0.32108 -0.947052 0
    outer loop
      vertex 23.5347 24.6453 3.4
      vertex 23.64 24.681 10
      vertex 23.5347 24.6453 10
    endloop
  endfacet
  facet normal 0.32108 -0.947052 0
    outer loop
      vertex 23.64 24.681 10
      vertex 23.5347 24.6453 3.4
      vertex 23.64 24.681 3.4
    endloop
  endfacet
  facet normal 0.44253 -0.896754 0
    outer loop
      vertex 23.435 24.5961 3.4
      vertex 23.5347 24.6453 10
      vertex 23.435 24.5961 10
    endloop
  endfacet
  facet normal 0.44253 -0.896754 0
    outer loop
      vertex 23.5347 24.6453 10
      vertex 23.435 24.5961 3.4
      vertex 23.5347 24.6453 3.4
    endloop
  endfacet
  facet normal -0.44253 0.896754 0
    outer loop
      vertex 24.285 23.1239 3.4
      vertex 24.1853 23.0747 10
      vertex 24.285 23.1239 10
    endloop
  endfacet
  facet normal -0.44253 0.896754 0
    outer loop
      vertex 24.1853 23.0747 10
      vertex 24.285 23.1239 3.4
      vertex 24.1853 23.0747 3.4
    endloop
  endfacet
  facet normal 0.831635 0.555323 0
    outer loop
      vertex 23.1856 23.3426 10
      vertex 23.1239 23.435 3.4
      vertex 23.1239 23.435 10
    endloop
  endfacet
  facet normal 0.831635 0.555323 0
    outer loop
      vertex 23.1239 23.435 3.4
      vertex 23.1856 23.3426 10
      vertex 23.1856 23.3426 3.4
    endloop
  endfacet
  facet normal -0.997841 0.0656829 0
    outer loop
      vertex 24.7027 23.7491 3.4
      vertex 24.71 23.86 10
      vertex 24.71 23.86 3.4
    endloop
  endfacet
  facet normal -0.997841 0.0656829 0
    outer loop
      vertex 24.71 23.86 10
      vertex 24.7027 23.7491 3.4
      vertex 24.7027 23.7491 10
    endloop
  endfacet
  facet normal 0.831635 -0.555323 0
    outer loop
      vertex 23.1239 24.285 10
      vertex 23.1856 24.3774 3.4
      vertex 23.1856 24.3774 10
    endloop
  endfacet
  facet normal 0.831635 -0.555323 0
    outer loop
      vertex 23.1856 24.3774 3.4
      vertex 23.1239 24.285 10
      vertex 23.1239 24.285 3.4
    endloop
  endfacet
  facet normal 0.555945 -0.831219 0
    outer loop
      vertex 23.3426 24.5343 3.4
      vertex 23.435 24.5961 10
      vertex 23.3426 24.5343 10
    endloop
  endfacet
  facet normal 0.555945 -0.831219 0
    outer loop
      vertex 23.435 24.5961 10
      vertex 23.3426 24.5343 3.4
      vertex 23.435 24.5961 3.4
    endloop
  endfacet
  facet normal -0.555323 0.831635 0
    outer loop
      vertex 24.3774 23.1856 3.4
      vertex 24.285 23.1239 10
      vertex 24.3774 23.1856 10
    endloop
  endfacet
  facet normal -0.555323 0.831635 0
    outer loop
      vertex 24.285 23.1239 10
      vertex 24.3774 23.1856 3.4
      vertex 24.285 23.1239 3.4
    endloop
  endfacet
  facet normal -0.980788 0.195079 0
    outer loop
      vertex 24.681 23.64 3.4
      vertex 24.7027 23.7491 10
      vertex 24.7027 23.7491 3.4
    endloop
  endfacet
  facet normal -0.980788 0.195079 0
    outer loop
      vertex 24.7027 23.7491 10
      vertex 24.681 23.64 3.4
      vertex 24.681 23.64 10
    endloop
  endfacet
  facet normal -0.947052 0.32108 0
    outer loop
      vertex 24.6453 23.5347 3.4
      vertex 24.681 23.64 10
      vertex 24.681 23.64 3.4
    endloop
  endfacet
  facet normal -0.947052 0.32108 0
    outer loop
      vertex 24.681 23.64 10
      vertex 24.6453 23.5347 3.4
      vertex 24.6453 23.5347 10
    endloop
  endfacet
  facet normal 0.947052 0.32108 0
    outer loop
      vertex 23.0747 23.5347 10
      vertex 23.039 23.64 3.4
      vertex 23.039 23.64 10
    endloop
  endfacet
  facet normal 0.947052 0.32108 0
    outer loop
      vertex 23.039 23.64 3.4
      vertex 23.0747 23.5347 10
      vertex 23.0747 23.5347 3.4
    endloop
  endfacet
  facet normal 0.555323 0.831635 -0
    outer loop
      vertex 23.435 23.1239 3.4
      vertex 23.3426 23.1856 10
      vertex 23.435 23.1239 10
    endloop
  endfacet
  facet normal 0.555323 0.831635 0
    outer loop
      vertex 23.3426 23.1856 10
      vertex 23.435 23.1239 3.4
      vertex 23.3426 23.1856 3.4
    endloop
  endfacet
  facet normal -0.32108 0.947052 0
    outer loop
      vertex 24.1853 23.0747 3.4
      vertex 24.08 23.039 10
      vertex 24.1853 23.0747 10
    endloop
  endfacet
  facet normal -0.32108 0.947052 0
    outer loop
      vertex 24.08 23.039 10
      vertex 24.1853 23.0747 3.4
      vertex 24.08 23.039 3.4
    endloop
  endfacet
  facet normal -0.659776 0.751462 0
    outer loop
      vertex 24.461 23.259 3.4
      vertex 24.3774 23.1856 10
      vertex 24.461 23.259 10
    endloop
  endfacet
  facet normal -0.659776 0.751462 0
    outer loop
      vertex 24.3774 23.1856 10
      vertex 24.461 23.259 3.4
      vertex 24.3774 23.1856 3.4
    endloop
  endfacet
  facet normal 0.896754 0.44253 0
    outer loop
      vertex 23.1239 23.435 10
      vertex 23.0747 23.5347 3.4
      vertex 23.0747 23.5347 10
    endloop
  endfacet
  facet normal 0.896754 0.44253 0
    outer loop
      vertex 23.0747 23.5347 3.4
      vertex 23.1239 23.435 10
      vertex 23.1239 23.435 3.4
    endloop
  endfacet
  facet normal -0.751908 0.659268 0
    outer loop
      vertex 24.461 23.259 3.4
      vertex 24.5343 23.3426 10
      vertex 24.5343 23.3426 3.4
    endloop
  endfacet
  facet normal -0.751908 0.659268 0
    outer loop
      vertex 24.5343 23.3426 10
      vertex 24.461 23.259 3.4
      vertex 24.461 23.259 10
    endloop
  endfacet
  facet normal 0.659776 0.751462 -0
    outer loop
      vertex 23.3426 23.1856 3.4
      vertex 23.259 23.259 10
      vertex 23.3426 23.1856 10
    endloop
  endfacet
  facet normal 0.659776 0.751462 0
    outer loop
      vertex 23.259 23.259 10
      vertex 23.3426 23.1856 3.4
      vertex 23.259 23.259 3.4
    endloop
  endfacet
  facet normal 0.32108 0.947052 -0
    outer loop
      vertex 23.64 23.039 3.4
      vertex 23.5347 23.0747 10
      vertex 23.64 23.039 10
    endloop
  endfacet
  facet normal 0.32108 0.947052 0
    outer loop
      vertex 23.5347 23.0747 10
      vertex 23.64 23.039 3.4
      vertex 23.5347 23.0747 3.4
    endloop
  endfacet
  facet normal 0.896754 -0.44253 0
    outer loop
      vertex 23.0747 24.1853 10
      vertex 23.1239 24.285 3.4
      vertex 23.1239 24.285 10
    endloop
  endfacet
  facet normal 0.896754 -0.44253 0
    outer loop
      vertex 23.1239 24.285 3.4
      vertex 23.0747 24.1853 10
      vertex 23.0747 24.1853 3.4
    endloop
  endfacet
  facet normal 0.44253 0.896754 -0
    outer loop
      vertex 23.5347 23.0747 3.4
      vertex 23.435 23.1239 10
      vertex 23.5347 23.0747 10
    endloop
  endfacet
  facet normal 0.44253 0.896754 0
    outer loop
      vertex 23.435 23.1239 10
      vertex 23.5347 23.0747 3.4
      vertex 23.435 23.1239 3.4
    endloop
  endfacet
endsolid OpenSCAD_Model
